text,label
"자꾸 아 이건 다들 초등학교때 배웠을 텐데~ 하면서 설명 생략하시는데
그거 고딩 화2 과정이엇는디요...
기만 대박임",0
시험이 11월에 끝나는 ㅂㅅ이 있다?,0
"연애하고 싶다 이런건 아니고 (이미 남친 있음)

최근에 축하 받을 일 생겼는데 남친은 포항에 있지, 부모님은 외국에 계시지 우리 친척들은 나한테 관심 없지 내 친한 친구 2명은 맨날 바쁘대지 학교에 친구 없지

진짜 혼밥 하면서 내 자신을 축하해주는 내 모습이 너무 쓸쓸해보여...",0
"이제 복전이라고 뜨게 주잖아... 그래도 회사에서 볼 때는 복전이라도 상경학위 있는게 더 낫겠지?
물론 스펙이 비슷한데 상경 복전, 상경 원전공 있으면 원전공자를 뽑겠지만 아예 복전도 안 한것 보다는 좋겠지?
아니 이제 복전 뜨니깐 소용없으니 그냥 복전 하지말라고 부모님이 그러시더라고",0
"오뚜기 정신을 본받아 숱한 실패에도 마음을 다잡고 다시 도전하는 사람이 멋진 사람이다.
멋진 사람이 되고자 멋져 보이는 사람들 곁에 있으려 노력했고 스스로도 부단히 반성했지만 능력 부족으로 스스로에 대한 확신도, 비전도, 끈기도, 열정도 사라져 스스로가 생각하기에 가장 혐오스러운 회색 사람이 되어 버렸다.
자타공인의 좋은 피드백을 받을 정도로 잘 해야 하는데 그렇지 못함에 슬프다.
과정 속에 있어서 온전한 결과물이 어떨지 알지 못하기에 더더욱 타인 앞에 나설 수 없고 위축되는 것 같다.
자꾸만 늦잠을 자고 싶고
이불 속에서 나오기 싫고
밖으로 도망가거나
책상 밑으로 숨고 싶은 건
이런 이유에서일 거라 생각한다.",1
살려주세요...,1
"내가 워낙 완벽주의자이기도하고 학업, 예체능 등을 포함한 여러 면에서 오빠보다 출중하단말이야 (객관적으로 다들 그렇게 말해, 가족제외)
그래서 그런지 엄마는 더 오빠 기 세워주려고 하는 말인지 맨날 오빠는 손재주가 참 좋다, 성격이 참 좋다, 재능이 있다,, 이렇게 직접적으로 좋은 말을 많이 해주는데
나한테는 절대 칭찬 안 해줘, 공부 잘해도 그냥 그러려니, 다른 것들도 남이 엄마한테 "" **이 참 이것저것 다 잘한다~"" 라고 말하면 항상 ""**이는 뭐든 열심히 해, 노력하는 스타일이야"" 이런식으로만 말해.
물론 맞는 말이야, 난 어릴적부터 애정결핍이였던 것 같고 그래서 더 열심히 살았고 뭐든 오빠보다는 잘 하려고 했었어, 노력파가 맞아, 하지만 어른이 되었고 시간이 많이 흘렀는데도 엄마한테 항상 서운한 마음이야. 그래서 더 틱틱대고 소통하기 싫어져, 가장 나를 아껴주고 보듬어줘야 할 사람이 되려 내 자존감 깎고 있는 것 같아서 솔직히 마주보고싶지도 않아.
그런데 엄마도 마음이 여려서 요즘 우울해보인단 말이지, 그 모습을 내가 또 그냥 못봐서 잘해주고 싶어해, 그런데 내가 좋은 곳 데려가고 기쁘게 해주려 해도 엄마는 뭐든 오빠랑 하고싶어하는 것 같고 나랑 있는 걸 별로 안 좋아하는 것 같아서.. 그냥 뫼비우스의 띠 같아.

다들 집에서 어때
혹시 나처럼 차별대우 당하는 사람 또 있니..",0
자리좀 반납하구가라ㅠ,0
"괜찮아, 안 괜찮아도.

집중이 안 되어도, 하루종일 멍해도
괜히 불안해하지 말고
할 수 있는 일을 하나씩 해봐",1
"차 타고 가야되나

시즌권 살 건데 좀 머네..?",0
다시태어나고싶다,1
며칠 전엔 족보 사기당했다는 글 있었는데 오늘은 아이패드네,0
공부하다 졸았는데 잠이 확깨네 시발시발시발,0
죽고싶다,1
"우울증 자조모임 하실분 구해요 세명이상부터 진행할거고 한분만 더 구해지면 시작할려구요! 일 이주에 한번 모여서 서로의 힘든점 극복 방법 하루를 어떻게 보냈는지 어떻게 보내고 싶은지 등에 대해 이야기 하려고 합니다.
익명으로 오셔서 서로 나이 이름 학과등은 안 물어볼 예정이구요.
장소는 율전입니다.",1
ㅇㅅㅇ !!,0
자꾸 벗겨지는데 구두 수선집? 가면 되나..??,0
"건강하지 않은 것 아닐까 싶은 생각이 요즘 들어. 그냥 별 대단한 이유는 없는데 한번 기분이 가라앉으면 그걸 감당하지 못하겠어. 그냥 단순히 내가 약한걸까? 어제는 그냥...나가야 하는데 옷이 너무 안 예뻐서, 내가 너무 뚱뚱해서, 기분이 안 좋은거야. 그래서 하루종일 기분이 안 좋았어. 그것 때문에 내내 안 좋은건 아니었는데, 그냥 그걸 시작으로 그 다음엔 이유도 없이 그냥 기분이 안 좋았어. 거기에 사로잡혀서 아무것도 못했어. 그냥 그에 섞여 죽을 것처럼. 오늘도 그래. 그냥 대화가 잘 안 풀려서 기분이 안 좋았는데, 그거로 또 확 가라앉네. 그냥 또. 그냥 내가 한심한 것 같아. 그냥 내가 한심해. 그냥 내가 한심한 탓인 것 같아. 남들은 그렇게 열심히 살고 그렇게 이겨내고 그렇게 멋지게 사는데 나는 고작 옷이 안 예뻐서 대화가 안 풀려서 이러고 있다는게 나는 너무 약한걸까 이것마저 자기연민일까.",1
수원이나 서울에 좋은 상담센터 추천받아요 인지치료 가능한 곳이면 더 좋구요,1
"자존감이 너무 낮은 애들
어떻게 극복했니 ㅠ
난 내 상태를 아니까 티 안내려고
남들한텐 괜찮아보이려고 엄청 노력하는데
혼자 있으면 너무 무기력해져.......",1
우울이 디폴트가 된 지 오래되니까 벗어날 방법도 모르겠고.. 그냥 꾸역꾸역 산다 기계처럼,1
진짜 절대 못하나요? 학교에 전화해도 안되나요?,0
1번문제 쪽지보냈는데 채팅창에 18번에 쓰라고 공지했다고..ㅋㅋㅋㅋㅋ 혹시 확인한 사람 있어? 답쓰느라 시간 부족해서 확인못했는데..,0
"친구도 없고 애인도 없고 하고 싶은 일도 없다 허허
나 진짜 한심해",1
"여기서는 학생들이 원룸 구하면서 만나는 게 대부분이다 보니 좀 안좋은 인식/이미지가 많이 퍼져있는 것 같아 중개수수료는 당연하듯이 최대한 깎으라는 말도 많고... 물론 돈 적게 들이면 좋은 거긴 한데 사실 원룸 중개수수료는 진짜 얼마 하지도 않거든
부모님이 원룸촌은 아니지만 본가 아파트 단지에서 부동산 하시는데 수수료 깎아주는 걸 당연하게 여기는 사람이 너무 많아서 속상함... 아파트는 억단위로 거래되다 보니까 수수료도 많이 나와서 부담인 건 알겠는데 우리 부모님은 항상 몇십만원씩 깎아주시거든 물론 이상하고 나쁜 사람들도 있겠지만 다들 너무 부정적인 이미지만 가지진 않아줬으면 좋겠어ㅎㅎ 안 그래도 최근에 법 개정으로 수수료율 절반 이하로 똑 떨어져서 힘든데 깎아주면 감사인사 정도는 하자!",0
행렬 minors confactors도 3x3으로 나오는데 어째서 계속 틀리는거죠??? 여러분의 이해를 돕기위한 이미지 참고부탁,0
"아니 좀 내가 싫다고 의사표현을 하면 안 했으면 좋겠어. 아무리 부모라도. 아무리 날 낳은 주인이더라도.

내가 싫다고 한 두 번 얘기했으면 좀 들었으면 좋겠어. 100번 넘게 얘기해도 비웃거나 장난치며 반응하는 거 죽이고 싶어. 사람 미치게 만드는 건 진짜 한 재주 하는 것 같아.

벽에다 얘기하는 것보다 훨씬 사람을 미치게 해.",1
"소개팅하는사람 186 이래...
괜찮...겠지?",0
"따따따라라라따따따라라라따따
따따따라라라따따따라라라따따

막 이래요
남자 팝송 ㅠㅠ",0
요즘도 카운슬링센터 한 달 정도 대기하나요? 명륜이에요,1
"다들 자신의 연인과 함께 길을 걸어가는데, 저는 계속 혼자 걷게되네요.",1
잇나? 없나?,0
홈으로 가즈아,0
"글이나 댓글 적을때마다 익명 계속 눌러줘야하는거야??
개 귀찮음 ㅠㅠ
내가 모르는 설정 버튼 없을까?",0
"오늘 처음으로 병원 가봤어요
결과를 기다리는 동안에도 내가 그냥 오버한 것이면 좋겠다고 생각했는데 생각보다 결과가 안좋았어요
우울증, 불안장애 진단을 받았고 공황장애에 가까운 상황이라고 말씀하셨어요

병원에서 나오고 아빠랑 통화했는데 눈물이 많이 났어요
정말 도움이 필요하다는 사실을 인정해야 하고, 좋지못한 소식을 전해드린 것에 대한 죄송함, 그럼에도 불구하고 치료하면 된다, 너무 마음쓰지 말라고 말해주시는 감사함.

후련하기도 하고 초조하기도 한 밤이네요. 치료 꾸준히 받으면 나아질 수 있겠죠..? 언젠가부터 생각조차 하지 않게 되었던 행복이란 감정도 느낄 수 있게 되겠죠..? 우울증 초보라 우왕좌왕하는 저에게 잘 될거라고 한 마디만 해주신다면 감사하겠습니다

좋은 밤 되세요",1
"취준때매 우울증 걸리겠다

나름 고딩때는 공부 잘하고 성실했는데 인생",1
학교 진짜 오랜만에 가서 모르겠음,0
"상황은 작년이랑 비슷한데, 내 상태가 너무 안좋은거야 그래서 보니까 일기를 작년엔 좀 쓰다가 올해들어 한번도 안썼더라고

어제 새벽에 일기쓰고 딴짓 할 기운도 없이 그냥 자버렸더니 오늘 컨디션도 훨씬 나아진거같아",1
자기 고민 적고 가봐요,1
내가 이 게시판을 반년만에 들어오다니 아직 우울하긴 해도 많이 건강해졌구나 나,1
"요즘은 개그콘서트 달인이랑 시청률의제왕 보고있음

이거 보면 정신놓고 웃더라 근데 점점 볼게 없어져서",0
브실골도 밴픽 전적보고넣어?,0
괜찮은 정신병원 선정하는 법 어떻게 해야할까요 ㅠㅠ,1
12번 ㄱ 왜 틀린거야..?,0
예관은 왜 5층일까,1
"우울증은 아니지만 심각한 고민이 있어요.

저는 중학교때 반장이나 앞에 나서는걸 좋아해서 선생님들께 예쁨을 많이 받았었어요. 그래서인지 참 말도안되는 이유로 또래친구들에게 갖은 뒷담화,앞담화까지 다 들었는데, 지금이야 기억도 잘안나지만 사춘기었던 그때에는 정말 스트레스였어요.
그러면서 성격이 소극적으로 많이변했는데, 당연한 의사표현도 제대로 못해요. 성인이 되고나서부터는 이게 큰 불편함으로 와닿더라고요. 부당한 일을 당하고도 화내긴커녕 거부하는 말도 못해요. 해보려고 여러번 노력했는데 그냥 아예 입밖으로 그 말이 안나와요. 너무 답답해서 미치겠는데 정말 못하겠어요. 또래들에게 미움받았던게 트라우마가 된것일까요.. 그 이전에는 화도 잘내고 의사도 똑부러지게 표현했는데 속상해요.
정신과에 가볼까요??이런 이유로 정신과가는 사람도 있나요ㅜㅜ",1
"불면증 심하신 분들

- 마그네슘 영양제 먹기 (본인: 아이허브 닥터스베스트)
- 저녁에 따뜻한 우유나 차 마시기(캐모마일 등)
- 낮에 햇빛 쬐기 (*의사가 강조했음), 깨어있기
- 잠들기 2~4시간 전 운동하거나 스트레칭(요가/폼롤러 추천) 하기
- (여자분) 제 경우 pms 기간에 극심해짐: 너무 스트레스 받지 않도록 마인드컨트롤
- 아침에 일어나서 다시 잠들지 않기, 일어날 때 창문 자연광으로 깨는 게 생체리듬에 좋더라고요
- 수면앱 쓰기 (기록용)
- 잘 때 본인한테 맞는 asmr 듣기
- 잡생각/걱정 의식적으로 지우기: 같은 생각을 반복적으로 하거나, 심호흡 하기. 안되면 차라리 지루한 다른 거 하기(본인: 헌법조문 읽기)

한 번 시도해보세요. 제가 불면증 심해진 요 한두달 해본 것들인데 요즘 많이 나아졌고, 어젠 참 오랜만에 자다가 중간에 깨지 않았어요. 원래는 한두시간 만에 잠들고 새벽에 세네번 깨느라 미치는 줄 알았거든요.

저는 소음 때문에 귀마개 끼고 자느라 asmr 못 들어서, 10분 눈 감고 있어도 잠 안 오는 것 같으면 요즘은 헌법 조문 읽어요. 한 5~10분 정도 읽으면 지루하고 눈 감겨요. 재밌는 거 읽으면 절대 안돼요. 전공책 철학책이나 고전소설도 괜찮을 것 같아요.

불면증 때문에 병원은 따로 안 갔는데, 피부과 저녁약에 약간 졸리는 성분이 있긴 했어요. 정신과 약 복용하시는 분들도 저녁약 졸리는 성분이라 비슷한 여건일 거예요.",1
"사고가 났으면 좋겠어.
내 스스로 목숨을 끊으면 부모님이 너무 슬퍼하실테니까..",1
"애들아 나
오후쯤이 되어야 좀 더 차분해지고 집중이 더 잘 되는 느낌이라.. 그제서야 공부를 해.. 그냥 밤형 인간인건가?? 약이라도 먹어야 할까?",1
동갑 말고 친한 오빠 동생 or 친한 누나 동생 사이에서 둘이서 여행 갈 수 있다 생각해?,0
나 같은 건 죽어 없어져야 해,1
"요즘 왜이리 짜증이 잘나지... 마음도 조급해지고...
어제도 감정 조절 못하고 순간적으로 화나서 엄마한테 못 할 말 해버렸다...

난 왜 이러지.. 많이 부족하다 부족해... 지금도 화가나네....",1
"오늘도 어김없이 죽고 싶다는 생각이 든다
도망치듯이 집을 빠져 나왔다
어디서 죽는게 좋을지 둘러본다
그 와중에 남들은 하하호호 웃으면 밥을 먹는다",1
"요즘 왤케 우울하냐

돈 써도 잠깐
맛있는 걸 먹어도 잠깐
어딜 놀러가도 잠깐 뿐이네",1
"내 우울의 원인은 뭘까
근데 원인을 알아낸다고 나아질까",1
속이 너무 울렁거린다..ㅠ,1
"열심히 살아보고싶은데 왜 또 무기력해지고 우울해질까
마음잡고 부지런히 딴생각없이 살아보려해도 2주를 못가는듯
주변에 사람도 없고 연인도 없고 의지할데도 없고
내 운명을 내가 바꿔보고싶은데 그냥 타고난 팔자가 이렇다고 체념하고 싶고",1
약한 편이라서 백신 맞고 엄청 아플 줄 알았더니 왜 이렇게 멀쩡하지? 평소 컨디션이랑 똑같고 오히려 너무 멀쩡해서 이상해. 1차때는 정말 멀쩡했고 2차 맞고 일주일 지났는데 멀쩡해,0
"여자친구랑 3년 사귐
근데 여친은 나전에 전남친이랑 2년 동거수준으로 함
나는 첫여친이라 처음인데 얘는 진짜 전남친이랑 맨날 집에서 살면서 했을거란 생각에 3년이 지났는데도 불쑥불쑥 열받음",0
너무멱고싶다………….,0
글 리젠이 줄어듦..,0
"이건 세탁 어떻게 해야한다는 뜻인지 알려줄사람…
처음 주고 산 비싼 옷이라 옷에 영향 안가게 세탁하려하는데ㅠㅠ",0
빨리 가고 싶어 ㅠㅠ,0
"근육 표준이라 했을때 어느정도가
마름도 통통도 아닌 보통이라 부를 수 있는 몸무게야?",0
"휴학하고싶어
근데그렇다고 뭐나아진다는 보장도 없어
오늘도 환청을 들었어
그냥 죽고싶다라는 말을 향해서 모든 생각이 달려간다",1
"나 결국 수료했어

전공이 3.5도 안되는 점수라서
취업게시판에서는 자랑도 못하지만

그래도 버텼어…!
나혼자 칭찬해보고싶어서 그냥…",1
"오지도 않은 상황이 걱정이 되고
언제나 나는 참 바보같고
못난 거 같고
패배자 같고
위만 보면서 아등바등
실패한 사람마냥
조금 있으면 추락할 사람마냥 이러는 거
언젠가 나를 망칠 거 같아 무섭다",1
잔여백신 따로 신청하는 것 아닌 이상 불가능하죠?,0
단결하라!,0
"이제 열심히하지 않을거야
열심히 했는데도 결과가 이따구라니 이제 나도 편하게할거야 대충대충 설렁설렁 사람관계도 마찬가지야 열심히 해봤자 나만 피곤해 나만 손해야 나만 상처받아 지난 기억을 다 지워버리거나 그냥 혼자있고싶다",1
"강의 들으면서 깔끔하고 자세하게 정리해 둔 필기 정리본 구합니다.

퀄리티에 따라 부르는 게 값이 됩니다.

연락 주세요. 감사합니다.",0
나는 왜이렇게 내가 싫을까,1
를 한국어로 번역하면?,0
분개나 계산은 거의 안나오겠지? 말문제 줄줄 나오겠지?? ㅠㅠㅠㅠㅠ,0
찜닭보고가라,0
"자해하고 싶어
우산 사야지!",1
"힘들다는 정의를 모르겠어요
어느 선을 넘어야 힘들다고 말할 수 있는지
세상에 힘들지 않은 사람은 없는데
힘들다고 말하면
어린 애가 되는 것만 같아요
습관적으로 숨기고 억누르고 하니까
괜찮아지긴 하는 것 같더라고요
작은 일에서도 행복함을 느끼고 감사함을 느끼기도 하고요
근데 여전히 변함은 없어요
역시 질질 이어가는 것 보다 끝내는 게 맞는 것 같아요
그게 언제쯤일까 기다리면서
하루하루 살아가는 것 같아요",1
상담 시작했다 제발 나아지길,1
넷플릭스나 드라마 재밌게 본 거 있어?,1
"웃어라. 온 세상이 함께 웃을 것이다.
울어라. 너 혼자만 울게 될 것이다.

힘들어도 웃어보자
지금 여기서 더 바닥을 칠 순 없으니까",1
"어릴 때부터 공부공부, 대학교 잘 가야한다 공부공부
그래서 재수를 하게 됐고 극심한 우울증에 자해 불면 자살시도 별 나쁜 건 다 겪었는데
대학교에 왔더니 다시 공부 공부
이제 너는 공부만 하면 된다 뒷바라지는 자기가 하겠다

이 말이 얼마나 나를 불효새끼로 만드는 지 모르겠다
공부가 그렇게 중요하면 자기들이나 하지
그래놓고 나중에 힘들고 우울하면 뭐가 그렇게 만든 건지
지들끼리 또 탐색하지
그때가 되면 나는 어떻게 당신들 때문에 우울하고 괴롭냐고 말합니까",1
"여기 있는 친구들아 물어보고 싶은 게 있어

학교 선배 중에 진지하게 자살하고 싶어하시는 분이 계시고 인스타에다가 죽고 싶다고 올리셔 원래는 부계에만 하셨는데 이제 본계에서까지 그러시니까 맘이 안좋기도 하고,,, 사실 내 위선일지도 모르지만 이렇게 아무것도 안 하다가 언젠가 그 선배 장례식장에 간다거나 하면 그냥 너무 속상할 거 같아서 뭐라고 얘기라도 해 주고 싶은데 진지하게 자살 생각하는 친구들아 혹시 이럴 땐 어떻게 말해줬으면 좋겠어?

사실 좀 애매한게 고등학교 다니는 내내 그 선배랑 말 한번 섞어봤고 내가 일방적으로 아는 사이구,, 주변에 좋은 친구분들이 위로 메시지 장문으로 보낸 적도 많고든(인스타에서 봤어) 내가 뭐라고 그분한테 메시지 보내나 싶기도 하고 그러다가 후회할 것 같기도 하고 그래서... 혹시 조언 줄 수 있을까? 긴 글 읽어줘서 고맙고 다들 좋은 밤 보내??",1
이분 원래 후시 하나도 안똑같이 따라하는게 컨셉인거에요???,0
"기분 안좋을때 초콜릿 먹으면 달달함에 마비돼서 잠깐동안 덜 괴로웠는데
이제 초콜릿 먹어도 힘들다
내가 혐오스러워서 죽고싶어..... 어제는 답답해서 침대에서 발을 구르고 내 뺨에 주먹질도 해봤어
근데 아프지도 않고 분이 안풀려... 삭혀지지도 않아 눈물만 나 그냥 내가 살고 있는게 나를 화나게해
이건 뭐 어떻게 해야돼",1
김미김미나우 나오기 전에 웅장하게 협박하는 부분 너무 조와,0
"둘다 써본 사람 있어?
플라스틱이랑 고무 중에 뭐가 더 좋아?",0
내가 아프면 그나마 제대로된 가족이라면 괜찮냐고 물어봐줄주 알았어 어제 아프다고 말하고 누워서 겨우 잠들었는데 거실에서 오히려 더 크게 티비 틀고 웃고 떠들고 소리지르고 하는 소리에 깼어 나는 무슨 축제인줄 알았어 아 역시나구나 원래도 가식적으로 날 위하는 척 하는거 나도 알고 있었는데..어제 누워서 생각하고 뼈저리게 느꼈어 서운한건 이미 오래전이고 뭐가 정말 날 위한건지 생각해봤어 저 사람들한테 괜찮다는 소리 하나 듣는게 정말 날 위한건가 아니라는 생각 들어서 오늘 몸 일으켜 병원 다녀왔어 약도 먹고 이제 건강하게 나을거야 내가 좀 괜찮아보이니까 인상 찌뿌리는거 보니 어제 내 생각이 옳았어 이 집에는 내 편이 없어 그러니까 나도 이제 정말로 나를 위해 건강해질거야 잘먹고 잘살거야 정말로..,1
몸이 아픈 건 이해하는데 머리가 아픈건 왜 이해를 못 하지? 꼭 통각으로 느껴져야 아픈 건가? 난 괴로워 죽겠는데 이게 다 내가 게으르고 잘못돼서 그렇다고?,1
"우울증이랑 알콜 의존증이랑 같이와서
6개월 전에비해 20kg쪘어...
안그래도 자존감 낮았는데 20kg찌니까 사람 만나기도 싫고 길거리 사람들이 날 보면 돼지새끼라고 생각할거 같아서 나가지도 못하겠어",1
약으로 하는 자해는 사람 병신되기 딱 좋다고 혼났다,1
손목 그을때 그 문방구 칼로 어느정도 깊이로 그어요? 긋자마자 피나나요 아니면 좀있다가 올라오나요? 긋자마자 피나는건 너무 무서운데,1
"점점 세상과 템포 맞추는게 너무 어렵네
난 그냥 계속 멈춰서 이미 죽은 듯 사나봐",1
질문질문!! 바다여,0
어디로 가야해? 지하2층인데 어디로 가야할지 모르겠어요 ㅠㅠㅠㅠㅠㅠㅠ,0
"처음으로 끊어냈어요.
나만 매달리는 것같아서",1
"궁금하면 이거 클릭해서 보셈

https://www.google.com/amp/www.salgoonews.com/news/articleViewAmp.html%3fidxno=10831",0
동남아 여행 어떤가여?,0
"저는 고학번 늙은이구요,
마지막 학기를 남겨두고 우울증과 공황장애 때문에 폐쇠병동에 입원을 5차례나 하는 바람에 이제야 마지막 학기를 복학합니다.

게시판을 대충 읽어보니
제 예상과 같게 많은 20대 분들이 정신질환으로 인해 힘들어 하고 있으신게 보여 마음이 아프네요..

저는 이번 5번째 입원을 했다가 한달 전 쯤에 퇴원을 했구요, 전기발작치료, 경두개자극치료, 상담은 물론 이번에 개발된 신약치료까지 모두 겪으면서 이번에야 말로 조금 정상적인 구실을 하게 되어서요,

비록 완벽하지는 않지만 제가 겪으면서 가장 좋았던 행위들과 생각들, 그리고 방법들을 공유하면서 함께 이겨내고 싶어요.

무슨 질문이든 다 괜찮으니 용기내어서 해주세요. 여러분이 행복해지기를 바랍니다",1
"바닥에 앉아있다가 의자 손잡이랑 박았는데... 이게 이렇게 아플수가 있나 싶음...ㅜ
붓거나 멍든건 아닌데 손만 닿아도 아픔ㅜㅜ 이런걸로 병원을 가도 되는걸까",0
https://n.news.naver.com/article/082/0001124496?cds=news_my,0
글러먹은 사회성 때문에 괴롭힘 당해서라도 언젠가는 자살하게 될 건데 빨리 죽나 늦게 죽나 똑같이 주변 사람들한테 피해일거 그냥 결심이 서는 대로 죽어야지,1
"❣규칙❣

💟7:30-8:10 1차 인증(미인증시 벌금 2000)
💟8:50-9:10 2차 인증(미인증시 벌금 1000)
💟둘 다 미인증시 벌금 3천원(*1차 2차 모두 인증 필수)
💟주중은 의무, 주말은 자유(+추석 연휴, 대체공휴일 등 모든 '빨간날'은 자율)
💟면제권 주1회 가능, 새벽 2시까지 통보
💟면제권 사용 통보 후 인증 성공하면 면제권은 유지하는 것으로 간주함
💟매주 돌아가면서 출석, 벌금 체크(사다리타기)
💟질병, 경조사 등 팀원 모두 동의할 때 당일 벌금 면제
💟보증금 10000원, 벌금 차감하고 환급
💟매달 마지막 금요일 인증이 끝나면 결산 후 모인 벌금의 1/n 입금
💟인증은 데이마인 어플 사진으로, 내가 깨어있음을 증명하는 사진이면 됩니당",0
나는 행복할꺼야,1
국제어 경원 혹시 중간 시험날짜 공지해주셨나요?,0
마음도 몸처럼 피흘리고 흉터생기고 아파하는게 보였으면 좋겠다. 막 궤양도 생기고 종양도 생기고 기형적으로 생기고 등등.... 그리고 치료도 수술해서 싹 나을 수 있다면 얼마나 좋을까?,1
"160중반부터 할 수 있는말
170초ㅡ160후반이면 그냥 얼굴이 안되는거",0
"밤마다 울고 잠은 푹 못자고
계속 그러다 보니 피곤해서 몸이 안 아픈 구석이 없다
이 와중에도 오늘 빼먹은 출석을 걱정하고
수업을 또 빼먹으면 불이익이 있을까봐 억지로 수업을 듣고
너무 가까운 곳으로 간다고 하면 택시 승차를 거부당할까봐 버스를 타고
아무도 만나고 싶지 않아서 병원에 가는게 싫다.
결정적으로 이렇게 자신을 학대해버리는 내가 너무 싫다.",1
"1. 남사친한테 결국 내 친구 소개시켜줌^^
( 걔 이상형이랑 100% 일치)
2. 나 붙잡던 전남친 2주 만에 새여친 생김
3. 낙동강 오리알 댐 ㅎ",0
아침부터 힘들다 죽고싶어,1
노트북 켜다가 깜놀... ㅠㅠ,0
성인도 소아청소년과 가서 가다실 접종할 수 있어…?,0
닮은것 같아,0
"다들 왜 그랬냐고 물어보는데
나도 몰라
죽고 싶어서 죽으려 한 거지 이유가 어딨어",1
오징어게임,0
"과거를 돌이켜봤을 때
단 한 순간도 진짜로 행복했던 적이 없었네
이제는 무조건 내 행복 먼저 생각하고 살아야지",1
"남들하고 비교하는데 하루를 다 쓸 수 있는데
열등감은 어떻게 해소할 수 있을까요?
다들 알고 있는 좋은 방법을 알려주세요",1
"현재 에어4 쓰는데 중고로 63정도에 넘기고
프로5로 넘어갈까? 가격은 256이 137만 하더라

용도는 필기 분할스크린
편집은 현재는 안하는데 해볼까 생각중

에어에서 프로로 간사람 후기 남겨주면
자손대대 복ㅇ 🎶🙏🏻",0
애들 공부 시키려고 중간값이랑 평균 ㅈㄴ 높게 불러놓고 성적 안 알려주는 거임 아몰랑 어쨌든 구라임 시간이 그렇게 짧았는데 만점자가 저렇게 많다고? ㅅㅂ 속기사들인가?,0
어땠어??,0
며칠 울적했는데 빵 안 먹은 지 5일이나 돼서 그런거였어,0
"또 망쳤어

망치는것도 하루이틀이지 왜 매번 망치면서 매번 시도하는거야?

그냥 이제 모든걸 놓고 편해지고싶다",1
우리에게 주어진 행복을 너무 빨리 쓴 것 같아.,1
근데 날라다니는게 되게 빠르던데.. 에프킬라 엄청뿌렸는데도 안보임,0
"살자살자 살고싶으니깐 살자
죽고싶긴한데 죽을용긴 없으니깐
살고싶당",1
몇달 괜찮다가 갑자기 너무 우울해져서 너무 불안하고 무서워 월요일 수업에 갈 수는 있을지 애들 만나면 또 얼마나 힘들지 상상도 안돼 자신이 없어,1
누구있어??,0
"가족에게 어떻게 아픈것을 이야기해야될까...
이제 슬슬 지쳐간다",1
"""힘내"", ""너만 힘든 게 아니야 괜찮아"", ""다 잘 될거야"" 등등의 말을 들으면 의도는 좋은 건 알지만 하나도 위로가 안되고 더 씁쓸하고 화까지 난다...

남이 나를 이해해 주는 건 바라지도 않지만, 적어도 이해했다는 오만한 태도로 위로를 하지는 않았으면 한다.",1
졸업하려면 130학점을 채워야하는데 교양 학점이랑 전공 학점을 합치면 108 밖에 안되네요 나머지 22학점은 어떻게 채워야 하는건가요..??,0
"4년째 우울증인데 올해까지 버티고 노력해도 안 바뀌면 그만할래

앞으로 살아가야 할 두려움이 끝을 선택하는 두려움보다 커져간다",1
"꿈이랑 현실이랑 분간이 안 가요.
꿈에서 일어나도 깬 것 같지가 않아요.
꿈에서 했던 일들이랑 있었던 일들이 정말 일어났던 것 같아요.
밥 먹고 앉아있다가 자는 일밖에 안 해요
뭐라도 해야할 것 같은데..하고싶은 건 있는데 몸이 안 움직여요.
너무 힘들어요...",1
좋아하는 향 있어? 맡으면 편안해지는 향이어도 좋고,1
"잘난 사람들만 보여. 세상 사람들 전부 멋지게 사는 거 같아. 나만 못나고, 뒤쳐진 것 같고.
객관적으로는 전혀 그런 게 아니란 걸 알고 있는데, 매일마다 뒤쳐졌다는 강박 관념이 들어. 쫓기는 기분이야.
그것 때문에 조금씩 가슴이 아프다.",1
"우울해서 미치겠다.
자해 안하기로 스스로랑도, 의사쌤이랑도, 부모님이랑도 약속했는데 일주일에 두번은 어기는 것 같다.
오늘 마지막 시험이 끝나면 종강이지만 그래도 난 여전히 우울하고 죽고싶다.
작년에 왜 마포대교에서 뛰어내리지 못했는지, 4월 모든 계획을 세우고 유서까지 써놓고 왜 시행하지 못했는지 너무너무 후회되는 밤이다.
아무도 내 얘기를 들어주려 하지 않는다.
다들 자기얘기하느라 바쁘다.
나는 늘 들어준다.
그러고나서 나는 혼자 이불속에서 눈물을 쏟는다.
지긋지긋하다.
이 학교도, 이 세상도, 사람들도, 그리고 용기없는 나도.",1
"소개팅은 사진만 보고 만나는거야??
내가 키는 나보다 크고 모쏠은 아녔음 좋겠다 이런거
요구해도 되눈거야???",0
"자고싶다
도전학기는 대체 왜만들어서 씨발
일주일동안 잠도 제대로 못잘거 생각하니
진짜 우울하고 자살하고싶고
그냥 마음이 아플땐 몸이라도 쉬고싶은데
공부는 해야하고 잠은 못자고
잠이라도 많이 자고싶다
제발",1
요거 식 맞아요? 그냥 p-1로 정리해서 푸는거에여?,0
"칭찬하기 (5가지)
1. 오늘 땡땡이를 치고 엄마랑 놀았다
2. 병원 가서 상담하는데 지난 한 주 동안 어땠냐고 물으시는데 기억이 안 나고 대답을 잘 못하겠더라
그래서 일기를 화요일부터 쓰기 시작했는데 지금까지 매일매일 썼다
3. 병원 말고 따로 상담을 시작했다 솔직히 잘 말하는 중이다
4. 이제 충동 소비를 안 하고 돈을 잘 모으고 있다
5. 내 방에서 필요 없는 걸 정리 중이다
끝",1
죽어버리고 싶다,1
윰댕 사건에 대해서 다들 어떻게 생각해요? 너무 비난하던데 비제이를,1
귀엽다 해주는게 좋아,0
아 진짜 안살고싶다 죽기는 너무 무서운데 시발 앞으로 지금까지 살아온 시간의 최대 세 배쯤 되는 삶를 살아야 한다고 생각하니까 그냥 다 꺼졌으면 좋겠음.. 인간 온오프스위치.. 만들어달라,1
1회독도 못함.. 공부해야 하는데 너무 하기 싫고 집중이 안 된다ㅜㅜ,0
정신 차리니깐 0도 찍겠네,0
.,0
"심해 vs 우주

(최소한의 살 수 있는 장비는 있음)",0
"나 막학긴데 이미 취업해서 학점 별로 상관없는 상황이야
근데 팀플이 있어서 민폐는 싫으니까 적당히 열심히 하려고 했는데 다른 조원이 나한테 버스타려는 느낌이네.. 난 성격상 아예 참여안하고 버리는 건 너무 힘든데 어떡하지?",0
ㅇㅅㅇ !!,0
너무 창피해..나는 왜 별것도 아닌일에 벌벌 떨고 긴장할까 남들은 다 잘해내는 일인데ㅠ 혼자 기분만 상하고 아침부터 기분좋았는데 다 망쳤어 급우울해서 어디 아무도 없는 곳 가서 숨어버리고싶다,1
소리에게 돈!!,0
몇 번씩 나는 결국 자살을 하려나 싶은 생각이 꽤 자주 들어,1
엄마가 갱년기여서 많이 힘든거 아니까 엄마 일도 도와드리고 하는데..하나도 알아주지 않고 저거 안해놨다고 뭐라고 하고 말하는게 마음에 안든다고 하고 가게 보는것도 도와드리는데 엄마 약속 있으면 난 잘 봐드리고 뭐라고 안하는데 내가 친구 만나고 오면 잘 갔다오라고 해놓고서는 갔다오면 기분 안좋아져있고 다음날 자기 몸아프다고 나보고 계속 이것저것 꼬투리 잡아서 화내고..진짜 엄마도 아픈거 알겠는데 나도 지쳐.. 아프다면서 친구들 만나러 가고 놀러가고 술마시고 이러는거 나는 어떻게 받아들여야 할지를 모르겠어 진짜 난 나가면 안되는건가 내가 친구 만날때마다 이렇게 힘들어해야되는걸까..이런 생각하는 내가 나쁜걸까 근데 너무 지쳐..나도 기분이 있는데..나도 힘든일 너무 많은데,1
아무렇지도 않음,0
"새로운 사람 만나면 설레고
이번 사람은 진짜 운명의 상대 같고
결혼하고 싶고 그런 마음이 느껴져?",0
내가 이렇게 늘어져있는게 병 때문이 맞는건가.... 나는 그냥 못써먹을 인간이 아닐까... 모르겠다,1
5시간의 전사 갈 겁니다,0
"머리에 가득한 상념이 괴로워

단어로 내뱉으려해도

내 감정이 허락하지 않네.",1
붕어빵먹다 걸림,0
친한친구가 없다는게 너무 서럽다. 대화할 사람도 없네,1
판다 삼각김밥 VS 고양이 조랭이떡,0
현천개 오픈북임..?,0
이렇게변하네,0
"미안해. 네가 나로 인해 불안했으면 좋겠어. 닮고 싶을 정도로 그런 내색을 하지 않는 네가 가끔 내게 드러내는 불안이 그나마 나를 안심시키니까. 내 불안을 못 견뎌 네 불안을 바라다니, 이만큼 이기적인 애인도 없을 거야. 미안해. 미안해.",1
"근데 우울증 약을 먹는다고 해서
지금 이 혼자이고 외로운 상황이 나아지지는 않잖아
그럼 난 평생 고칠 수 없겠지?",1
너무 멍청해. 날이 지날 수록 더 멍청해지고 있어. 작은 것 하나 기억 못할 때마다 내가 한심해서 죽을 것 같아.,1
"나는 진짜 미련이 없어
예전에는 단란한 가정도 꾸리고 싶고
일도 열심히 해서 인정도 받고싶고
공부도 열심히하고 싶었는데
이제는 정말 이 사회에, 주변 사람들에게, 그리고 내삶에 미련이 없다",1
"안녕하세요 가끔 강아지 자랑한다고 올리던 기쁨이 언니입니다.

저희 어머니께서 며칠 전 수술 하시면서 피를 너무 많이 흘려 수혈이 필요한 상황입니다. 현재 코로나로 인해 피가 많이 부족해 병원에서 지정헌혈이 필요하다고 하네요.

혹시 낼 ab형 지정헌혈 가능하신 분 있을까요..? 꼭 ab형만 가능하다고 합니다.

많이는 아니고 한 분만 도움 주심 해결 될 것 같아요. 부탁드립니다ㅠㅠ",0
올해 약대 다니게 된 학생인데 언젠가 공부 못하는 학생이 되어서 슬프고 갈피를 못 잡겠네요. 제가 부족한 것은 예상을 했지만 모든 사람들이 노력하고 있다는 사실을 간과 하였고 제가 남들보다 머리가 안 좋다는 사실을 까먹고 있었네요. 이제 까지 학점을 이정도로 처참하게 받아본적이 없어서 우울하네요 ㅜㅜ,1
거의 일주일 돼가는데도 생리 안함 ㅠㅠ 더 기다려?,0
"오늘 외래갔다가 의대 후문에서 만난 아깽이들이야!
보고 힐링하자??",1
"시험도 안보고 매주 퀴즈 한 문제만 풀어서 내면 돼요! 퀴즈도 논리적으로 생각하기만 하면 될거에요 아마 과제 하나 있는데 중간고사랑 안겹치게 10주차에 하게 해주신 교수님 센스 너무 좋고요 수업도 재밌고 짧고

ㄹㅇ개꿀",0
"비슷한 시기에 방영될 환혼과 설강화에 나오는 아린 지수

여기서 분명 비교될 거고 향후 양 그룹에 적잖은 영향도 미칠 거다.

블핑 동컨셉 에스파가 바짝 붙은 상태라서 어찌 됐든 격차를 벌이기 위해, 유일하게 솔로 활동 없이 배우로 뛰어든 센터 지수는 팀의 선두 수성에 있어서도 결정적 활약이 있어야 한다.

반면 옴걸의 아린은 여유가 있다. 일단 그룹의 동컨셉에서는 라이벌이 없고, 그녀는 저번 작품에서 어느 정도 검증을 거쳤기 때문

그녀들의 활약상에 따른 걸그룹 지각 변동에 귀추를 주목해보도록 하자.",0
상평이면 너무한거 아닌가요..?,0
시사 및 이슈 게시판으로 가라,0
2018 족보 답 맞춰보실 분 안계신가요..???,0
"너네는 어떤 여행이 좋아? 공모전때문에 아이디어들을 생각하고 있는데

1. a:자연경관 vs b:도시 속 여행

2. a:철저하게 계획되어져 있는 코스로 여행 vs b:일단 도착하고 그때그때 가보고 싶은 장소 발견하면 가보기

3. a:감성 충전 여행 vs b: 익스트림 체험 할 수 있는 여행",0
"자다깨면면 기분좋으면서
아쉽다",0
"질문받음
20대 초반임",0
편집증 너무 싫어 무서워 누구라고 말도 안하고 안좋은말 한마디만 해도 다 나한테 실망해서 손절하려고 하는 거 같아서 무서워...,1
3초에 한번씩 로딩되네...,0
"독기
독기가 생겼어",1
다 내려놓고싶다.,1
수업듣기가 너무 힘들어요 과제하기도 힘들고..중도휴학하고 싶은데 다시 이 고통을 또 겪어야 한단 생각에 꾹참고 다니려고요..자퇴하기엔 너무 용기가 없으니깐...언제까지 오늘의 행복을 미루며 살아가야 할까요,1
비즈니스관계 싫다,1
율전캠 학생인데 내일 중도 갔다가 가까운 식당이나 학식 먹고 싶은데 어디 추천하시나용?!?,0
"남친이랑 사귄 지 2달쯤 됐어
남친은 4달 조금 덜 사귄 전여친이 있는데 개예쁘고 몸매도 너무 글래머러스하고 섹시해서 안그래도 신경쓰였거든? 근데 전화하다가 나한테 전여친 이름을 부르다가 자기도 당황해서 막 횡설수설거리는거야..ㅋㅋ
전여친이랑 약4달 사귀고 헤어진지 반년만에 나랑 사귄건데.. 시간도 꽤 흘럿고..
걔 말로는 멀티가 안돼서 진짜 습관적으로 나왔다고 그러는데 못잊지 않고서야 전여친 이름을 부를수가 있어? 평소엔 진짜 잘해주는데 너무 충격받고 상처받아서..",0
"용도는 과제, 문서작성, 웹서핑, 영상시청정도입니다..
(아이패드랑 아이폰을 쓰고있기는 합니다!)",0
"[꼭 읽으시길 부탁드립니다!!!♥-공지사항]

♥0. 게시판 소개
2018년 당시 친구에게 우울증이 있고 힘들다는 얘기를 하니 이후 만나지 않고 연락도 하지 않았던 일을 겪으며 내 속마음을 편하게 이야기할 수 있는 공간이 있으면 좋겠다는 마음에 2018년 8월 10일에 게시판을 개설하였습니다.
게시판 이름이 변경이 안 되어 게시판 이름은 우울증 고민 게시판이지만 ‘우울증’이 꼭 아니어도, 다른 증상과 질환이 있더라도, 증상과 질환이 없더라도 누구나 이용할 수 있는 공간이 되었으면 합니다.
마찬가지로 꼭 ‘고민’이 아니더라도 좋은 책, 글, 노래, 영화, 드라마, 사진, 풍경, 증상과 질환을 극복한 경험, 팁, 병원 추천, 카운슬링센터 이용 경험 등 다양한 글 모두 환영합니다. 다만, 자살이나 자해 조장, 같이 자살이나 자해를 하자는 글, 자해 인증 사진, 악성 댓글 등은 제보받고 관리하도록 하겠습니다.

♥1. 블로그 소개
성균관대학교 우울증 고민 게시판 블로그: https://blog.naver.com/skkuyana
기존에 게시판에 있던 공지사항에 있는 글 (https://everytime.kr/402746/v/70246437 )에 있는 정보를 분야 별로 정리하고 정보를 좀 더 쌓아가고자 개설했습니다. 사실은 블로그를 2020년 7월쯤에 만들었는데 너무 별거 없어 보여서 공유할까 고민하다가 그래도 좀 더 정리된 느낌이 있는 것 같고, 정보를 쌓아갈 수 있을 것 같고, 학우분들께 조금이라도 도움이 되었으면 하는 마음에 공유합니다.

♥2. 제보받습니다
① 추천/비추천하시는 병원이나 상담센터 + 그 이유를 게시판에 글로 써주시거나 댓글로 달아주시면 모아서 블로그에 올리고, 데이터가 더 모이면 여기 있는 블로그 참고하시면 있는 서늘한여름밤님의 블로그처럼 지도 만들어보겠습니다.
② 우울증, 조울증, ADHD, 불면증, 강박증, 불안장애, 공황장애, 조현병, 식이장애 등 여러 증상과 질환을 극복한 이야기를 공유하고 싶으신 분도 알려주시면 블로그에 올리겠습니다.
③ 학교 건강센터나 카운슬링센터 이용후기 등도 알려주시면 좋겠습니다.
꼭 여기 명시된 것이 아니더라도 좋은 글, 경험 등 학우분들과 같이 공유하고픈 내용이 있으면 언제든 연락 바랍니다. 저뿐만 아니라 많은 학우님들에게 큰 도움이 됩니다.

♥3. 끝으로
① 블로그 들어가시면 카테고리와 안부 게시판 등등 보실 수 있을 텐데 혹시 블로그 운영에 대한 의견이 있다면 (블로그 없는 게 나을 듯, 있는 것도 괜찮은데 이런 카테고리나 정보 좀 추가하면 좋을 듯, 개인적인 경험을 공유하고 싶은데 블로그에 올려주면 좋겠다, 먹는 약 공유해보자, 서로 이웃이나 이웃만 글 볼 수 있게 해달라 등등) 자유롭게 알려주시면 좋겠습니다. 안부 게시판에 아무 글이나 자유롭게 쓰시면 제가 아는 대로 도와드리고 답해드리겠습니다.
② 별도로 궁금한 점이나 바라는 점들, 하고 싶은 말들, 요청사항, 블로그에 쓰고 싶은 글, 고민거리 등이 있으면 블로그 안부 게시판, 에타 댓글이나 쪽지 등을 통해 제게 언제든 말씀해 주세요.
③ 제가 모든 글에 댓글은 못 달아드리지만 저 또한 매일 이 게시판 들어와서 대부분은 익명, 그리고 닉네임으로 댓글 달고 글 쓰고 하고 있습니다. 게시판 많이 이용해 주시고, 댓글 달아주시고, 정보 공유해 주시며 도움 주시는 모든 학우분들 감사합니다.",1
셤어디서봄,0
"다~ 그만두고 싶다 씨발~
훅 갔으면 좋겠다~~",1
ㅈㄱㄴ,0
"우울한 이유가 없어서 문제야
학점 걱정 때문도 아니고
취업 걱정 때문도 아니고
외모컴플렉스가 있는것도 아니고
돈이 없지도 않고
가족관계도 괜찮음
근데 그냥 의욕0에 우울증이야",1
진짜 죽고싶다,1
앞만 넣는 거 못하겠다 아무리 해도 모양이 안 살아 그렇다고 다 넣으면 이상한데 ㅠㅜ 셔츠 입지 말까?,0
매운 닭강정 이런게 너무 땡겨ㅋㅋㅋㅋㅋㅋㅋ 원래 아프면 식욕 감퇴해야되는거 아니냐고ㅠ,0
"아침이지만 잠을 못 자서 새벽 감성으로 쓴다
혼자 어딘가에 얘기하고 싶어서 쓴 글이니 날카로운 말은 삼가주기를 훈수는 다음생에 들을게 ??

나는 현재 20대 중반 . 취준 시작한지 2년 되었는데 준비하던 시험을 포기하게 되어서 새로운 분야를 찾아서 도전해야 되는데

내가 정말 원하는 게 뭔지 아직도 모르는 게 부끄럽고 한심하고 그냥 알바나 해서 쉽게 살고 싶지만
월급 따박 따박 나오는 그런 생활을 동경하기에 대기업은 가고 싶고 .. 취준은 처음이라 막막하고 시험도 포기한 내가 잘 할 수 있을지 두렵다

외적으로는 ,, 인생 최고 몸무게고 임신을 하면 도달할 수 있을 거 같던 그런 무거운 상태 ?? 내적 성장을 이루지 못하니까 먹는 걸로 풀고, 시험 준비한단 이유로 살 찌는 걸 내버려 두고,,

시험 포기한 걸 가족은 모르는데 한 달 후면 이런 거짓말만 하며 실은 4평 안되는 자취방에서 핸드폰만 보며 먹고 자고 하는 한심한 생활도 끝이 나겠지

아깐 소개팅 게시판 보는데 ,, 난 그렇게 날 소개할 말 조차 쓰지 못하는 한심한 사람이란 걸 느껴서 넘 우울하고 슬프다

외적으로 자신감이 있지도 않고 내적으로 단단한 상태도 아니고 누군가 옆에 있었으면 하지만 사랑 받고 줄 자격이 1도 없다는 걸 안다

요즘 연애 관련 프로를 많이 해서 그런지 , 연애가 너무 하고 싶다
그런데 우선 나부터 잘 사는 게 우선이란 생각에 계속 소개팅도 안 해보고 미뤄왔는데,, 미리 그냥 해볼 걸 후회만 남는다

시험 준비 전에 ,, 왠종일 알바만 하며 놀 때,, 힘들었지만 추억이 남았고, 지금보면 가장 나름 날씬한 상태이고 미래는 어찌될지 모르지만 자신감 있던 그 때, 셀카를 많이 찍던 그때가 가장 예뻤고 빛났는데 그 때 소개팅이든 미팅이든 시도해볼걸 짝사랑은 개나 줘버리고 많이 해볼걸 생각이 들었다

휴.. 뭔가 점점 퇴화만 하는 기분 ?? 약 처음 처방 받은 거 저번에 먹다가 시험 포기하니까 안 먹어도 된단 생각에 안 먹었는데 우울함의 원인이 확실하게 없어진 게 아니라 그런지 ,, 필요한 거 같네 .. 밤에 자기 전에 다시 먹어봐야 겠다

그래도 글로 쓰고 나니 좀 진정이 된다 이런 게시판이라도 있어서 참 다행이야
다들 코로나 조심하구 건강만 하자 마음이든 몸이든 ??",1
여자들 연애할 때 오빠vs동생vs동갑,0
얍,0
"다리스트레칭 앞뒤옆 다된다 ㅠ,ㅠ 열심히 개구리마냥 주리를 튼 보람이 있어",0
최강 한국전력,0
가능성 있을까...?,0
"다리떨기
두리번두리번
땅만보며 걷기
한숨",1
"1차 맞고 호흡곤란와서 알레르기 주사맞고 2시간 경과보다가 집 갔는데

2차 문진볼때 별거 아니라고 할 거 같음 실제로 알레르기 주사 맞으니까 확 좋아졌고 그 이후에 피로감 말고는 멀쩡했어서.. ㅋㅋ 심한건지 아닌지 모르겠네",0
지금 당장 올라가서 뛰어내릴까 더 살아봤자 의미없는데,1
자해 하고 싶다ㅎㅎㅎ,1
궁금허네,0
세상이 밝아보여,0
이제 6주차 처음 보는데 이게 맞나 싶다,0
왜 이렇게까지 아등바등하며 사는지 모르겠다. 이렇게 살아서 얻는 게 뭘까. 전부 싫다. 뭐 하나 생각대로 되는 게 없어. 이제 지치기도 힘들어.,1
"텔레비전을 보다가 차라리 이렇게 살 바에야 죽고 싶다는 생각을 했다
그리고 집안 천장 곳곳을 둘러보기 시작했는데 목을 매어 죽고 싶다는 생각이 문득 들었기 때문이다
죽음에 가까운 삶... 미래를 향한 의지도 없고...
이렇게 살기에 기대 한 점도 없고 아무렇게나 살고 있는게 아닌가...
아등바등 살아야 하는가? 그렇게 살면 좋은 날은 반드시 찾아오는가?",1
살기싫어,1
맛초킹 노맛…다신 안 시켜ㅜㅜ,0
"한번도 가족이 나를 있는그대로 받아들여준적이 없는것같아
부모님이 보고싶은것만 내게서 보고
원하는것만 내게서 바라시는것같네
내 말은 받아들여지지가 않아
부모님이 나를 알아준다는 느낌을 받아본적이 한번도 없어

사실은 부모님이 아니라 내가 그랬어
부모님이 보고싶은것만 보여주고싶어하고
원하시는 대로만 살고싶었어

내 요구를 들어주시고 나를 자유롭게 두는것과는 전혀 상관이 없어

부모님한테서 벗어나 홀로 나 자신으로만 오롯할 수가 없었어

그래서 괴로워 앞으로도 계속 괴로울거야

머리가 너무 아파",1
어메이징~,0
"사실 아무것도 아닌 걱정인 걸 나 자신도 아는데 이 걱정을 스스로 통제할 수가 없다.

이 걱정은 서서히 내 뇌를 잡아먹고, 나를 우울의 구렁텅이로 밀어넣는다.

벗어나고 싶지만 벗어날 수 없다. 우울에 빠지면 무기력해지고, 무언가를 시도할 엄두가 나지 않고, 더 걱정이 많아진다.

악순환을 끊는 것이 너무나 힘이 든다.

어떻게 해야할까...",1
"아 조금 힘들다.. 근데 말할곳이 없어서
여기라도 써봐..
아무도 묻지않는 내 감정 흘려보낼데가
여기밖에 없어
오늘은 좀 지치고 살짝 우울하고
생각하는게 너무
힘들다..",1
생각 그만하고 꿈도 안 꾸고 잠만 자고 싶ㄷ,1
탈모약 다들 효과 많이 보시나요?? 가리면 따로 안보여서 먹을까 말까 고민이에요 ㅜㅜ,0
아파서 교수님께 메시지드렸더니 서류제출하고 쉬라는데 뭔 서류를 어디에 내야할까..?,0
"옷질하는게 취민데 사람들 만나는건 귀찮아서 평가받을일도 별로없고
주변친구들은 이제 나입는거 다알아서 그러려니하니깐
뭔가 새로운 사람들한테 객관적인 평가받고싶은데
여기올렸다간 다음날부터 나아는사람들 생길거같아서 좀 그렇고 어디 좋은데없울까ㅠ",0
오늘 2시간 30분 정도 울었다,1
날 사랑해줬으면 좋겠어. 무서워하지 않고 싶어. 살아줘 사랑해,1
미치겠네ㅠ,0
생각도 안나던 연애가 갑자기 ㅈㄴ하고싶네,0
"맨날 혼자 높은 기대치를 만들고
혼자 실망하고 망치고

계속 혼자",1
"시험끝난 다음날에 맞춰서 2차잡아놨는데
오늘 갑자기 공지로 시험 다음날에 다른분반끝나면 추가문제 내신다고 해서 굉장히 난감해졌어요..
그래서 백신맞고 컨디션 안좋아지기 전에 후딱 끝내야하는 상황인데 대략 몇시간정도 확보가능할까요",0
자해 안하니까 허전하다,1
오늘도 안녕!!,1
"학교근처가 아니어도 됩니다. 혹시 서울에서 정신과 도움되었던 곳 , 추천해줄만한 곳 있으신분 있나요?",1
내가 없는 상황이 익숙해지길,1
"우울하당....

우울해서 암것도 집중이 안대",1
독서게시판에 글써야지,0
다들 중간 잘봤니..,0
자꾸 울면안되는데서 눈물 나오는게 조절이 안되는데 어떡하죵.. 원래 눈물이 좀 많긴 했지만요ㅠㅠ..,1
숨막혀 진짜 왜 주변사람들은 다 나를 싫어하는 거야 이러다가 아무도 없이 홀로 죽을 거 같아서 무서워,1
forget-me-not,1
교수 뚝배기 마렵다고 생각한 건 참 오랫만입니다.,0
"진짜 마음에 든 옷을 발견했단 말야
그래서 판매자한테 연락해서 택배보내면 송금하기로 거래약속 다 잡은 상태였어 판매자도 예약중 올려놓고

근데 담날 되니까 돈 안보냈는데 거래 완료 떠있는거야

판매자한테 연락해서 돈보내겠다고 벌써 택배보내셨냐 했는데 이틀동안 읽씹을 하더라??

그래놓고 친구 계정으로 다른 제품 문의하니까 3초만에 연락와ㅎ 내 이름 밝히고 제품 택배 보냈냐 물어보니까 깜빡하고 직거래로 딴사람한테 팔았대 ㅎ

택배 싫으면 처음부터 싫다 할것이지 다 큰 성인이 직거래만 가능해요~ 이 한마디 하는게 어렵나 싶고 기분 더럽네",0
부모님 몰래 정신과 가는거 모르게 할 수 있나요? 힘들어서 못살겠네요,1
"한때 나를 파괴하게끔 만들고도 멀쩡히 잘 살아가는 그 사람을. 바라보는게 참 힘이 든다

꽤나 시간이 흘렀지만 여전히 근황을 듣는 것만으로도 숨이 턱턱 막히는 기분이 든다

그 상처로 나는 이렇게 아프게 살아가고 있는데, 상대는 행복하게 멀쩡하게 살아가고 있다는게 너무 힘들다.",1
나 너무 우울하고... 이딴 이유로 우울해하는 것도 같잖고 그냥 죽어버렸음 좋겠어....,1
"밖에 여자분 목소리 들려서 나갈수가 없네;;
왜 똥칸은 남녀공용인거지;;",0
영화 감상문 원고지 200자 20매 이면 4000자를 써서 제출해야 하는 건가요??,0
인터뷰 누구하지..후ㅠ,0
씨쁠 주시나요..,0
뭔가 챗바퀴 마냥 하던거만 반복해도 우울해지는구나,1
"요즘 자꾸 중요한 걸 잊어버려요 수업 출석도 잊어버리고 꼭 쳐야 하는 시험도 전날까지 기억하고 있다가 당일에 까먹어서 못 쳤어요
갑자기 멍한 기분이 들면서 뭘 하려 했는지 생각이 안 나고 현실 감각이 없어질때가 있어요
뭔가 문제가 생겼다는 건 알겠는데 병원은 못 가겠어서 그런데 혹시 비슷한 경험을 하신 분들은 어떻게 해결하셨나요?",1
망한 것 같은디...,0
파스타 모머그까,0
"5년 이상 인터넷 중독으로 살았더니 타고나지 못한 사회성도 점점 더 떨어지고 우울감 무력감만 극심해서 좀 벗어나보려고 크게 마음 먹었어... 중학생 때부터 심리검사 하면 자살 위험성 우울증 가능성 큰데도 병원 한 번도 안 가봤거든 이제는 좀 가보려고.
인터넷 대신에 할 수 있는, 정신 집중하기 좋은 취미 추천받고 싶어. 취미 말고 달리 생산적인 방식으로 인터넷 안 볼 수 있는 방법도 추천해줘.",1
나 왜살지,1
"그냥 암것도 안하는데 너무 힘들다 속 안좋아서 맨날 몸에 힘도 안들어가고
1년휴학하고 암것두 안하구 그냥 뭔가 하려하면 스트레스 너무 받고 몸에 힘이 없어서암것도 못하겠어
심지어 게임하는것마저도 몸에 힘이 없으니까 귀찮아서 안하게돼 그냥 맨날 누워있어
책피면 머리 아프고 그냥 요즘 아무것도 하기싫고 평범하게 살아갈 자신이 없어",1
"이번 누리호 발사는 주목도가 없는 것 같네
이건 진짜 100% 국산 로켓인데

10월 21일 목요일 1차 발사임",0
중간값 한 70? 되려나요..?,0
서번트 증후군 갖고있는 애가 학교다니규 그런 내용 영화 제목 뭔지 아는 사람ㅠㅠ 동물 관련돼서 재능있었나...이건 아닌가,0
시험지 없어요?,0
나쁘지 않네,0
"정신없이 잤다 그냥... 일어나서 오랜만에 집에 아무도 없길래 벽도 치고 화를 냈다
우울함은 덜해졌지만 이 공허함은 그대로네",1
살자 살아,1
"핑프 미안해ㅠㅠㅠ
지금 좀 급한데 어디서 찾아봐야하는지 몰라서.. ㅠㅠ
혹시 아는 사람 있으면 알려주시면 감사하겟습니다 부탁합니다",0
"평소에 되게 바쁘게 사는 스타일이 아닌데
내년에 총학생회 들어가면 너무 정신없을라나??
내년엔 코로나로 못하다가 다시 재개하는것들 되게 많아질텐데",0
내가 싫어,1
살고싶어!!,1
맛있는 핫도그 파는 데 있나요? 미국식 핫도그요!!,0
ㅈㄱㄴ,0
"고양이 잃어버리신분!! 목에 밤비라고 목걸이도 달고있어요. 원남동 사거리 성균관대 기숙사 앞에서 울고있어요. 주인분 안계시나요ㅜㅜㅜ

+ 주인이 계신다니 사진 한장 추가하고 갑니당!",0
"주로 씻을 때 그러는데
쪽팔린 기억 생각나서 씻다가 나도 모르게 꺅 소리 질러 ㅜ",0
.,0
"수도권.지방 4단계,3단계 같은 절대적인 단계수치는 유지하되 인원제한이나 관중입장부터 풀어나가는건 나쁘지않은 선택인데,,
문제는 이러면 작년에 쩜오 단계 때문에 사람들이 헷갈리거나 불편해하고, 단계별 일관성이 무너지고 그때그때 땜질식 대처가 되니까 개편한건데 도로아미타불인거긴 함..ㅋㅋ 완화된 4단계, 3.5단계 이런거랑 다를바없으니",0
나 살 몇키로 빠지니까 바로 변비 와서 급성치열 생기고 면역력 약해지는 게 느껴지네 ㅠ 온갖 병원 다니고 있음,0
궁금한점이 있어요. 정신과에 다닌지 4개월정도 됐어요. 약은 매주 주시고 심리검사 같은것도 간단하게 A4용지에다가 해요. 그런데 아직까지 병명같은건 말씀 안해주시는데.. 원래 진단이 이렇게 늦을 수 있나요..? 문제가 없는데 약을 먹는건 경미해서 그런건가요..? 혹시 정신과 경험 있으신 분 있으면 알려주시면 너무 감사할 것 같아요,1
유일하게 재밌게보고있는게 이거라서 이거 자막끄고 공부해볼까생각중. 근데 표현들이 너무 성쪽 관련된게 대부분이여서 별로일까요?,0
오징어게임으로 재미 많이 봤나보네ㅋㅋㅋㅋ 틀자마자 오징어게임 옷 입고 안녕하세요 해서 개놀람ㅋㅋㅋㅋ,0
"시험 준비 3년째 올래 떨어지면 자살하기로 다짐햇다
어딘가에는 이런 감정을 풀고싶은데 털어놓을데가 여기가 마땅한거 같아서",1
오면 그사람 키 몇이야?,0
가족이랑 있는 게 너무 싫다. 밖에서의 나는 즐겁고 행복한데 집에 있는 것 자체가 너무 싫다.,1
"뭐 어느 하날 놓지를 못하네
정말 싫다",1
죽고싶단 생각이 지배해서 다르걸 못하겠는데 어떡하지..ㅠ 나안죽을건데,1
"나 내일 처음으로 정신과가는데 넘 걱정되고 떨려...
괜찮을거라고 해주라ㅜㅜ
요 며칠 또 괜찮은데 그래도 가는게 맞겠지...?",1
다들 잘 준비하고 있니... 막상 쓰자니 쓸 것도 별로 없고 추상적이라 막막하다 분량 에바야 ㅋㅋㅋ...ㅜ,0
연필로 해도되나요? 아님 꼭 4B연필이어야하나요?? 글구 혹시 200문제 다 못맞아도 만점 뜨기도하나요?,0
"얘들아 나 기타샀어
뚱땅거리면 조금 기분이 좋아질것같아서
평소에도 기타음악 듣는거 좋아했고 ㅋㅋ
이제 운동도 할거야!
조금 나은 사람이 되어볼레",1
"따따따라라라따따따라라라따따
따따따라라라따따따라라라따따

막 이래요
남자 팝송 ㅠㅠ",0
"This life is overwhelming, and I'm ready for the next one",1
ㅜㅠㅜ,0
프로그램 만들고 발표하셨나요? 발표하셨다면 어떻게 하셨나요?,0
"에어4세대 에케플 팬슬포함 싸게 판다는 글

그거도 후배님들 어쩌구 하면서 싸게 팔았었음",0
"모든걸 미루는 버릇이있어
이건 내일할래 저것도 내일할래 그렇게 미뤄
그런데 내일은 안왔으면 좋겠어
계속해서 쌓인 내일들을 마주하기보다는
당장 오늘밤에 죽어도 괜찮다 생각해
죽고싶다 나는 너무 쓸모없고 아무것도 모르는 사람이라서",1
"오늘 하루 별 일 없었다
두통도 없었고 밥도 잘 먹고 산책도 했다
내가 멀쩡하단 사실 자체가 또 나를 불안하게 만든다
나한테는 매일 무슨 일이 벌어져야할 것 같아서..",1
백일기도 들어간다,1
"우울한건 많이 괜찮아졌는데
아직 잠에들때면 걱정과 생각에 숨이 답답하고 심장이 뛰어.
무기력함은 계속인데 아침에 일어나서 무언가를 해야한다는 사실이 버거운것도 있는거 같아.
아침에 일어나는것도 한참 걸려. 뭘 시작을 못하겠어.
언제쯤 다시 활기차고 예쁘게 살아갈 수 있을까.",1
알함브라 궁전 고양이,0
남들을 과하게 원망하는 것도 우울증을 비롯한 정신병의 일부일까요? 거절을 당하면 당연히 머리로는 그럴 수 있는 거라고 생각하는데 속으로는 너무 원망스럽고 밉고 이 일과는 관계 없는 전에 느꼈던 섭섭함과 분노 같은 감정이 같이 떠오르고 동시에 그런 제가 혐오스러워서 너무 힘드네요... 억누르려고 해도 미운 감정이 주체가 되지 않습니다... 작은 부탁도 그렇습니다... 그래서 부탁하는 게 어렵고 힘들고요... 정신과 예약을 한 상태라 증상 같은 걸 생각해두고 있는데 이것도 증상 중 일종인 걸까요...? 아니면 그냥 제 마음가짐 자체가 잘못된 걸까요?,1
"지금 막학기인데 일이 생겨서 3학점짜리 한 과목 일부러 F 맞으려고 함. 그럼 이 과목은 성적표에 표시 안 되는건 아는데
졸업까지 3학점이 부족하니까 이걸 계절학기때 3학점을 따로 들어서 졸업하는게 가능한가요?
추가학기 안 하고요!",0
자꾸 우울해지고 이유는모르겠지만 자꾸 눈물이나요ㅠ 새로운사람들을 만나도 편하게 대하지를 못하겠고 전에는 안이랬는데 엄마얼굴만보면 눈물나고 그러네요.. 어떻게해야할지ㅠㅠ,1
난이도 어땟음??,0
퍼컬 질문해도 되나요???,0
"내 가슴팍에 칼을 꽂는 생각을 해
얼마나 좋을까
칼을 항상 곁에 두다보니 무섭지는 않은데
아니다 모르겠다",1
다들 날 싫어하고 혐오스러워하는 기분인데 어디까지가 내 확대해석인지 어디까지가 사실인지 모르겠어,1
아까 웹엑스 문제로 늦게 시작한 만큼 제출 시간 인정해주시냐고 여쭤보신 답변 받으셨나요??,0
"약먹는 친구들 주변 사람들한테 말해..?
가족이나 친구나 애인한테!",1
갑자기 또 죽고 싶어지는데 큰일이다,1
"블러핑=플러팅인줄 알았음..

썸탈때 플러팅 어쩌고 그런거 볼때마다
썸타는데도 약을 파네? 이생각함..ㅋㅋㅋㅋㅋ",0
"우울증을 극복하고 싶으신분들

안녕하세요. 저는 우울증을 어느정도 극복한 사람입니다.

원래 몇년전부터 미약하게 있다 코로나 이후 미친듯이 심해져 끝없는 자기혐오, 무기력함, 매일매일 드는 자살생각에 우울증 치료, 상담, 약 전부 해봤었습니다.

하지만 그것은 일시적이었을 뿐 근본적으로 바뀌는게 없더군요.

하지만 책을 읽고, 우울증에 대해 생각해보면서 조금씩 제 자신을 변화시키니 이전과 비교해서 아주 만족스러운 삶을 살아가고 있습니다.

살아있다라는 느낌, 누군가에게 나도 소중하다는 느낌이 저를 자극하여 나도 쓸모있는 인간이라 일깨워주며 긍정적인 방향으로 바꾸어주었습니다.
가장 크게 달라진 것은 회복 탄력성이랄까, 기분이 안좋은 일에 과거 한없는 자책과 자살생각으로 이어졌다면 지금은 빠르게 떨쳐버리고 다시 일상으로 돌아올 수 있는 것 같습니다.

여기 우울증으로 힘들어하는 분들을 돕고 싶어 글을 올립니다. 우울증은 혼자 극복해내기 힘든 것이기에, 타인의 도움이 반드시 필요합니다.

저는 여러분들이 우울증을 극복해내는걸 돕고, 극복한 사람들이 주변에 같은 이유로 고통받는 사람에게 먼저 손을 내밀어주는, 그런 사회를 만들고 싶습니다.

저는 심리학자가 아닙니다. 저는 종교인도 아닙니다. 확실하게 우울증이 치료된다고 할 수 없습니다.
물론 우울증을 극복하기 위해 정신건강과 관련된 심리학 책들을 찾아 공부 했습니다. 그리고 제 자신이 극복했고, 주변인들에게도 긍정적인 변화를 주었습니다.

한번 그 과정과 이야기를 들어보고 싶으신 분들, 같이 우울증을 극복하고 싶으신 분들은 쪽지 주세요.

1주일에 한번정도 2-3시간 카페에서 2-4명 모일 생각입니다. 이것은 치료라는 개념이 아닙니다. 오히려 탐구를 통해 함께 우울증을 찾아나가고자 하는 것입니다. 여러분들과 친구가 되고 싶습니다.",1
밖에서 합창함.. 이시간에..,0
"전공이 안맞는 건가? 라는 생각이 많이 드네요. 1학년때 일반물리,미분적분학,일반화학 할때는 재미있었는데 지금은 왜이렇게 혐오스러울까요.",1
모건! 모건! 모건!,0
한강 서울숲 데이트 하려고 햇는데 ㅅㅂ 날씨 왜이래 ㅡㅡ;;;;;,0
ㅇ,0
지친다 인생,1
"얘들아 약꼭 먹어
어제 새벽에 차도로 뛰어들뻔",1
INTP&INTJ 안좋은 해설 듣고온 친구가 너 이거 전부다 해당이다ㅋㅋㅋ 하던데 화가 확 치솟더라...,1
죽고싶다,1
이상한 커뮤 얘기 좀 긁어오지 말자ㅠㅠ,0
이 길이 맞아? 모르겠어.,1
"나는 어디 여행 가면 박물관 미술관 필수 코스고(특히 외국에서는) 유적지나 오래된 건물들 같은 역사적인 장소 보는 거 엄청 좋아하는데 이런 취향 생각보다는 그렇게 많지 않은 것 같음 ㅋㅋㅋ

나는 부모님 여행 취향 고스란히 물려 받은 케이스..",0
어빵 파사삭 쵸르릅,0
언제쯤 나는 나를 사랑해줄수있을까,1
예!,0
화병때문에 너무 힘들어요 딱 죽고싶네요..ㅠ,1
아빠가 죽었으면 좋겠다.,1
구할 수 있을까요..??,0
공급곡선이랑 한계공급곡선 차이점 알려줘ㅜㅜㅜ,0
"꿈을 자주꿔
매번 내가 죽거나 떨어지거나
예상했던 최악의 상황이 벌어진다거나

기분이 좋지않은건 꿈에 나오는 상황이 일상과 별반 다르지 않다는거야
너무 있을법한 일들이라 더싫어

부정적인 꿈들을 꾸는 것도
내 부정적인 생각때문일까",1
"1. 대성균관대 합격
2. 적성살려 꿈 실현
3. 다음달 실수령 870만원",0
❤️❤️❤️❤️❤️ 뿅,0
죽겠어 죽고싶다고,1
죽기 전에 제일 하고 싶은게 뭐예요??,1
죽지마. 죽지마 제발,1
진짜 남들 다 통과한다는 컴활 필기 4번이나 떨어져서 넘 힘들다. 내가 그렇다고 공부 열심히 안한것도 아니고 심지어 4번째 셤에서는 당연히 붙을줄 알고 기대하고 있었는데 역대 최저점수로 떨어져서 넘 힘들다. 가뜩이나 요즘 자리 to도 없어서 지치고 맨날 집에만 있으니까 우울해죽겠고 진로에 대한 명확한 방향도 없고 스펙도 부족한데 이번에 셤까지 거하게 말아먹어서 넘 지치고 힘들다. 진짜 시간낭비만 계속하는거 같고... 근데 더 문제인건 나의 이러한 우울한 마음을 터놓도 얘기할 수 있는 사람조차 없다는게 나를 더 우울하게 만든다. 진짜 울고싶다..,1
한 2시쯤부터 국통론 모르는거 의논할 메이트 찾아욤... 너무 어렵ㅠ,0
하나만 포기해야 한다면?,0
힘들다,1
"여러분 시립 병원 정신과 꼭 가보세요!! 친구 추천으로 다니기 시작한 지 2주밖에 안 지났는데 약 처방도 첫날부터 (항우울제 항불안제) 해주셨고 보통 시간이 좀 지나야 약효가 돈다고 들었지만 저는 플라시보 효과인지 엄청 효과를 봤어요!! 돈도 시립병원이라 나라 지원이 많이 들어가서 첫날 진료비+약비 해서 2만원도 안 들었구요!!!

늘 갑작스러운 감정기복이나 만성적 불안장애를 안고 사는 게 언제 튀어나올지 몰라 뭔가를 시작하기도 두려워하는 성격이었는데 약 덕분에 생활이 그래도 많이 편해진 것 같아요ㅎㅎ 여러분도 부디 제발 마음 아파하며 살지 마세요.. :) 부디 다 마음이 건강해지길..",1
죽고싶다,1
"실패도 스펙이다

오늘 읽은 글중에 가장 위로로 들리는 말이다",1
이름 어디다 써???,0
"그악

#사진도굽나",0
"ㄷ,,",0
저랑 잠깐 통화만 해보실 분 계실까요?,1
"자기 고향의 특산 음식을 알려줘!

대구-중화비빔밥
공주-김피탕

알려주세요!",0
"한번쯤 이길때도 됐다싶지만 아즈문, 타레미, 자한바크시,, 거기다 고지대랑 응원은 우리가 어떻게 할수없는 부분이니.. 지지만 마라ㅎ",0
"나 나중에 엄마아빠 두분 다 돌아가시면
나도 따라서 죽고싶은 생각을 자주 하는데
이게 우울증일까?",1
패드리퍼됨... ㅋㅋㅋㅋㅋㅋㅋ,0
술 잔뜩 마셨어 기분은 좋은데 실신할 거 같아... 나 차라리 알콜중독에 의한 심장마비로 죽으면 안돼? 기분좋게 가잖아 최소한... 낮생각하면 그저 살기싫은걸...,1
"단체에서 만낫는데 둘이 따로 만나서 놀다가 단체사람들이 옆술집으로 온거 우리만 봤는데
일부러 안들키려고하거 숨은거면 뭔가 들키기 싫은 뭔가 있는거겟지..? 걍 가서 인사햇어도 됏는데 왠지 모르게 아는척하기 싫엇어 ㅋㅋㅋㅋ",0
나 연락안한지 이틀됐어! 축하해줘,1
율전러인데요 정신과상담 한번 받아보고 싶은데 어디로 가면 되나요? 정신병원으로 가면 되나요? 근처에 있나요?,1
의미없는 일상적인 대화를 나눌 친구가 없어. 자취하는 집에 혼자 있으면 아무 말도 아무랑도 하지 않아. 연락은 가족들이랑만 하고. 알바 때문에 집에도 못 가는데. 주변에 아무도 없구나. 새해부터 혼자구나.,1
"안녕하세요 게시판 만든 사람입니다 다들 잘 지내고 계신가요? 전 하루하루 지겹고 힘들지만 무난히 지내려 노력 중입니다...

다름이 아니라 정보를 쌓고 공유하고자 제가 개설한 블로그에 학우 여러분이 가보신 병원이나 상담센터 중 좋은 곳을 이 블로그에 있는 글처럼 공유하거나 (https://m.blog.naver.com/leeojsh/220852877049) 복용해보신 약에 대한 정보 등을 블로그에 모으면 좋을 것 같은데...혹시 이 생각이 괜찮다고 느껴지시면 댓글로 가보신 병원/상담센터나 약에 대해 알려주실 수 있을까요?

아님 블로그에 올려서 같이 공유하면 좋을 것 같은 것이나 (개인적인 경험, 좋은 정보, 영상, 글 등) 궁금한 점들 알려주시면 제가 거기에 대해 올리도록 하겠습니다! 제가 블로그를 잘 안 해봐서 뭘 올려야 좋을지 잘 모르겠네요ㅠㅠ 도와주시면 좋겠습니다

다들 새해 복 많이 받으세요 감사합니다♥?",1
"진짜 갖고 싶었던 화장품이었는데,
국내에서 단종된 색상이라 있을 때 샀어야 하는데
가격이 고민돼서 며칠 묵혀뒀다가 들어가 보니
이제 구할 방법이 없더라.

어떻게 화장품 하나 제대로 못 사지?
어떻게 사람이 이렇게 결단력이 없을 수 있지?
어떻게 그 며칠 동안 까먹을 수 있지?
어떻게 며칠 지나도 재고가 남아있을 것이라고 안일하게 생각할 수 있지?

그렇다고 또 직구를 하려고 보니
한번도 시도해본 적 없어서 무서워지고
디올은 짝퉁 많다는데 설마 짭을 받을까 또 무섭고
이렇게 간단한 일도 무서워서 못 하는 걸 보니
난 화장품 덕질할 자격은 없나보다. 울고싶어",1
잘하는 수선집 아시나요?,0
죽으려고 매달렸던 순간이 자꾸 생각나,1
여기서 '내가 죽으려고 생각한 것은' 추천받아서 들어봤는데 진짜 좋다.. 일본 노래 안좋아해서 한번도 들어본 적 없는데 이건 며칠째 반복해서 듣고 있어,1
"이렇게 한번씩 몸 아플 때마다 그냥 죽고싶다..
하..",1
"열심히….는 못살아도
이것저것 해보면서는 살래",1
"요즘 창모 윤진영 이런 애들이 왜 잘생겨보이지..
못생긴애들한테 빠지면 답도 없는거라던데...",0
그룹과외 경우 할인 보통 어떤식으로 들어가여 ㅠㅠ?,0
"샀는데 부품은 케이스만 산 상태
보호필름 필수로 붙여야해?",0
"난 기분이 너무 왔다갔다하고 혼자서 너무 많은 생각을 해버려서
그 누구도 진짜 나를 알게되면 사랑하지 않을 것 같다는 생각이 든다.
그래서 밝은 모습만 보여주려고 속인다.
내 감정을 숨기려고 노력하다보니 조용히 그 관계에 피곤해져버린다.
나를 속이지 않으면 사랑 받을 수 없고
나를 속이면서는 사랑할 수가 없다.
회피성향인 내 모습 때문에 괴롭다.
혼자가 최선이라는 걸 알면서도 다른 사람에게 이해받고 사랑하고 싶다는 미련은 더더욱 괴롭다.",1
눈물나게 힘들다...,1
?,0
최대산소섭취량 얼마나와?,0
정말 다시는 다시 태어나고 싶지 않은 세상입니다,1
치킨 보고가라,0
모솔이면 하자라고 느껴지는 나이야?,0
너무 죽고싶어요,1
"가려고 하는데 경주 어디가 좋은가요??
초딩이후로 처음입니다!!",0
에타가 조용한느낌,0
알바몬에 4명이나 구한다는데,0
"아 또 우울한 감정 도졌다
매번 대처하기 곤란하다 늪에서 빨리 빠져나오길",1
이 정도면 충분히 산 것 같은데,1
아무도 나를 미워하지 않았으면 좋겠어. 싫어하지 않았으면 좋겠어. 욕심인 것 알면서도 매번 바라.,1
누적로그정규분포함수부터 정신줄 놨는데 어차피 이거 식 안외우고 내용만 알면되겠지?? 근데 수업에서 풀어준 연습문제에는 있길래 좀 당황스럽네,0
"다른 학교 가게 돼서 입학금을 안 내고 있었나(기억 잘 안 남) 아무튼 그랬는데 성대에서 전화가 왔대 입학 안 하시는거냐고
근데 어떤 남자분이었는데 목소리가 잘생겨서 순간 혹할 뻔 했댘ㄱㅋㄱㅋㅋ 누굴까ㅋㅋㅋ??
20학년도 입시였음…ㅋㄱㅋㄱㅋㄱㅋ",0
이상한짓 할거아니고… 인스타스토리에 올라온투썸음료가 너무맛잇어보이는데 한번도못봤던거라… 근데직접물어보긴또 친한사이가아니라서ㅠㅠ,0
"각인있는 아르마니 틴트 발견하신 분 있나요.?.?
타대 친구가 어제 5시쯤 왔다갔다는데 잃어버렸다고 해서요!
이미 하루나 지나서 못찾을거라고 했는데 진짜 소중한 거라고 그래도 올려달라고하네요ㅜㅜㅠㅜ 제가 갈 수 있으면 가보는데 하필 본가라 여기에라도 올려용..",0
왤케 졸리지... 얼마전까지만 해도 못자서 낑낑댔는데 갑자기 너무 졸린다,1
야끼밥 보고가라,0
미친년,1
"안 될 새끼한테 안 된다고 말하는게 잔인한가?
안 될 새끼한테 너도 될 수 있다고 말하는 게 더 잔인하지 않나?",1
"오늘 아침부터 공부할건데
만점 근접하게 가능? 안정적인 에쁠이 목표인데
너무 놀았다
매주 강의 듣고 필기 복습은 다 했음",0
가끔씩 고딩친구들 얘기가 나올때마다 다들 10대동안 소중한 추억 많이 쌓고 그때 사귄 친구들을 마음의 고향으로 두는 것 같은데 나는 그러지 못하고 오히려 정반대여서 소외감들고 공허하다..,1
"나 왤캐 못하지
자세히 말하긴 어렵지만
일배운지 6개월째인데 아직도 너무 못해
계속 혼나고 계속 뭔가 잘못하고
너무 속상해서 잠도 잘못자고
눈뜨면 진짜 자살하고싶다",1
나 엄청 어렸을 때 하도 볼 꼬집고 맨날 놀려서 엄마한테 이르고 울었는데 서울대 의대에서 박사까지 하고 작년부터 교수됐네................아산병원에서 일하네....근데 나이가 마흔이라 오빠가 아니네........,0
"미치게 불안하다... 아무것도 안하는건 분명 아닌거 같은데 쉴때 조차 불안해서 마음 편히 쉬질 못하겠다
어떡하지..
여러분은 쉴때 마음이 불안하면 보통 어떻게 하시나요??",1
"선배님들
요즘 중도 자리 경쟁 치열한가요?
제가 예약?하는 좌석은 할 줄 몰라서 4층을 써야하는데 집이 조금 멀어서 갔다가 자리 없으면 좀 그럴까봐요ㅠㅠ
그리구 중도 몇시까지 열려있는지도 알려주세요!",0
"학벌을 별로 안보는 직업? 에서 고학벌인 사람 보면 뭔가 특히 오오오 하게됨
딱히 학벌 낮다고 무시하는 건 아니지만 그냥... 뭔가... 뭔가...",0
너무이뻐히히힣 시험기간 고생한 나를 위한 선물😘😘,0
슬플 때 웃는자가 일류다ㅎㅎㅎㅎ,0
"어떻게 하면 자존감을 높힐 수 있을까?
이렇게 물으면 다들 자기를 사랑하라 하는데, 대체 자기 자신을 어떻게 사랑하는데.",1
"다들 병원 어디다니시나요..??
처음 가보려고하는데 생각나는 곳이 세브란스밖에 없어서요
근데 세브란스 갔던 친구가 상담은 절대 없고 그냥 질문몇개하고 끝난다고 비추라고해서..
그리고 혹시 다들 보험처리하시는지도 궁금합니다 도움부탁드려요",1
"나는 쓸모가 없다
없는게 나은데",1
어쩔탈락 ㅋ 어쩔졸업 ㅋ 어쩔학점ㅋ 어쩔시험ㅋ 어쩔삼성ㅋ,0
"서울 9급하면 ,,,

솔직히 한달에 100 저축하기도 진짜 빠듯할텐데

허름한 구축 아파트도 5억하는 마당에

100만원씩 매달 모아도 40년동안 5억 될까말까 ㅋㅅㅋ ,,,

집값은 집값대로 올려놓고서, 뒤늦게 주택담보 대출만 규제하고 ㄷㄷ

그냥 나가 주거야댈듯",0
어려웠는데...선배림들한테 썰릴 준비할게요..,0
그래 차라리 혼자가 편해,1
"우울증약 6개월째 복용중이고 학교도 비대면이다보니 이렇다 할 사회생활이 없었는데 드디어 나 알바 구했어...!!

비록 주말 각각 5시간밖에 안되지만..ㅜ",1
원래 없던 사람이고 싶다 남은사람한테 상처안주고 사라졌으면 좋겠어,1
"밑에 (알수없음)나오는 글쓴이입니다. 에타 탈퇴하고 재가입하게됐는데 저렇게 뜨네요 ㅎㅎ 답글다신분들 걱정해주셔서 감사합니다.
학기시작하고 아침에 움직이기힘들고 공부에서 과도한 스트레스받는게 처음은 아니예요. 정신과진료도 몇번 받아봤고 우울증 진단도 받았었는데 2년 공익근무하면서 다 완치됐다고 생각했는데 다시 재발한거같아 좀 속상하네요. 학교주변 병원 추천부탁드려요. 약물치료하면서 기운 먼저 내야할거같아요.",1
진짜 죽고 싶다,1
".

누가 내 목을 잘라서 보존병에 넣어줬으면 좋겠어.
그동안 내 몸은 목 없이, 또는 나보다 나은 사람의 목을 얹고서 할일 다 하고.
모든 일이 다 무사히 끝나고 나면
그때 다시 합체해주면 좋겠어.",1
학교 상담이 끝나서 병원을 다녀보려고 하는데.. 병원을 한 번도 가본 적이 없어서요. 주기적으로 계속 상담을 받는다고 하면 대강 얼마정도 드는지 알 수 있을까요?,1
"행복하게 살고싶다
고통없이",1
"우울증 해결 한 방법

요가, 크로스핏

동물처럼 본능에 따르며 살기",1
"약 먹어도 될까요? 내 증상이 과연 신경전달물질의 문제로 인한 건지 아니면 내가 자꾸 스트레스 받는 식으로 행동해서 그런건지 모르겠어요. 의사선생님은 생물학적으로 문제가 생겨서 부정적인 생각이 드는 거라는데 솔직히 이 분은 생물학적인 설명에 치우치신 것 같아서 조금 망설여져요. 최근에 정혜신 선생님의 당신이 옳다를 읽었는데 그 분이 약물로 모든 게 해결된다는 태도를 비판하셨는데 저도 그런 의견 쪽에 가깝거든요..
드셔보신 분들께 이야기 듣고 싶어요. 그래도 먹는 게 나을까요?",1
"저의 첫 산문집
“잘지낼 자신이 없어요” 가
부크크를 포함한 모든 도서 유통사에 온라인으로 유통이 됩니다.
부크크 가 아닌 교보문고 알라딘 등등에서 구매하실 경우
구매 과정이 조금 더 간단할 것으로 보이며,
배송료도 무료로 풀려서 좋네요

책은 현재 온라인으로만 유통될 예정이고,
미리 인쇄되어 있는 책을 발송하는 것이 아닌,
주문 시 인쇄 후 발송되는 시스템이라서
배송기간이 영업일 기준 2~8일까지 소요될 수도 있습니다.

그 외에 인스타그램을 통해서도 글귀를 종종 공유하고 스토리 하이라이트로 기록하고 있으니 한번 놀러와 주시는 것도 좋을 것 같네요
gwal___ (김동관)

또한 책을 받아보시고 읽어보신 분들께 감히 부탁하나 드려보고 싶습니다.
책을 읽고 나서 느낀 감정과 생각을 서스름없이 제게 알려주시면 너무너무 감사드리겠으며,
저의 다음 활동에도 큰 귀감이 될거라 생각됩니다.
감사합니다",1
뭐가 제일 맛있어?,0
맛있는게없고 아무것도 하기싫다 ㅎ,1
주변 책상 보일려면 웹캠 써야하나요?? 다들 어떻게 하세요,0
"주변 반응 진짜 신기하게 딱 셋으로 나뉨
진심으로 축하해주면서 이것저것 조언해주는 친구,
부러운건지 은근슬쩍 계속 까내리는 친구,
아무 관심 없는 친구.",0
다들 어케 공부하고있냐?,0
너무 맛있어🤤,0
"핫게보고 오랜만에 우울증 게시판에 찾아왔어요.

다들 오늘의 하루는 어떠신가요?
하늘은 하늘색이지만 혹시 회색빛처럼 느껴지진 않으시는지요.
지나가는 사람이 행복해보여서 되려 내가 우울해지진 않으시는지요.

저는 3시즌째 취준중인 15학번 여학우입니다.
저는 우울증 약을 먹고 있어요.
내원을 했던건 2월, 제가 공황발작으로 쓰러질뻔한 일을 겪고 이상하게 생각해 내원했었습니다.
2만원이 채 넘지 않는 검사를 통해 알게 된 건, 제가 우울증과 약간의 불안장애, 강박증이 있다는 거였어요.
다행히 불안장애와 강박증은 심하지 않았으나 우울증이 심해 약을 복용하기 시작했습니다.

약을 먹는다고 모든게 나아지진 않더라구요.
여전히 죽고싶다는 생각이 들때가 있었고, 두려워하는 상황을 마주하면 미친 사람처럼 울면서 소리만 질렀던 적도 있습니다.
아무 이유도 없이 눈물이 흐를때가 있었고, 심장이 계속 뛰어서 짓눌리는 것 같은 아픔을 느끼기도 했어요.

그렇지만 분명 약 먹고 삶의 질이 한층 나아졌습니다.
저는 조금씩 긍정적인 생각을 하기 시작했고, 생각의 경로를 바꾸려고 노력하곤 합니다.

우울증 약이 생각을 둔하게 만든다는 말이 있어요. 이에 동의하긴 합니다.
아 죽지 말아야지 라는 생각을 하게 하는게 아니라,
아 죽고싶다 죽고싶은데 음 아 죽고.. 아 배고프다 뭐먹지 약간 이렇게 생각의 진행을 방해하는 것 같아요.

저는 상담은 받고 있진 않아요.
금전적으로 힘들것 같기도 하고, 상담의 부작용을 한번 겪어봤거든요.
지금은 2주에 한 번씩 내원해 약을 복용하는 정도만 하고 있습니다. 그러니 한 달에 2만원 조금 안나오고 있어요.

마음이 아프시거나 내가 정말 좀 이상해지신 것 같은 분들, 겁내지 말고 진료 받아보셨으면 좋겠어요.
진료 받아 보는 노력 한번 해보는거 나쁘지 않아요.
사실 전 생각해보면 매일 죽고싶은 건 아니었거든요.
맛있는 떡볶이 먹을 땐 행복하고
버블티 한입 물때는 즐겁고
그랬던것 같아요.

이 세상을 살아나가기엔 내가 너무 여려서,
지금 힘든게 지나가길 간절히 바랄 뿐,
이 세상을 아예 등지고 싶진 않았더라구요 저는.

이글을 읽는 모두 오늘의 하늘이 조금이라도 더 밝게 느껴지길 바라며, 전 이만 공부하러 가볼게요.",1
그전에 교수님 죽여도 되는거지,0
"여기 글 처음 써보는뎅
나 자해 너무 심한거같아
한달정도 참다가 욕구에 지배당해서 핵 그어따",1
조증이 올때마다 사소한 것 하나하나에 머리가 아프고 얼굴이 시뻘게질 정도로 화나는 거 너무 싫다 그나마 충동조절장애처럼 주먹이 무의식적으로 나가는건 아니지만 화난 티가 다 나서 힘들다,1
"오늘도 아무것도 안하고 누워서 시간보낸다
할일이 없는것도 아니고 따져보면 엄청 바쁜데
하기싫어서 맨날 누워서 쓸데없이 시간보내다가
코앞에 닥쳤을때 헐레벌떡 하기시작해서
같잖은 결과물 내놓고 또 거기에 자괴감느껴져서
다시우울해하고 그런 하루의 반복",1
"내가 사랑하고 동경하는 수많은 '너'는

날 싫어하면 좋겠어
미워하고 증오하고 더럽다고 욕하면 좋겠어
모기를 죽이는 마음으로 날 짓이기면 좋겠어
그 계절이면 떨어지는 나를 잡아다가 밟고 찢고 썩게 방치하면 좋겠어",1
하.... 나 왜 이러냐.... 막 자신감도 없고 새로운 사람들 하고 대화하는 것도 어렵고 막 만나고 오면 진 빠져서 다시는 가기 힘들고.... 피해망상도 좀 있는거 같고 뭔가 다시 시작하고싶다.....,1
그런말 할거면 소개시켜줘!,0
공부해서 좋은 직장 얻으면 예쁜 여자들 줄 선다는 거짓말에 속아가지고 ㅠㅜ,0
"아무리 빨라도 11월부터 위드코로나라는 건데

그러면 11월에 대면 수업 한다고 해도 겨우 2달 때문에 자취방 계약 해야되나 ?? ,,,

어렵다 어려워",0
.,0
"절망밖에 안 보여.
애인 우울증 더 심해졌고 이젠 모르겠어. 매순간 얘가 죽을까봐 무섭고 우울할까 무서워. 나아지지 않을 거야. 영원히 불행할 거야. 병원도 가기 싫어. 나아지지 않을 테니까. 너무 아득해서 죽어버리고 싶다. 그게 안 되면 그냥 잠만 자고 싶다. 존재하는 게 너무 버거워. 너무 무서워.",1
"구입비용/최저시급 = 시간

ex) 6000원 / 8720원 = 0.69시간 = 41분 24초",0
"계절 들으실분
GLS > 수업영역 > 계절수업 수강수요조사",0
"자살하고싶어...
자살하고싶어",1
"성병 걸릴 가능성 없지???
에이즈 말구",0
그냥 아무것도 모르겠다,1
강평들어가니까 안하면 성적공시기간에 못본다는데,0
"약 먹기싫어??ㅑ의어어ㅓㅓㅓㆍ
힘들어",1
"어릴때부터 아빠는 엄마랑 이혼하셨고
밖에서 일하시니깐 어쩔 수 없이
친할머니랑 언니랑 셋이 지냈는데
할머니는 나를 왜때문인지 모르겠는데
싫어했고 차별하면서 자랐어.
먹을 것부터 시작해서
내가 좀만 먹으려하면 나보고 맨날 조금 먹으라하고
김치찌개 같은 걸 먹는다해도 국물 진짜 조금?에
고기 한조각 주는 게 전부였어.
치킨 같은 거 먹어도 어릴때 먹고싶어서 눈치보면서 닭다리 하나 먹으려 햇는데 니꺼 아니라하고 먹지말라하고
아무튼 내가 뭘 먹는 걸 그렇게 아까워 했어.
먹을 거를 사와도 꼭 아빠 언니것만 사오고 내꺼는 안 사왔어.
그래서 아빠꺼 조금 나눠주고 그랬는데
난 그게 속상했어.
할머닌 나 줄 생각도 안했다는 거니까.
한번은 햄버거 네조각으로 나눠서 한조각먹는데
너가 왜 큰거 먹냐고 뭐라하고.
그래서 그 뒤로 나는 뭘 먹고 싶어도
또 못먹게 할까봐 눈치보이고 조금만 먹을 수 있었어.
오죽하면 언니도 할머니가 너 싫어하는 것 같다고 그러고 진짜 차별 심하다 말할 정도였어.
그리고 지금 성인인데도 그래.
한번은 서러워서 운적 잇는데
아빠는 내가 그동안 할머니한테 쌓여온 게 잇는데
그걸 몰라서인지 그런걸로 왜 우냐고 그러더라고.
너무 서럽고 날 싫어하는 걸 초등학생 때부터 저러니까. 이런생각 하면 안되는 거 아는데
이젠 나도 할머니가 너무 싫고 그냥 죽어버렸으면 좋겠어.",1
여기 취준생인 학우님 있어요...?,1
"지금 옥상에서 떨어지면 집값이 많이 떨어지겠지?

하늘을 쳐다보니 그 생각이 제일 먼저 나네
사랑하는 사람들 얼굴도 아니고 그런.
나 너무 최악인 사람같아.

내 주위 사람들은 무슨 죄가 있길래 나를 아는 걸까.

얼마나 더 힘든 일이 생겨야 자살할 수 있을까.",1
"강박장애, 불안장애로 치료받은지 5년째
가끔 남들은 무척 행복한데 나만 이렇게 미치도록 힘든 것 같아서 너무 우울합니다.. 내가 너무 못난 놈 같아요
언제쯤이면 이런 생각에서 벗어날 수 있을까요?",1
중도휴학하면 지금 들은 과목 다 재수강 처리되나요? 아니면 그냥 처음부터 하는걸로 되나요??,0
"엄마아빠 미안해
난 오늘도 자해를 하고
잠좀 자고 싶어서 응급실에 안정제 맞으러 가는길이야
내가 죽으면 엄마아빠 평생 속상할텐데
근데도 엄마아빠한테 짐 하나 덜어주는게 아닌가 싶어 나 때문에 늘어난 지출 때문에 걱정 고생 많잖아
미안한데 엄마아빠, 나 진심으로 죽고싶어.
그게 장기적으로 봤을 때 엄마아빠한테 도움이 될거라고 생각되",1
자낙스 술이랑 먹어서 죽으려면 자낙스랑 술이랑 각각 얼마정도씩 필요한가요?,1
바부,0
"엄청 험한 말을 했다는거야? 에타 눈팅도 잘 안하고 분위기를 몰라서 그러는데 남친이 정지먹었대 시사게에서,, 그정도면 다른 커뮤도 많이할까?",0
같이 자조모임 할사람 있을까요? 모여서 힘든 점 얘기하고 기운내는 의미로 일주일이나 이주에 한번 모이려는데요... 쪽지 주면 연락은 오픈카톡으로 하려하구요 율전이고 저도 조울증으로 오래동안 힘들어서 터놓고 얘기하면 좀 나을것 같아서요,1
"처음 롱부츠 샀는데 길이가 이게 맞나 궁금해서요 ㅜ
무릎 반 정도 위로 올라오는데 저한테 길이가 안맞는건가요? 디자인은 너무 맘에 드는데 길이가 맘에 걸려요ㅠㅜ",0
추천 좀 해주세요 비싸도 괜찮은데 시설이나 서비스 좋은 곳으로! 4인이고 점심부터 하루 종일 있을 듯.. 단체룸 형식이면 더 좋아요!,0
"진짜 앞을 봐야하는데.. 왜 자꾸 17년말(대학 입학직전)~18년(새내기 시절) 에 쓴 글,사진만 보면서 시간을 쓰는걸까 나는?",1
자살하고싶다,1
몇 년 전에는 손목을 자주 그었는데 요즘 들어 그 부분이 시리다... 왜 그러지,1
컨디션이 좀 안좋아서..,0
별이유없이 울고싶어졋다가 숨쉬는게 답답해서 한계까지 숨들이키고 내뱉다가 죽고싶엇다가 감정이 너무 들쑥날쑥햇는데 따끈한 계란 샌드위치 먹으니까 기분이 좋아졋어 내일 또 기분이 왔다갔다 힘들겟지만 지금 잠깐이라도 진정되니까 살거같다 다들 밥 잘챙겨먹고 건강하게 지내,1
잘 공부하고있니..?,0
"다시 약 복용을 시작했어. 몇개월 안 먹었는데(물론 의사랑 상의후) 내가 작년에 너무 힘든 일이 많았는데 작년 이맘때가 딱 그때였거든. 그래서 몸이 반응을 하는지 감기가 아닌데도 온 몸이 너무 아픈거야.

내과에서는 피검사해도 문제가 없으니 우울증 병력이 있으니까 정신과도 가보라 해서 다시 갔지.
예약보다 몇주 일찍 와서 의사가 놀라길래 소상히 이야기하니까, 확실히 그 때 상처가 너무 트라우마로 남았다고, 너무 힘든 거라고 하시더라.

그리고 소량의 약을 다시 복용하기 시작했어. 아직 약기운이 덜 돌아서 그러는지 아직도 몸은 아파.

참 어렵고, 힘들다.",1
"꼭 일부러 그러는 거 같아. 너 믿지 말라고, 계속 불안해하라고.",1
법공부는 너무너무 재밌고 더 해보고 싶은데 로스쿨 갈 경제력도 안되고 머리도 안 되고… 이렇게 말하면 검사 하위호환이라 생각하는 거 같나…? 그러려는 의도는 아니구 진짜 헌법 형법 너무 재밋어서…,0
"자존감은 일상의 성실로부터 온다

하세요
걍 하라고
생각하지말고 그냥 하세요
어디 불 지르고 사람 찌를 일 아니면 그냥 하라고

일단 하세요
아침에 일어나면 그냥 세수하세요
세수하고나서 뭐라도 입에 집어넣으세요
창문열고 환기하고 커튼쳐서 햇빛들어오게하세요
바깥풍경 잠깐 보다가 바로 책상에 앉고 공부 시작하세요
눈에 안들어온다고 다시 내려오지말고 계속 책상에 일단 앉아있으세요 그것만해도 잘한거임
점심먹고 바깥공기쐬고오세요
다시 책상에 앉으세요
멍때려도괜찮으니까 일단 앉으세요
저녁 먹고 하고싶은거하고 누우세요
폰 떨어뜨려놓고
오늘 내가 뭐했지? 생각해봤을때
대박 아침에 일어나서 세수했음 ㅇㅋㅇㅋ
대박 삼시세끼 다 챙겨먹음 ㅇㅋㅇㅋ
대박 산책도 다녀옴 ㅇㅋㅇㅋ
대박 알바 지각도 안함 미쳐따 무대를 뒤집어놓으셨따 ㅇㅋㅇㅋ

뭐든 했으면 됩니다
뭐든 했으면 된거예요
그거면 잘 살고 있는거예요",1
룸메들어옴..민망,0
"나 이런 사람 아니었는데.. 매사에 자신있고 용기낼 줄 아는 사람이었는데... 세상이 너무 무서워.. 이런 말은 중이병같은 오글거리는 대사라고 생각했는데 진짜 너무 무서워..

하루하루 사는게 재밌지가 않고 그저 버텨가는 것 같다 너무 공허하고 나는 대체 무슨생각으로 사는지 모르겠다 나도 내 행동, 선택을 이해할 수 없어

나는 왜 살까..나는 꼭 고생하는 우리 엄마아빠 동생들 행복하게 해주고 싶었는데 왜 이렇게 제대로 하는게 없지? 내 주제에 안맞게 너무 많은걸 바랬었나?

요새는 인지능력도 떨어지는 것 같아 이 글이 두서없고 정신없는 것 처럼 그냥 사람이 멍청해지는 기분... 내 상태가 정상이 아니란 건 알겠는데 난 이제 어떡해야 할까... 당장 내일 하루를 보내기도 무서워...",1
너무 아프다 죽고싶다 하,1
"우울증인지 아닌지는 모르겠어. 어떤 때는 미치게 우울하고 자괴감 열등감에 몸서리치다가도 또 언제 그랬냐는듯 멀쩡하게 살기도 하고, 신나게 놀고 와서는 갑자기 집 가는 길에 스스로가 한심스럽고 남들과 비교하면서 초라해보이고 그러네.
외면관리 내면관리가 자기관리라는데, 항상 ㅂ신 ㅈ밥 이미지에 내가봐도 소심한 찐따같아서 너무 작아지고 성격도 열등감덩어리 저능아같아서 너무 괴롭네
맨날 무기력해서 의욕도 별로 없고 하기 싫어서 미루다 애매한 결과물만 내놓고 누가 노력을 해라 가치를 높여라 조언하면 그게 되면 이따위로 살겠냐며 정당화 하기에 바쁘다
운동도 하고 공부도 열심히 하고 사회활동도 하고 바쁘게 살아도 부족한게 시간이고 남들 다 그렇게 사는거 같은데
난 게을러서, 두려워서, 무기력해서 사람도, 공부도, 일도 하던거 이외로 확장하는게 싫어
이래서야 발전이 있을까? 이대로 죽으면 후회하지 않을까? 난 왜 이렇게 살지? 부정적이고 탓만 하는 내가 싫어",1
스트레스 받을 때마다 자는 거 지겹다. 하루가 다 망가지고. 그렇지만 매번 잤더니 이제 정신 붙들고 못 이기겠어.,1
"등신
머저리~~~~~~~~~~~~",0
까고 글삭한거야...?,0
생일선물 5만원 선에서 골라봐라던데 부담주긴 싫어서 비싸도 4만원 조금 넘을랑말랑하게? 고르고 싶거든... 3만원대가 제일 좋고. 근데 뭐 사달라할지 모르겠어ㅠㅠ 옷도 별로 없긴한데 저 가격대에서 고르기엔 애매하고 요새 피부에 관심있긴한데 딱히 떠오르는 게 없다... 너희라면 뭐 사달라고 할 것 같아? 굳이 내 입장에서 아니더라도,0
"덕지덕지 그대들의 그릇에 지워지지않는 기름때, 누텔라 에용 알아서 지우셈 ^^",0
"힘들어도 만날 사람 있는 사람 부럽다

딴 데서 힘들어도 잠깐 기분 좋을 수라도 있지

난 24시간이 불행함, 솔직히 사람들 잘 만나고 놀러다니면서 불행하다는거 보면 약간
약오르지만 부러움",1
"막 선하진 않지만
누구랑 있어도
모나지 않고
불쾌하게 하지 않고
둥글둥글

그런 사람 옆에 있는게
제일 마음편하더라
나도 그런 사람이 되고싶어",0
도서관이나 팬도로시 열었나요??,0
"다들 힘내

오늘도 수고했어",1
"쇠똥구리들만 모아놨나

좀 잠잠해지나 싶으면
은근슬쩍 질문하는척 한두놈 기어나오더니
지가 대단한 팩트 폭행하는줄 아는놈들 몰려나오고

걍 모쏠찐따들 망상같으면 병먹금하고

설거지론이 현 시대를 관통하는 대단한 통찰력있는거 같으면 혼자서 감탄해라",0
가족이 실종되는 거랑 자살하는 것중 뭐가 낫다고 생각해? 고민 중인데 뭐가 괜찮을 지 모르겠어..,1
"안녕하세요
전 몇년 전에 아래 사진 느낌의 꿈을 한달동안 똑같은 꿈을 꾼적 있어요
이런 경험 있으신분 있으신가요",1
"10년지기 친한 친구이고, 어릴때 집에 자주 놀러가서 동생이랑도 아는사이야.
여동생이고, 요리쪽 고등학교 다녔던데 올해 고3이라 수능을 본대!

후보로는 치킨 기프티콘, 고디바 초콜릿, 제니쿠키 중 하나로 생각 중인데 뭐가 나을까? 다른 좋은거 있다면 추천해줘!",0
😭😭😭ㅅㅂ 내병고쳐내,0
"캠켜는 거 혹시 폰으로 옆에서 찍어야 되나요??
문제 스캔하려면 폰으로 해야 되는데 폰으로 캠켜고 있으면 어떻게 하세요…??",0
"자살하고 싶어
죽었으면 좋겠어",1
"오랜동안 염탐만 하다가 궁금한게 있어서 글 올려봅니다.

자해를 하면 무조건 우울증 (및 정신건강의학과에 방문할 만한 병들) 이라고 보는게 맞는건가요?
어떤 사람이 크게 마음이나 일상에 문제가 없다고 느끼는데 자해만 한다고해도 병원에 가봐야되는 건지 잘 모르겠어서요.
자해를 하는게 좋지는 않겠지만, 전 그저 스트레스 해소라고 생각되는데 그게 그렇게까지 나쁜건지 잘 와닿지 않아요.
저는 자해를 깊게 하는게 아니라서 응급실에 갈만큼도 아니고, 소독도 꼼꼼히 해서 덧나지도 않구요
참고로 애초에 제가 상처나 아픔에 원래부터 무딘 성격인건 맞아요!

이와 관련해서 다른분들의 솔직한 생각이 궁금합니다!
자해는 무조건 나쁘다, 주위 사람들이 마음 아파할 걸 생각해봐라 이런 말들은 안 해주셔도 괜찮아요ㅎㅎ",1
나는 진짜 병일 정도로 과민하고 불안증이 심해서 별 것도 아닌 일에 서운하고 마음이 상하고 아닐 게 뻔한 일을 의심하는 사람이라 그런 나를 스스로 못 견뎌서 연애하는 나를 내가 못 견뎌서 헤어지자고 했어. 관계 자체가 많이 아슬아슬하기도 했고. 관계를 다 망친 일에 행복했을 때가 자꾸 떠오를 때마다 울음이 나긴 했는데 그래도 후회는 안 했어. 번호도 카톡도 사진도 다 지웠어. 그러다 걔가 보내줬던 음성 파일 하나 안 지운 게 생각났는데 또 울었어. 나 지금 꼴 사나운 거지 연락하면 안 되는 거지,0
"우린 존재 자체로 행복하다
새가 하늘을 나는 것, 물고기가 헤엄을 치는 것처럼 태어난 대로 자신을 표현하며 산다는 그 존재 자체가 우린 소중한 것이다",1
주차장은 아무리 짱구 굴려도 모르겠네;;,0
ㅋㅋㅋㅋㅋ,0
"아프고
막막하다
희망이 있었으면 좋겠는데
그냥 존나 억울하다
내가 죽으면 너 탓이야 동생아",1
"국장 생활비 대출을 햇는데 혹시 부모님 연말정산할 때 다 나오나요? 제가 올해 인턴하면서 소득이 잡혔을 것 같은데 그럼 저는 부모님 연말정산할 때 빠지게 될까요?
혹시 같이 소득으로 잡히나 해서요! 아시는 분 꼭 답변 부탁드립니다! 🥲🥲",0
"힘들다 진짜진짜 힘들어.....
죽고싶게 만드는건 정말많은데 살고싶게하는게 하나도 없어
진짜 힘들어 내일 눈 안떴으면 좋겠다",1
"나약해지지말자

내가 매번 가슴에 새기는 말인데

매번 나약해지네

다시 한번 나약해지지말자

난 강하다",1
"누가 나한테 권총 한자루에 총알 한 발 채워서 주고
죽이고 싶은 사람 죽여도 무죄를 보장하겠다 하면
난 내 머리에 바로 쏴버릴거야",1
"요즘 다시 무기력해진 기분이야.
죽기전에 꼭 해야지 했던 리스트 중에 한가지를 해서인가
그냥 뭔가 삶에 대한 미련을 조금 놓은 것같아
그래서인지 언제 떠나도 될것처럼
유서를 제대로 남겨야 할것같은 기분이 들어
지금까지는 그냥 의식의 흐름처럼 메모해놨거든
내가 아끼고 사랑하는 사람들한테
마지막으로 하고싶은 말들
언젠가 내가 죽으면 누군가가 발견해줬으면 좋겠다
사람이 죽기전에는 자기가 곧 죽는다는걸 안다잖아
지금 내가 느끼는게 그런거였으면 좋겠어
더이상 누구랑 관계를 두껍게 쌓아서
결국 그 사람한테 상처만 남게되는 사람이 되고 싶지 않아
친구가 나를 어떻게든 끌어내 보려고
매일 연락하고 전화걸고 줌으로 수업도 해주는데
여전히 죽고싶다는 생각에 죄책감으로 마음이 아파
직접적으로 죽지말라는 소리까지 들으니까
나 안 죽을거라고 거짓말도 했어
괜찮아지고 있다고 행복해지려고 힘든것뿐이라고 했는데
사실 한 순간도 괜찮은적없었어
내가 무너지고 부서져도 다들 괴로워하지 않으면 좋겠다
어차피 난 죽으면 슬퍼하는지 어떤지도 모르잖아
그냥 아무런 타격도 영향도 없었으면 좋겠다",1
둘중 뭐가 나을까요 1월입대입니다 ㅎ ㅠ,0
왤케 지저분하고 우악스럽냐... 뭐 먹는지도 모르겠는 이상한 음식도 많고,0
다음주부턴 행복해질수있을 것 같다!! 뭐든지 할 수 있을 것 같아!!!!,1
카키 vs 네이비,0
참을인 셋을 참는다,0
혹시 코로나 터지고 우울해지고 무기력해지고 부정적인 생각 많아져서 정신과 상담 받아본 사람 있나요? 이야기 듣고 싶어요!,1
남사친이랑 연애하기에는 너무 친해져버린거같아 되돌릴 방법 없겠지,0
"살면서 처음으로 연애를 시작했다.
사람을 믿고 신뢰하는 것에 너무 두려움이 생겼던 내가 사람을 처음으로 믿을 수 있게 되었다.

행복했다.
나를 사랑해주는 그 말들과 마음이 눈에 보이는 것이 나에겐 너무 큰 행복이었다.

신기했다.
사랑받을 수 있다는 것이 나에겐 그저 신기했다.

무서웠다.
어쨌거나 사람은 만남과 동시에 헤어짐을 겪게 된다는데 그 언젠가 우리의 관계가 끊긴다는 것이 너무나도 불안했다.

나를 못 믿는 너의 모습을 봐버렸다.
죽어버리고 싶었다.
부모한테도 못 받았던 사랑을 준 너가, 아무도 못 믿는 내가 굳게 믿었던 너가 나를 의심했다.

그냥 그 순간 나는 이 모든 것이 언젠가 곧 끝날 것이라는 걸 직감했다.

너의 말과 행동에 어떤 의미와 의도가 담겨있었는 지는 모르겠지만, 나는 매분 매초가 불안하고 죽을 것 같았다.

살아감에 있어 하나의 의미있는 존재와 이유가 온통 너였는데 그게 없어졌다.
불안해졌다.
이러다 나도 나를 믿지 않고 포기해버릴까봐 두려워졌다.
이번 프로젝트 팀장 맡았는데, 친구랑 공모전 준비하기로 했는데, 저번 주에 시킨 바지 아직 도착안했는데.
죽고 싶다.",1
원래는 안고 있을 물건이 필요해서 인형을 샀는데 이젠 인형을 자꾸 모으고 있어요,1
"잠이 좋더라
꿈속에서는 아무렇게나 행동해도 꿈이니까
하도 꿈을 많이 꿔서 그런지 이제는 현실이랑 헷갈려
이번 추석에 집 내려와서
미쳤다고 강의 다 밀려놓고 며칠째 잠만 잤어
우울감이 없어지는 느낌이야??",1
너무 재밌다 ㄹㅇ 너무 재밌다,0
"210315 월요일

룸메 언니 덕분에 생활 패턴이 많이 좋아졌다. 1시 이전에 자고 늦어도 9시에는 일어난다. 낮잠을 자긴 하지만 밤낮 바뀌어서 새벽에 일월 돌아다니는 것보단 낫다고 생각한다. 요리하기 힘들고, 노래 크게 듣기 눈치 보이고, 자해 못한다는 건 아쉽다.
아침 먹고 씻으면서 내 장례식을 생각했다. 나한테 영문 모를 안읽씹 당하는 지인들은 날 이해하려 할까 말 한마디 없이 죽었다고 욕할까? 몇이나 오려나. 내 소식은 얼마나 느리게 거미줄처럼 퍼질까? 내 이기적인 행동과 생각은 그들을 농락하는 건가?
과제 세 개를 버렸다. 이제 두 과목 남았다. 얼마나 가려나. 휴학을 했어야 했나.
계속 연락이 온다. 저의를 모르겠다. 물어버리고 싶다.
오지랖이 너무 넓다. 제발 적당히 하자.
좋아하고 하고 싶은 것들만 하면서 살고 싶다.
돈 많은 사람이 되고 싶다. 학교에서 자취하면서 요리 하고 싶다. 호박죽이랑 미역국, 달래냉이된장찌개, 샌드위치 등등 만들어서 나눔하고 싶다. 여기 사람들이랑 밥 한 끼 먹고 싶다.",1
요즘 많이 하는 생각,1
"몰티져스먹고있었는데 몰티져스 광고가 나오네
평소엔 본적도 없는데",0
"시험기간이거나 바쁜 시즌이 오면
계획 속 완벽한 나를 꿈꾸며
이것저것 통제하는데

나름 또 사람 만나는 거 좋아해서
밤마다 괴로워해

내가 성공한 사람이 되길 바라는 마음과
속으로는 여유를 부리면서 타협하고 사는 걸 꿈꾸는 마음이 충돌해서
진로를 정할 때나 시험기간에 특히 괴롭다",0
우울증 약 처방받아 먹고 있는데 저녁에 먹는걸 깜박해서 아침에 먹어도 될까요?,1
"둘 다 한 문제씩 틀렸는데,, 딴 사람들 대부분 만점이니까 리스크 크겠지…? ㅜㅜ",0
"그래도 아직은 한바탕 염병떨면서 울고 나면 해봐야겠다는 생각이 들어
다행인거겠지?",1
"동생 뺨을 배구 공 스파이크 때리듯 후려쳤다.
짜릿했다.
엄마 어깨를 야구방망이로 휘둘렀다.
통쾌했다.
동생 물에 수면제를 넣었다.
그제서야 난 안도했다.
.
.
이러한 상상을 수만번씩 한다.
루시드 드림 꾸고싶다.",1
"💯성균관대학교 영어 (유아~고등) 과외 선생님 모집! (시급 3만원)

신청 기간: 10/24 ~ 10/28 오후 1시

(신청서 접수 후 자기소개서 제출 및 면접은 10/28~11/3 예정입니다.)


안녕하세요, Y-English입니다.

Y-English는 올해 1월에 출시된 유아/초등 중심 영어교육 통합 과외서비스로,

학생마다 대학생 영어 선생님을 파견하여 양질의 영어 교육을 받도록 하기 위하여 저희와 함께할 성균관대학교 재학생/졸업생 선생님들을 모집하고 있습니다.


10월부터 성균관대학교에서 새롭게 선생님을 모시려고 하니, 많은 지원 부탁드립니다!


시급(60분 기준)은 3만원이며,

매달 1일에 지난 달에 진행하신 수업 시수만큼 수업료를 드리는 방식으로 급여를 지급해드리고 있습니다.


현재 계신 170명 이상의 선생님들 중 90% 이상이 1개 이상의 과외 요청을 받으셨으며,

50% 이상이 1~9개의 과외가 매칭되셨습니다.

Y-English의 장점은 다음과 같습니다.

👍 거주지역 주변의 학생과 매칭
👍 나에게 과외 요청이 있을 경우 카톡/전화 알림
👍 시급은 무조건 3만원.
👍 학부모 측의 늦은 과외비 입금, 과외비 깎기 등에서의 자유.
👍 선생님을 위한 유초등 영어과외 Q&A 서비스.

지도 분야별 우대사항은 다음과 같습니다.

[내신/수능]
😊 내신/수능 유경험자 (영어 1등급)
😊 내신/수능 영어과외 유경험자
😊 한국 소재 고등학교 출신

[유초등 영어]
😊 원어민/준원어민급의 유창한 영어실력
😊 유아/초등 과외 유경험자
😊 해외 거주 or 해외 중고등학교 출신
😊 외고/국제고/특목고 출신

[TOEFL]
😊 TOEFL 고득점자
😊 TOEFL 영어과외 유경험자

아래 구글폼을 통한 신청서 제출 이후, 자기소개서 작성과 Zoom 온라인 면접(5~7분)으로 선생님들을 선발합니다.

💥현재 <서울/경기(송도, 안양, 고양, 용인, 분당, 시흥, 성남 등)>지역에서 <방문 과외>가 가능하신 선생님만을 모집하고 있습니다.

많은 지원 바랍니다. 감사합니다.

웹사이트: https://www.y-english-tutor.com

신청서 : https://forms.gle/JLDi4RG2V5LWKqEf7

문의: https://open.kakao.com/o/s9jhVhed",0
모래사장 앞이야아아,0
"혼자로 돌아오니 우울증세가 다시 나타나려 하네
가족들 보고 싶다",1
빨리 들어❤️❤️,0
방탄vs훼이커vs…….대 황 칸,0
수돗물로 해도 되나..? 생수 없는데ㅠ,0
"왜 구했으면서 공고를 안 내리는 걸까
사람 마르는 줄도 모르고",1
"저는 제 하고싶은 말이나 하겠습니다
수족냉증 예방법이자 치료법!
.
.
.
.
.
운동을 하십시오

뻔한 얘기라면 죄송합니다…
그치만 중고등학교 내내 남들 다있는 수족냉증 왜 나만 없지 하던 사람인데, 대학 올라오면서 축구니 뭐니 운동 다 끊고서 계속 앉아만 있게 되니까 수족냉증도 걸리고 이래저래 꽤 괴롭더라고요..다들 몸 잘챙기새용🥲",0
"121➡️120 234➡️235
또
120➡️121 235➡️234

계속 반복해，애인과 싸우는 건가????",0
"으아
자퇴하고싶다
휴학하고싶다",1
.,0
"원래 생리불순 잦은데 7월중순에 생리하고 안했거든 근데 하필 그때 다이어트 시작했어서 그거 때문 같은데, 보통 지금까지는 어느정도 먹으면 다시 생리 했는데 이번에는 꿈쩍도 안함 ㅠㅠ 와중에 임신은 아닌가 걱정도 되고,,, 근데 솔직히 임신 가능성은 극극극 낮긴 해서....",0
"전엔 식욕이 없어도 배는 고팠는데 이제 배도 안고파
먹고싶은게 머릿속에 떠오르는데 배가 고프지 않아
그냥 살기위해 먹을 때가 되어서 저녁을 먹었는데
속이 쓰려와 그리고 머리가 아파
습관적으로 소화제랑 타이레놀 먹었는데
오늘은 타이레놀마저 안듣네
먹는 즐거움은 만성 소화불량으로 즐기지도 못했지만
이제 먹는 것마저 꺼려지면 이게 사는걸까
그냥 이렇게 계속 식욕이 떨어지고 소화도 못하면
결국 죽겠지? 그냥 계속 식욕 떨어져라
그냥 그렇게 죽어갔으면 좋겠다",1
"혹시 충치 심하면 발치해야되는 경우도 있냐
ㅛ발21살밖에 안 됐는데..
나 양치 진짜열심히하는데 방법이 잘못됐나
아님 충치가 아니고 이에 금가서 아픈건가ㅠ",0
"그냥 다 무서워 병원가기도 무섭고 친구나 부모님에게 말하는것도 무서워
내가 약하고 볼품없는 사람이라는걸 굳이 나서서 광고하고 싶지도 않고
근데 너무 외롭다
그래도 10년 넘게 잘 견뎌왔는데 요즘 좀 살만해졌었나봐 다시 우울해지니까 버티기가 힘이 들어",1
"어른들말 틀린거없다 하는거 이제는 잘 공감안됨
시대가 너무 빨리빨리 변해서..
시대에 안맞는건 흘러듣고 경험이 담긴 소리정도만 걸러듣는게 베스트인것같다",0
"1개고 과제랑 관련된거 아님ㅠㅠ

성공은 해서
과제 다 제출했는데 한 줄이 이해가 안돼서 ㅠㅠ

tkinter 라벨링 질문임",0
널 위해서라도 건강해지려 했는데 ㅅㅂ이렇게 금세 디지고 싶을 줄으 ㄴ몰랐지,1
"생리때문에 불안할 필요 없는거
아무리 조심해도 불안할 수밖에 없는데 그런 걱정이 없어서 넘 행복하다
나중에 결혼하면 실컷 해야지^-^",0
#Ronette #뻘글,0
나 잘부름 스트레스 풀고싶은 사람 와 남녀 상관없음,0
"이 노래 가사 너무 공감된다 진짜 미래를 견딜 수 있으려나 그럴 가치도 없어보이는데

싸늘하기만 한
식어버린 마음
미동조차 없는
이미 죽어버린 마음

모두에게 머물고
대신 날 떠난
실로 실낱같던
그 한 가닥의 희망

그래도 아직은
때가 아니라며
그래도 아직은
견딜 수 있다며

죽지 마 다시 숨을 쉬어봐
죽지 마 다시 숨을 쉬어보라고
하지만 난 방법을 몰라
어쩌면 이젠 끝일까

커다란 망토에
가려진 엄청난
무게의 눈물 한 방울
그 무게에 짓눌려

그래도 아직은
때가 아니라며
그래도 아직은
견딜 수 있다며

죽지 마 다시 숨을 쉬어봐
죽지 마 다시 숨을 쉬어보라고
하지만 난 방법을 몰라
어쩌면 이젠 알고 싶지 않나 봐

과연 내가 견딜 수 있을까
분노와 증오로 가득 찬
나의 십자가의 무게와
절망으로 가득 찬 이 세상을

과연 내가 견딜 수 있을까
그럴만한 가치가 있을까
끊어질 듯한 이 고통과
배신으로 가득 찬 이 세상을

죽지 마 다시 숨을 쉬어봐
죽지 마 다시 숨을 쉬어보라고
하지만 난 방법을 몰라
어쩌면 이젠 알고 싶지 않나 봐",1
"우울해
이렇게 될 줄 알았으면서 아무것도 안 한 건 내 잘못이라 누굴 탓할 수도 없고 그냥 내가 한심하기만 하다
나 오늘 생일인데 축하한다는 말 한 번만 해줄 수 있어?",1
"가산점 인정 유효기간이 2년 또는 3년이 대다수인 줄 알았는데,
찾아보니까 유효기간을 따로 안정해두는 곳이 많더라구요

요즘 추세는 유효기간을 따로 두지 않나요?",0
엄마가 달라진걸 몰라 ㅠㅠ 내방 들어오길래 뿌듯하게 서잇엇는데 아무말이 없네ㅠㅠ,0
아 진짜 날씨는 왜이렇게 좋은거야,1
죽고싶다,1
"내가 너무 끔찍해. 아주 끔찍한 생각을 했어.
어떤 사람이 방에 불이 나서 죽었대. 온 몸에 화상을 입고 녹아내렸대. 그 사람이 너무 안타까워. 옆에서 듣는 엄마가 날벼락이라고, 살아있는 것으로도 감사하면서 살아야 한다고 말했어. 나는 지금 말도 안되게 죽음에 집착하고 있어서, 그 사람이 고통스럽게 간 건 정말 슬프지만 어쨌든 죽게 된 건 부럽다고 생각해버렸어. 누군지도 모를, 그 사고를 당한 고인에게 어떻게 그런 생각을 할 수 있는지 정말 죄스러워.

엄마하고 눈이 마주칠 때마다 엄마, 나 그만 죽으면 안될까. 엄마아빠만 괜찮다고 하면 난 편하게 떠날 수 있을 것 같아, 하고 묻고 싶은데 진짜로 입 밖에 낼 뻔한 적도 있는데 다행히 그런 멍청한 짓을 진짜로 한적은 없어. 진짜 마지막 순간이 되더라도 그건 편지에나 쓸 말이지 눈을 보고 할 말은 아니지. 그리고 그걸 물어보는 게 무슨 의미가 있어? 그게 괜찮은 부모가 어딨다고.

내가 살고 싶어한 적이 있었나? 죽고 싶어하다가, 그걸 잊고 지내다가, 다시 죽고 싶어하고.

그냥, 살고 싶어하는 사람이 있는 것처럼 나같이 원래부터 죽고 싶어하는 사람도 있는 거 아닐까?

참 불공평해. 난 불행하지 않거든. 어떤 사람들은 내가 가진 화목한 가정, 건강한 몸, 생명 그런 걸 갖고싶어할텐데 그건 나한테 족쇄일 뿐이야. 흔적 없이 사라질 수만 있다면 난 정말 망설임도 없이 고통 없이 죽는 방법을 열심히 찾아봤을거야.

그냥 난, 귀찮은 것 뿐이야. 삶과 투쟁하는 게 귀찮아. 지금도 별로 열심히 살고 있진 않지만 아무튼 살려고 해야 하는게 너무 많잖아. 난 그렇게까지 할만큼 살고 싶진 않단 말이야.
좋아하는 것도 사랑하는 가족도 있지만 그것 때문에 살고 싶을만큼은 아냐. 어쨌든 죽고 나면 아쉬울 게 뭐가 있겠어? 어차피 난 아무것도 모르는 흙덩이가 될텐데.

난 손가락 베는 거 하나도 싫어서 어디서 뛰어내린다든가 뭐 그런 아픈 짓으로 죽게 되진 않을거야. 매일 죽고 싶다고 징징거리긴 하지만 아직 직접적인 방법을 찾아보거나 시도해본 적은 없으니까 뭐 이 시기만 지나면 또 안 죽게 되겠지.

자꾸 나보고 상담을 받으라고들 하는데, 별로 안땡겨. 어쨌든 정말로, 난 불행하지 않아. 그냥 죽고 싶어하는 사람일 뿐이지. 그게 기억도 안 날 만큼 너무 오래돼서 난 그것 때문에 힘들지도 않아. 아무도 그걸 모르고 그것 때문에 누구한테 피해를 주는 것도 아닌데 그게 나쁜 건 아니잖아. 날 사랑하는 내 가족들만 내가 죽는 게 나쁠 게 없다는 걸 이해해주면 걸릴거 하나가 없을텐데.",1
"옆에 트럭이나 버스가 지나가면 몸을 던지고 싶은 충동이 너무 들어

그리고 지나가서 문득 무서워져",1
애얼굴은 어디서따온거임?,0
"꿈속에서 그 사람 얼굴이랑, 뭐 했는지 기억이 하나도 안나네

뭔가 되게 몽글몽글한 느낌이었는데
기억이 안나!!!

내 머리 속의 지우개...",0
"버스 안쪽 좌석으로 안들어가고 밖쪽에 쳐앉는 사람들
마빡 한대씩 때려주고싶아",0
"1. 근무복샷 인스타에 올리는 공무원들 믿거
2. 지하철 내리는사람 안기다리고 타면 못배운놈
3. 의료인이 환복하지않고 밥먹으면 믿거
(대체로 간호조무사)
4. 원룸에서 밤늦게 떠들면 못배운부모한테 자람
5. 20극후반인데 저축액 최소 1000도 없으면 노답
6. 사는이유가 인스타인 사람은 상종X

몇가지 더있는거 같은데 기억안나네.. 살면살수록
편견이 늘어가는거같다ㅋㅋ",0
ㅇ,0
해주라!! 165에 57이야 다 말랐거나 통통이고 보통체형은찾기 어렵더라고 ..,0
점심때 부터 소주 두병을 찾네 시발,1
난 지금 하루하루 어찌 살아간다고 해도 결국 살다가 나이가 몇이 됐든 언젠가 자살할 것 같아?,1
"아무도 없는데
맥주랑 소주병으로 머리 내려쳐 말아",1
"댓글보고 수상해서 찾아보니까
1. 인허가증 번호로 등록된 업체는 자진 폐업했음.
2. 같은 업체명으로 등록된 업체는 식품소분업에 해당하는 허가를 받지않음.
3. 업체에서 등록한 제조품목 정보에 등록된 제품이 없음.

카페인을 첨가한 음료베이스를 제조 할 수 있는지도 의문임.

알고 사자.",0
"아빠 일하는데 따라갔다가 본 멍멍이들,,, 이게 바로 행복입니다...
어미개는 짱 순해가지고 첨 보눈 사람이 새끼한테 접근해도 짖지도 않음 ㅠㅠ 어미가 계속 만져달라구 나한테 붙어서 새끼 별로 구경도 못 함.. 그래도 행복하다...
새끼들 1키로도 안 되는것 같은데 뭐 거의 따뜻하고 말캉한 솜뭉치 수준💭

넘 귀여워서 자랑하구 싶은데 자랑할 곳 없어 올려요,,, 발바리 진짜 최고 귀욤",0
아파도 힘들어도 아무 표현도 못하는 사람이 되어버렸어 그동안 너무 참고 참다가 속이 문드러졌어 서글프다 서글퍼 아무도 나한테 괜찮냐고 물어보지 않아 사실 나는 안괜찮은데 슬퍼,1
후드탈부착 가능. 30만원이야,0
"제가 1차시 강의를 못들었는데
아예 닫혀있어서 못들어버리네요 ㅠㅠ
혹시 정말 염치없는 부탁인거 알ㅈ만 필기내용 공유해주실분 없을까요 ㅠㅠㅠ
진짜 죄송한데 너무 간절합니다 ㅠㅠ
내일이 시험이라 시험때까지 볼 수 있는 줄 알았습니다 ㅠㅠ",0
"그거 이압 어떤가요…?
걸을때 고막에 느껴지는 진동 같은거만 에어팟 프로처럼 적으면 넘어가고 싶은데
이런 부분은 말이 없네요…",0
"멘탈의 강도에 관해 최근 생각해 볼 일이 많이 생겼다.
우리 아버지는 마초이즘의 화신같은 존재여서, 남자가 우는 소리 하는 걸 못 견뎌 하셨다.
사람의 정신상태란, 깨졌다 붙을수록 강해지는 것이니 참고 살라고 하셨다.
나는 어릴 때 부터 이를 내 철칙으로 삼아왔다. 주변 사람들에게 고민을 털어놓는 건 있을 수 없는 일이었고, 스스로 생각하기에 화나는 일이 있어도 꾹 참고 이겨내는 일이 잦았다.
한번은 가족 술자리에서, 가끔 정말로 우울하고 화날때, 예를 들어 첫 수능에 실패해 재수를 고려하고 있을 때는 죽음을 생각한 적이 있다고 어렵게 털어놓은 일이 있다.
부모님은 코웃음을 치며, 이렇게 말하는 사람 치고 진짜 죽은 사람은 없으니 강하게 살라고 핀잔을 주셨다.
그래서 그런줄 알고 살아왔다.

아버지의 말씀은 결론적으로 틀린 것 같다.
동생이 입대했다. 어머니는 나를 한 번 보내본 경험이 있으니 괜찮다고 하셨지만 전혀 그렇지 않다.
이전같으면 별로 고민하지 않아도 되었을 일을 붙잡고 괜히 스트레스를 받거나, 나에게 과한 관심을 주면서 일거수일투족에 대해 꼬치꼬치 캐묻고 따지고, 인간 사이에 있어야 할 적절한 거리를 두는 법을 잊으셨다.
동생에게 가야 할 관심은 나에게 모두 쏟아지며 나를 작두 위로 태웠다. 그래서 나는 더욱 치열하게 살았다.
관심이 두 배가 된 만큼 그 기대에 부응해야 한다. 나는 학점을 잘 받고, 자격증을 취득하고, 경쟁률이 아주 높은 대외활동에 합격했으며, 과외를 구해 용돈을 벌었다. 어떻게든 높아진 기준선을 맞추기 위해 아득바득 살아냈다.
결과, 주변에 내 자랑을 한번 하신 적 없던 분이 친구분들에게 내 자랑을 하고 다닌다는 말도 들었다.
게다가 동생이 휴가를 나왔다. 그렇게 잠시 동안은 모든게 좋아졌다.
그리고 동생이 들어가자, 빈자리는 이전에 비해 훨씬 더 크게 다가왔다. 내가 겨우 쌓아둔 100에 휴가 나온 동생이 50, 합해서 150의 만족감을 드리고 있었다면, 동생이 들어가면서 게이지가 0이 된 것 같았다.
내가 이전까지 이룬 성과는 이미 어머니의 눈 앞에서 사라진지 오래다. 매일 날아오는 날선 말들이 내 가슴을 후벼팠다.
난 더 이상 어떻게 할 수가 없다. 대외활동은 지금 하고 있는 걸로도 벅차고, 과외도 더 구하면 감당할 수 없으며, 방학 중이라 학점을 딸 수도 없고 자격증도 마땅한 것이 없다. 결국 맞고만 있어야 한다.
고민끝에 어렵사리 아버지께 말을 꺼냈지만, 부모님의 관심을 받지 못하는 사람들은 이 상황을 부러워 할 것이라는 말만 들었을 뿐이다. 이마저도 어머니의 귀에 들어가는 바람에 꾸중을 면치 못했다.

스트레스를 받을때의 내 반응이 너무 과해졌다.
예전보다 더 자주 극단적 선택에 대해 고민하고, 그때마다 떠오르던 주변 사람들과의 관계도 점차 무뎌져간다.
내가 사라진다면 슬퍼할 사람을 떠올려봐도 잠시 뿐, 어차피 나는 끝이 날 텐데 무슨 상관이냐는 위험하고도 짜릿한 생각이 머릿속을 좀먹어간다. 한 순간이면 편해지는 것이다.
심장이 빠르게 뛰고 열이 올라 눈앞이 흐려진다. 이전같으면 심호흡 몇번에 진정되었겠지만, 요즘은 거진 한 시간이 걸려서야 모든 것이 가라앉는다.
죽을 생각으로 고등학교 창틀에 올라섰던 그 때, 나를 막았던 힘은 '아직 모르는 미래'였다. 우습게도 아직 발매되지 않았던 만화책에 대한 생각이 문득 떠올라, 미친놈처럼 웃으며 창틀에서 한참동안 지평선만 바라봤던 기억이 난다. 하지만 지금은 그조차도 내 생각의 폭주를 막지 못한다. 내일이 다 무슨 상관인가. 죽으면 신경 쓸 필요가 없다.
결국 무의식의 폭주는 끝까지 달리며, 소소한 핑계 하나라도 찾지 못하면 정말 죽어버릴 기세로 질주하다가 내 몸이 지쳐서 잠들때가 되면 제풀에 지쳐 다시 저 깊은 곳으로 돌아가곤 한다.
그나마 다행인 점은 내가 자각하고 있다는 점일까. 만약 이 생각들이 나를 완전히 집어삼키면 그땐 돌이킬 수 없겠지.
그런 일이 일어날거라면 내가 모르는 사이 일어났으면 좋겠다. 나는 내가 지쳐가는 모습을 보며 또 지치고, 내가 힘들어하는 모습을 보며 또 힘들어 하고 있으니까.

군대에서 총기 불출을 하는 날이면, 무의식 중에 한 번씩 턱 밑에 총구를 대고 방아쇠를 당기는 시늉을 하곤 했다. 어쩌면 내 깊은 곳에는 계속해서 이 상황을 타개해야 한다는 의식이 있었는지도 모른다.
하지만 어머니 말마따나, 이렇게 게시판에 글 적어가며 신세한탄할 기운이 남은 사람은 죽을 사람은 아니다. 나는 죽을 용기도 배짱도 없는 놈이니 이게 다 무슨 소용인가. 결국 다 툭툭 털고 가야 할 일들일 뿐. 용기없는 사람의 신세 한탄일 뿐이다.
결국 오늘도 펜촉은 헛되이 종이 위를 나다닐 뿐이다.",1
"is a 지길 바라느냐......
너를 is 려 하였으나....
너를 itzy 못하겠다................",0
"버스 스피커에서
버스커버스커 - 여수 밤바다
가호 - 시작
선미 - 보랏빛 밤
차례로 나왔는데 서서 가는데도 안 짜증나고 잘 감상하면서 집 왔어..ㅎㅎ",0
물론 본인도 영어 못해서 개인적으론 좋은데 학교가 그토록 좋아하는 국제화 취지엔 정면으로 반하는 거 아님?,0
1학기에 들었던 과목을 재수강하려면 겨울 계절학기에 과목이 개설이 되나용?,0
이왜진,0
돈 먹튀 + 거짓말 + 성범죄로 이미지 나락간 것 같았는데 유튜브 핫동영상에 올라와 있네?? 여론이 바뀐거임? 아니면 대가리 깨진 팬들이 많은 거임?,0
"무기력증이 우울증을 낳은걸까
우울증이 무기력증을 낳은걸까
악순환이 반복되는것 같다",1
난 정말 가족들을 사랑하지 않아.,1
"약 먹으면 목 갈증& 입 마름이 좀 심해요
이외에는 부작용은 따로 없는데 약 바꾸어보는게 나을까요? 이 정도는 감수해야하나요",1
언제와 온제오냐구ㅜㅜㅜㅜㅜㅜㅜㅜㅜㅜ,0
너무 귀여워......,0
아 오늘 루비 개빡친다...,0
I hate myself,1
신동렬이랑 투신자살한다,1
꾹 참고 안 울고 싶었는데 전화 너머의 친구의 위로를 들으니 울어도 된다고 하는 것 같아 그냥 맘놓고 울었다... 고마워..,0
기말고사랑 과제 너무 불안하다,1
딱히 우울하지는 않은데 죽고싶어,1
"아마 곧 열등감때문에 미쳐버릴거야 나는...
그럼 이건 병명이 뭐인거지",1
진짜 아무것도 하기싫다. 진짜 많은걸 해야하는데 정말 아무것도 하기싫다..진짜 그냥 이대로 시간이 멈췄으면 좋겠다.. 인생 ㅈ같다,1
"영발 15점 만점에 12.5 나왔는데 2.5점 때문에 내가 더 연습했어야 했나 싶어 슬프다. 교수님은 좋은 분이신데 현타온다. 전에도 4/5 나와서 1점 왜?!!!! 라는 생각이 들었는데...

1학년이니 학점 잘 받아야 한다고, 1학년 토탈 4.0은 반드시 나와야 한다고 집에서 압박주는 게 사람 우울하게 만들고 지친다. 진심으로 휴학 마렵고 여행 떠나고 싶다. 슬프다. ㅈ같은 코로나....

로스쿨을 생각하면서 1학기 학점이 3.916이니 어찌보면 나는 능력은 안 되는데 꿈만 높은 ㅂㅅ이 아닌가 하는 생각이 든다. 로스쿨이 아니더라도 부모님이 학점 인플레 시기에 4.0은 반드시 나와야 하고 그래야 경제학과에 갈 수 있다고 압박하시는게 사람을 공포에 떨게 하고 지치게 한다. 당장 직전 학기 때 학점 때문에 집안 분위기가 몹시 험악해진 걸 늘 생각하고 있으니 더욱 그렇다.

그때는 내 학점이 3.8이었다가 나중에 이의신청이 성공해 학점이 높아지기 전이기는 하지만 그래도 집안 분위기가 극적으로 바뀌지는 않았다. 3.8로 알고 있던 아빠는 바뀐 걸 알고 아 그래? 라는 무덤덤한 반응을 보였으나, 처음부터 3.916으로 들은 엄마는 왜 4.0이 안되냐고 했다.

엄마가 식구들 밥 먹을 때 당장은 웃으면서 다음에는 더 잘하자 라고 몇 차례 말하는 정도로 끝났지만 나는 엄마가 화를 내면 얼마나 집요하고 격렬한지 잘 알기에 그마저도 스트레스를 받았다. 형은 너는 너무 일일이 스트레스를 받는 경향이 있다면서 그러지 말라고 위로하지만...

4.0은 경제학과 커트를 좀 넘는다는 얘기를 들은적이 있기에 알려드렸지만 엄마는 그래도 안전하게 가야지 아슬아슬하게 가면 얼마나 마음이 불안하냐고 답하신다. 역설적으로 그 말이 나를 불안하게 만든다.

어디서 본 적이 있는, 학점 때문에 너의 가치를 떨어뜨리지 말라고, ""로스쿨 갈 꺼 아니면"" 너무 신경쓰지 말라는 글은 나를 오히려 힘들게 만든다.

새내기가 즐길 수 있는 행사는 커녕 코로나 때문에 동기들과 만난 적도 드문 나는 외출도 부모님 허락 맡고 한다. 최대 40분 정도. 다행히 며칠 전부터는 하루에 두번씩 나가고 있다. 코로나라서 이해는 가지만 그래도 뭔가 지친다.

이 글을 읽은 누군가는 나의 무능함을 지적할지도 모르겠다. 하지만 나는 노력을 기울이지 않으려는 것이 아니라, 결과가 안 좋더라도 빨리 감정을 털어내고 웃으면서 앞으로 나아가기를 바라는 것이지만 학점과 미래, 그리고 부모님의 반응이 너무나도 무섭다.

로스쿨이라는 꿈이 더 이상 내가 이루기 어려운 것으로 여겨진다면 나는 그때도 최대한 웃으면서 다른 길을 찾아보고 싶다. 그러나 그 순간이 온다면 나는 부모님의 분노를 감당할 자신이 없다. 그래서 무섭다.




영발 점수보고 감정을 억누르지 못해 쓴 글이 너무 길어져 버렸다. 긴 글 읽어주신 여러분께 감사드린다.",0
cu랑 co가 왜 저건지 이해가 안돼,0
혜화저녁배달 메뉴 추천좀,0
우울한 감정이 또 밀려 들어와,1
"#1

우울증을 겪었던 작가가 쓴 책입니다
같이 읽어보면 좋을 것 같아서 올려요

출처 https://www.slideshare.net/mobile/TCVScotland/redhall-i-had-a-black-dog",1
기숙사 신청할 때 전전학기로 신청하는건가옹?,0
대인기피증 치료받거나 극복하신분 있나요? ㅜㅜ,1
"혹시 7강에 스탠다드 모형은 기존 리카도, specific, h-o와 어떻게 다른 건가요..? 리카도랑 h-o 섞인거라고 하는데 이해가 잘 안가서요 ㅠㅠ
답변 부탁드립니다 ㅠ",0
"연예인같은 예체능 계열 종사하시는 분들 중에 커뮤에서 욕먹고 있으면 성공한 사람들이랬음.
고로, 에스파 방탄 둘다 성공한 사람들이라는 방증.
커뮤에서 누가 누굴 욕하는지 모르겠다. 본인부터 챙기시길",0
"코딩 해도 괜찮나요? 약간의 타다닥 소리인데노열에선 그 아무도 타이핑을 하고있지않네요,,,,,,",0
"여기에 글써보는건 처음이네
혹시 나같은 사람이 있을까해서 써봐.
나는 극도로 외로움 많이 느끼는 사람인데 신기한게 친구들이랑 노는게 너무 싫어. 차피 놀아봤자 언젠가 안볼사이라는 것도 잘 알고있고 그냥 내 자신이 솔직해지지 못하게 돼. 그럼에도 불구하고 다른 친구들이 지들끼리 노는거보면 부럽기도하면서도 반대로 내가 놀수있는 상황이 오면 항상 피하게 되더라고... 너무 우울하고 앞으로 내가 결혼하거나 죽으면 날 위할 사람이 얼마나 될까 걱정도 되고 진짜 힘들다....",1
"이제는 8시 거의 다 되어서 일어나는게 평소가 되어버린 기분이야
내일은 일찍 일어나도록 노력해봐야지

오늘 날씨는 적당한 시원함? 산책하고 나니 긴팔긴바지 운동복을 입은 나는 더울 정도야!

구름도 많이 보이지만 구름 없는 부분도 꽤 보이는 정도의 하늘이었어

오늘 코스는 늘 그렇듯이 경제관옆길ㅡ평평한산책길ㅡ세갈래길ㅡ성벽외곽ㅡ성벽내부길ㅡ종로08종점

#빵맨의아침",0
"얼굴 빵떡같은데 이거 어떻게 빼
몸은 정상~마름 사이야
더 다이어트를 해야되나..ㅠ
뭐 경락 이런거 효과있나 얼굴 갸름해진 사람 있니",0
"날씨도 좋은데 좀 나가고 그래라
지치지도 않누",0
돼지 앞다리살 + 꽃게된장국,0
족보삽니다 쪽지 주세요 ^^,0
"늘어진 하얀 티셔츠 한쪽이 사라진 양말
빼곡한 분홍 일기장
네가 만든 검정 목도리
너의 향기가 내게
너의 향기가 없어",1
"조금 두렵다

지금은 괜찮은데
언제 늪에 빠질지가 두렵다
예고도 없이 찾아오는 어둠이라서",1
죽고싶지만 살고시퍼,1
밑에 그대로 계산기 두드리면 pv 4539.5나오는데.. 제가 뭘 잘못했을까요,0
살고싶다,1
ㄹㅇ썩어문드러질 정도로 입던 후리스 갖다 버리는 바람에 입을 거 없었는데 다행이다ㅎ,0
"난 고딩때부터 국어국문학과랑 문예창작과에 로망 있었어
근현대 한국문학 덕후였기때문에",0
영화 소울 보는 내내 눈물 참았는데 더 죽고 싶었어. 6층에 작은 옥상이 있는데 팔 내밀어서 건물 밑 사진 찍어보니까 여기서 떨어지면 바로 밑 5층에서 걸리겠더라고. 아쉽더라.,1
"이전에 상담 받으면서 많이 상처를 받아서 극단적 생각까지 갔다가 좋은 상담 선생님을 만나서 많이 치유되었습니다.

그런데 선생님이 다른 지역으로 떠나게 되셔서 상담을 종결하게 되었네요

이어서 상담을 받고자하는데 다시 저와 잘 맞지 않은 상담가분을 만날까 너무 두렵네요.. 다시 상태가 나빠질까 많이 두렵습니다",1
현가계수표는 주지 좀,0
발사했다고?,0
자꾸 이러시면 저희 마음속에 muddy qi가 발현되는겁다,0
답 뭐야..?ㅠㅠ 무슨 단계? 였던 거 같은데,0
"첫 경기를 끝낸 경주마가 된 것 같아

13년 동안 수능만 보고 달려왔어

남들은 수능을 본다는 게 무섭고 싫다고 했는데, 난 오히려 좋더라

재수까지 해서 남들이 다 좋다고 하는 대학, 학과에 왔어

그런데 이젠 뭔가 없음

그냥 다 없음

뭘 예시로 들어야 할 지도 모르겠어

끊임없이 남과 비교해오면서 경쟁하고 이기는 법만 배워온 사람이

대학을 오면 어떤 생각을 하겠어 ㅋㅋ 하루 종일 sns이런거 보면서 계속 비교하는 거지

남들은 다 살 길 찾아서 떠나는 데, 나는 그 첫 경기만 계속 떠올리면서 아무 것도 안하고 있어

쉬고 있어도 쉬는 게 아니야",1
또 벌써 배고픈 이유는????,0
나도 하루만이라도 잘생겨지고 싶다,1
좋아하는 가수 말할때..,0
스스로 너무 답답해 나는 몸도 마음도 다 엉망진창인데 언제 쓰러져도 이상하지 않은 몸상태에 툭 건들면 무너질 멘탈인데 일단 앞으로 나아가야해 불안해서 쉬어갈 수가 없어 이게 맞는걸까 진짜 온갖군데가 다 아픈데 공부해야된다고 불안하다고 병원도 제대로 안가고 몸무게는 기아수준으로 빠져가고 제대로 서있기도 힘든 수준이야 취업만 하면 될거야 일년만 버티면 될거야 그러면서 버티는데 나 진짜 죽는거 아닐까 이러다가,1
열받네요 ㅋㅋ,0
제발제발제발제발제발 ㅠㅠㅠㅠ 연락주세요!!,0
죽고 싶다,1
7주차 강의에서 자본 이자율?? 설명하시면서 이 그래프를 그리셧는데 저 노란선이 의미하는 게 공급곡선이 맞나용..? ppf곡선과 만나는 직선이랑 노란선이 뭘 의미하는지 모르겠네요ㅠㅠㅠㅠㅠ흑흑,0
오랜만에 자살하고싶은 우울감이 드네,1
어땟나여??,0
준호네 부대찌개 1인분도 가능한가요?,0
내 얘기 들어줄 사람이 있었음 좋겠다 우울증 다시 도질 거 같아.. 예전 우울증 전조증상 똑같이 겪고 있어 진짜 죽어버리고 싶네 ... 그냥 아무 말 없이 나랑 같이 밥 먹어주다가 우울한 얘기 해도 그냥 고개만 끄덕여주면서 위로해주는 사람이 있었으면 좋겠다,1
다 하기 싫어서 던지고싶어,1
"사귀는거 아니니까 상관없지?

그래도 상대방한테 말 하는건 좀 그런가??

이렇게 하면 어장처럼 보이는거임?",0
요새 이전보다 덜 힘든데 자해는 늘어서 당황스럽다,1
"...오랜 시간이 지나 그 얘기를 듣게 되었을 때 나는 정말 슬픈 사람은 웃는다는 것을 깨달았다.
그리고 그 웃음은 흔히들 말하는 가면을 쓴 웃음이 아니라
진짜 웃음이라는 것을 깨달았다.

다만 그 사람은 울고 있되 뒤로 울고 있었던 것이다.
그러니까 슬픔의 정말 표정은 뒤통수에 달렸던 것이다.

왜 사람의 뒷모습을 빤히 쳐다보고 있으면
가슴이 한없이 미어지는지
생이 숨겨온 비밀 하나를 알아버린 것만 같다.

https://brunch.co.kr/@bloomoon/158

공감갔던 글이야..",1
"괜히 국내 최고규모 커뮤니티가 아니다ㅋㅋㅋㅋㅋㅋㅋ

성대 에타 비게같은데만 봐도
쟤가 내 동문이라고? 생각 들만큼 병신들 많은만큼
국평오가 적용되는 디씨가 수위가 더 심할 뿐이고

우리가 에타하는거 굳이 안떠벌리고 몰래몰래 하는것처럼 디씨하는애들도 감추고 있을뿐.

에타하는애가 디씨를 안할 순 있어도 디씨하는애가 에타를 안하겠냐? 애초에 설거지론 자체가 디씨 주식갤러리발 이론인데 에타에도 이만큼 떡밥도는건 그만큼 성대에도 제법 많다는거임ㅇㅇ",0
나만 모르겠는거야…??엉엉엉ㅜㅜㅜㅜㅠ,0
포차 오늘 영업할까요??,0
내가 동생 갖고 싶어서 엄마한테 ‘나를 사랑한다면 동생을 낳아줘’ ㅇㅈㄹ했다가 등짝 씨게 맞았네,0
전에는 내 마음이 깨지기 직전의 살얼음같다고 생각했는데 이제는 깨진지 오래고 다 불타서 재만 남은 상태처럼 느껴져 그냥 우울을 넘어서 감정이 안느껴져 무슨 생각을 하고 사는건지도 모르겠다,1
"오늘 종강했다.
후련하기는커녕 너무 힘들어서 우울하고 죽고싶다",1
이번 학기도 무사히 끝나길,1
"얼마전에 평범하고 색깔이 없는 자신을 싫어하고 개성있는 주변사람들을 부러워하는 주인공이 나오는 소설을 읽었는데
난 이상하게 그 사람이 부럽더라.

나는 특이한 내가 싫거든.
인간적인 매력같은 건 없어도 되니까, 평범한 멘탈, 평범한 외모, 평범한 생활력, 평범한 주변환경, 평범한 대인관계, 평범한 참을성, 평범한 수면리듬, 평범한 체력 갖고 살아보고싶다.

평범하게 사는 것도 욕심이라면, 지금보다 덜 두려워하고, 덜 후회하고, 덜 울고, 덜 지치면서 살았으면 좋겠다. 덜 방황했으면 좋겠다.",1
들으셨던 분들 시험 많이 어렵나요…ㅠㅠㅠ 교안만 보고 공부할 정도는 아닌가요…너무 막막해요ㅠ,0
"전화 못 받아서 미안해
솔직히 전화할 때 나 그렇게 안 바빴는데
그냥 안 받았어
그렇게 안 우울했는데
안 받았어

그러고 보니까 우울해지네
역시 모든 이유가 우울해지는 이유인가봐
그 이유의 근원이 너가 되기도 하네
내가 아닌 너가",1
핏줄만 보면 그 윤곽대로 다 그어버리고 싶다,1
생드위치 한조각 먹었더니 빵구에서 옥수수냄새나네,0
"오늘은 진짜 죽고싶은 날이였다
원래도 별로 살고싶진 않았는데 오늘은 특히 더 그랬다",1
"힘들다 말해도 어느 누구 하나 나에게 제대로 된 관심을 보이는 이는 없었다. 많이 힘들구나. 힘든 일 있어? 밖에 나가서 산책하면 조금 낫더라.
아니, 정정하자면 나에게 위로의 손길을 내미는 사람들은 많았다. 나름의 경험을 토대로 정서적인 공감을 표하는 친구들도 많았다.
근데 나는 여전히 힘든걸. 중학생 때부터 지금까지 하루에도 수십 번씩 우울, 불안, 회피, 무기력, 분노의 감정이 스멀스멀 기어오르고 자격지심은 하늘을 찌른다.
우울이라는 감정은 아늑하고 따뜻해서 한번 경험하면 벗어나오지 않으려는게 사람 본성이라는 말을 들었다.
어쩌면 그게 맞는 말일지도 모르겠다. 자기객관화를 하는 것 보다는 세상을 미워하는 편이 더 쉽듯 말이다.
열심히도 살아보고, 꿈을 이루어나가는 성취감도 맛보고, 매일 1시간씩 걸어도 보고, 가끔씩 친한 친구들도 만나 얘기도 하고 가까운 곳으로 여행도 가고. 하루종일 잠만 자거나 유튜브만 보고 책만 읽어도 보고. 사랑하는 사람이랑 연애도 하고. 어떤 짓을 해도 순간적으로만 행복할 뿐 다시 우울해지고 슬퍼진다. 입꼬리를 올려서 웃는 표정을 보이는 건 나에게 너무나 힘든 일이 되어버렸다.
이게 지난 10년 동안 나라는 사람을 지배한 디폴트 감정이었다면 앞으로의 인생 또한 이와 비슷하게 살아가야 한다는 절망감에 한숨만 푹푹 내쉬게 된다.
원래 이런게 인생이라고? 고통을 느끼는 건 살아있다는 반증이라고? 나는 매일이 힘들고 힘들었다.
사람들은 내가 극단적인 선택을 하면 다음과 같이 말할 것이다. 공부가 뭐라고, 취업이 뭐라고. 쉬어가면서 하지. 안타깝다. 내가 네 말을 들어줬더라면.
공부와 취업이 중요하지 않으면 내 지난 10년은 어떻게 설명해야 하나요?
쉴 만큼 쉬어도 보고 열심히 소진해서 달려오기도 했지만 그럼에도 불구하고 저는 제 자신이 불행하다는 감정을 떨칠 수가 없어요.
그러니까 네 말을 들어줬더라면 따위의 자책도 하지 마세요.
제가 원하는 건 무한한 응원과 격려, 지지, 사랑, 토닥거림인데 어떻게 내가 아닌 타인이 나의 감정 쓰레기통이 되어가면서까지 내게 그런 것들을 제공해 주겠어요.
우리는 명백한 개인이자 절대 서로의 고통을 이해할 수 없는걸요.",1
"이거 웹엑스로 시험을 보는데
핸드폰으로 스캔할거면 컴퓨터로 웹엑스에 접속하라고 돼있던데 그럼 다들 컴퓨터로 접속하시는건가요??",0
"아프고 외로워
누가 나좀 안아줘",1
"5세력 모델 분석 과제도 점수있나요?
이 과제 끝나고 중간에 산업 바꿔도 된다고 했었나요?",0
"씨발 이제 그냥 다 그만두고 싶은데
과제는 과제대로 내 시간을 없애고
공부는 공부대로 내 인성을 깎아내고
기억은 기억대로 내 정신을 갉아먹고
아주 쌍으로 지랄을 한다
제발 셋 중 하나만이라도 지랄좀 그만해주면 안되겠니
심지어 팀플이라 내가 그만두면 팀플 피해가 막심해서 그만두지도 못하겠네",1
쪽지나 댓글로 연락주새요,0
"요새 왤케 어수선해요 ㅜ

제발 개념 좀 챙겨주세여",0
"중국과 북한은 우리의 적이고
미국을 비롯한 서방국은 우리의 영원한 동맹국입니다",0
많이 못 때렸더니 색도 별로고 크기도 작고..,1
"Please tell me Lord, oh what should I do",1
"결국 오징어 게임 안보고 평소 보고 싶던 애니 봐버렸네
난 갱생 불가능한 씹덕인가보다",0
"서울에 있는 박정신건강의학과 가보신 분들 계신가요? 괜찮으시다면 어떤지 알려주실 수 있을까요?
아니면 진료비 비싸지 않은 정신과라도 아시는 분 계신가요...?",1
"잠깐 잠들었는데 악몽을 꿨어 너무 무서웠어
아직도 심장이 쿵쾅거려
현실도 이미 충분히 악몽같은데 잘때 꿈 속에서만큼이라도 행복하면 안되는건가요? 나는 꿈 속에서도 괴로워야하는건가",1
손 황 황 vs 아즈문 타레미 자한바크시,0
20대 초반 여자분들! 꽃다발+카드가 좋을까요 아니면 무드등이 좋을까요?! 카카오톡 선물하기예요!,0
"생각해보면 나 좋다는 사람만 챙기면 될 일인데
너무 복잡하게 생각할 필요는 없었는데….ㅎ
힘드네요",1
"그냥 갑자기 눈물 펑펑나고

계속 날 왜 싫어할까 궁금하고

그런 생각에 사로잡히다보면

갑자기 심장이 두근거리고 통증이 와서

생각을 멈추기 위해 건물 밖으로 나선다",1
지금부턴 우리 재중 동포들이 한반도를 점령한다!,0
"기본급 9 + 일간 인센티브 3 + 주간 인센티브 3
ㅋㅋㅋㅋㅋㅋㅋ
물량이 얼마나 밀리는거야 대체",0
취업이 너무 힘들어..,1
질문 딱 하나만 받아주실 천사 계신가요..?,0
"이걸 우울증이라고 정의해야할지 슬럼프라고 해야할지 모르겠지만, 나는 고등학교때부터 자주 우울했었어..
그런 상황이 오면 공부가 손에 안잡히니까 이어폰으로 음악 틀으면서 자거나, 카페가서 기분전환하려고 했었거든.
그러다보니까 우울해지면 커피를 마시기 시작했어.
스누피처럼 카페인이 많은 커피를 마시면 기분이 몽롱해지는 게 좋았거든, 공부도 우울할때보다는 더 잘되고..
근데, 내가 공부하느라 커피를 점점 많이 마시게 되었어. (믹스커피 5~7개 먹은 날도 많아.. 모교 특성상 중간/기말고사는 밤샘이라서) 그러다 보니 원래는 그정도 마셔도 몸이 괜찮은 편이었는데, 이제는 한잔만 마셔도 밤에 4시는 되야 잘 수 있게 되어버렸어.. 하지만 여전히 기분이 안좋아지면 커피를 마시고, 커피를 마시면 밤에 잠을 못자서 더 우울해지고... 악순환이야... 또, 이제는 커피를 마시면 그 울렁거리는 게 생겨버려서 기분이 좋아지지도 않는데 습관적으로 커피를 찾게 되고.....

이제는 나도 어떻게 해야할지 모르겠어. 아직 진로도 안정해서, 정신과진료 기록이 악영향을 끼치는 진로를 선택할까봐 병원도 못가겠고, 약국에서 파는 약은 별로 효과를 못봤었고.. 커피(카페인)의 대체재를 찾고싶지만, 아직까지는 알코올밖에 못찾았는데, 그건 또 위험하니까..ㅠㅠㅠ",1
아프지 않게 죽고 싶다. 살기 싫은데 죽기도 아플까봐 무서워,1
랑 라면,0
"길을 가다가 잘못해서 빙판을 밟아 미끄러지면 대부분의 사람들이 넘어져있는 모습을 다른 사람들에게 보여주기 부끄러워 빨리 일어나려고 한대요 근데 부끄러움때문에 서둘러 일어나버리면 상처가 더 벌어지고 뼈에도 무리가 가서 더 아프대요

인생도 마찬가지래요 갑자기 어떤 일로, 어떤 사람때문에 기분이 갑자기 나빠지고 우울해진다면 대부분의 사람들이 억지로 밝은 척, 아무일 없는 척 한대요

하지만 빙판에서 넘어져 일어나지 못하면 누군가가 달려와 손을 내밀어주듯, 당신의 기분이 좋지 않고 우울해지더라도 그걸 알아챈 착한 친구들, 지인들이 당신을 위해 손을 내밀어 줄 거예요

만약 그럴 사람이 필요하시다면 제가 그 손 잡아드릴게요 ????",1
"마지막 학기가 끝났어
이제 난 대학생이라는 타이틀을 갖고 쉬기에도 눈치보이는 시기가 왔어
근데 상태가 일을 할 상태가 못돼,,",1
예산 경쟁한다고 하잖아 혹시 그러는 이유가 뭘까??,0
루피 많이 세졌다던데,0
스트레스 때문에 그런 것 같긴 한데 팔 다리 가슴 입술 그냥 온몸이 저리고 가슴이 엄청 빨리 뛰었다 돌아왔다 하는데 혹시 병원을 가봐야 할까요? 그냥 진정하면 괜찮을 것 같아서 심호흡하고 있는데 혹시나 해서 여쭤봅니다,0
난 이렇게 멈춰있는데 세상은 너무 빨리 흘러가네요... 왜 나만.. 나만... 꼼짝도 못하고,1
ㅋㅅㅋ,0
"죽어도 990 안나오고 980에서 멈춰있어.
이게 내 한계인가",0
ㅠㅠ,0
"살고자 하는 의욕이 아에 없는 사람들 있어?

친구들 만나보면 멋진것들 경험하고 나서 돈 많이 벌어야겠다
아니면 이때까지는 더 열심히 살아봐야지 이런 생각들 한다던데
나는 여행을 다녀봐도 사람을 만나봐도 도무지 살아갈 기분이 안 들어

어릴적에 한 못된 친구가 나한테 넌 왜 살아? 라고 무심코 질문했었는데
나도 그 이유를 당연히 모르고 억지로 살아지는 느낌이 들어서 매일 힘들어

다들 이런거야?",1
아아 나 어떡해야돼? 죽고싶어 죽고싶어 죽고싶어 너무죽고싶어 아아아아아아아아아 죽고싶어죽고싶어 죽고싶어 어떡하지어떡하지,1
갑자기...,0
ㅇ유연석 왜 안나오지..???,0
아니 긍정적인 생각 쓰려고 일기쓰기 시작했는데 감정쓰레기통노트됨 하..,1
내가 우울증인지 아닌지 궁금해. 아무도 내가 우울한지 모를듯 부모님도. 날 이해하려는 노력해주는 사람 아무도 없어 난 항상 이해하려고 공감하려고 애쓰는데…,1
마르지 않는 샘은 눈물샘,1
여기 없어지면 다른 데 또 생기겠지?? ㅠㅠ,1
"죽으면 어떤 느낌일까
꿈을 꾸는 느낌처럼 몽롱할까
그냥 지금과 똑같은데 하늘에 있는 느낌일까
정말 천국과 지옥 둘 중 하나일까
어떤 것이든 좋아",1
엽떡말고!!,0
"시험기간인데 집중이 안돼...미치겠어....
나는 왜이럴까...",1
"맨유 0:5 리버풀

출처:락싸

#오늘의스포츠",0
씹덕들은 본인이 씹덕인거 몰라?,0
그냥 아무곳이나 절하고 수 있으니깐 제발 아무곳이나 취업 시켜줘,0
절대 예쁘다고 안 해줌 내가 지금까지 본 이정도면 예쁘장한 거 맞냐는 식의 글 진짜 여러갠데 예쁜거 맞아라는 댓글 한번도 못 봄 근데 계속 질문함 그냥 질문하지마 여기 꼬인 애들 많기도 하고 박하기도 해서 니네 자존감 회복 못함,0
한시간째 이표정으로 강의 밀린 거 듣고있음,0
600주년 서브웨이 열었나요?,0
이거 사실임?,0
"너무너무 답답해
숨막혀",1
그냥 색깔 때문인지 모르겠는데 콜라나 사이다보다 더 나쁜 것 같음ㅋㅋㅋㄲ,0
"WA
기분 개쓰레기같아",1
우울증 약 거르지 마세요...,1
ㅏ10월중순다되가는데 모기가 뭔,0
"본인 소개 요약하자면 우울증있는 헌내기다.
힘든 아그들에게 도움이될까 모르겠는데 내 경험담 같은거야 읽어보삼

다른 사람이 나한테 똑똑하다 칭찬한다.
그러면 나는 어 고마워 같은 긍정적인 반응보다는 서로에게 부정적인 사고방식과 말을하게됨. 그 과정은.. 내 경험속 주위에 있던 나보다 똑똑한 사람들과 비교하며 상대적으로 내가 못난것에 너무 많이 생각하다 결국 나는 못났다는 신념을 가지고있게됨. 따라서 나는 결국 내 신념을 위해 상대의 말을 부정하며 내 경험을 근거로 나는 못났다는 신념을 입증시키게됨. 이 과정에서 나는 상대가 좀 무식하다거나 생각이 짧다는 인식을 상대에게 심어주게되어 상대에게 상처를 주고 결국 나는 내 생각에만 갇힌채 다른사람과 교감하며 성장하지 못하게됨.물론 내말이 틀린말은 아니다 팩트만 말한거니까. 하지만 상대가 한 말의 의도는 자신의 느낌그대로 한 칭찬인데 그 뜻을 헤아리진 못하고 오히려 열등감에 빠진채로 받아들이면 남에게 상처를 줄수있음. 그래서 경계해야할 점은
다른사람과 함께하려면 스스로 너무 많은 짐 걱정을 가지고 있으면 안됨. 과거의 빚을 진채로 살면 현실의 가치를 제대로 빛을 낼수없음. 노력해야할 점은 상대의 선의를 파악하도록 노력하고 과거의 상처는 적당히 드러내고 지금 순간의 것들을 생각하기.

위 내용은 내가 정신적으로 힘들다보니 건강한 정신을 위해 어떤식으로 살아야할지 고민하며 정리한 이야기들중 하나야. 내가 워낙 스스로 힘들게 하는 스타일이라 사는게 대체로 우울한데 가장 큰 삶의 목표는 나부터 정신적으로 건강해지고 다른 사람도 그렇게 됬음 좋겠다는거야 가능성이 있다면 심리학분야에서도 일해보고싶네 더 나에대한 이야길 하자면 아래에 좀더있어

난 정신과 상담같은건 받은적없지만 기억나는 어린시절부터 항상 외톨이로 살아왔다. 굳이 팩트를 이야기하면 친구는 여럿 사귀었어도 외톨이가 맞다고 느끼게되는 상황들 (예를들어 짝꿍정하기 시간에 혼자남겨짐 등등) 이 워낙많아서 스스로 열등감이 심하고 부끄러움도 많아 거의 폐인같은 피폐한 삶을 살았다. 사회성은 뒤에서 상위 1퍼정도라고 믿고있는데 무슨 검사에서 공감력같은게 거의 하위1퍼인가했던것도 같다 암튼 거의 킹 오브 찐따 급이여서 이젠 무의식적으로 최대한 사람들하고 멀리하고 사는게 고통받지않는 최선의 방법이라 여기고 살고있는 와중에 나름 심리공부를 하며 깨닫는 게 있어 적어봤다.",1
기분부전 확진받았네요ㅜ 저같은분 계신가요,1
"소개팅 받을 사람 ?
군필 27세 3학년 재산 34만 7500원 키 171",0
혼자있기힘들다...,1
"삼성병원
초진비 15만6천 나왔었는데
오늘은 18만이네 시부레 ㅋㅋ
돈 없어서 더 죽고싶다고ㅠㅠ",1
"몇달 전엔 정말 우울해서 미쳐버릴것같아서
상담 받아야지하고 마음을 먹었는데
또 요즘은 멀쩡한 것같아
내가 멀쩡한걸까
아님 우울을 못느끼는걸까
또 이러다 어느순간 우울해져서
바닥을 치면 내가 다시 일어설 수 있을까?
지금은 멀쩡해서 상담받으러가도
무슨 말을 해야할지도 잘 모를것같은데
예전엔 비관적인 생각하면
마음 한 구석이 찢어지는 느낌이었는데
요즘 아무것도 느껴지지 않아
상처받는 느낌도 슬픔도 없어 그냥 텅비었어
이런것도 상담해?",1
인상이 안좋아,0
"지각비대신 버피자체는 나쁘지않다고봄

늦었을때 버피 25개할래? 아니면 2500원낼래? 했을때 2500원대신 잠깐힘들고 말자고 생각하기도 쉬움 근데 이거는 개수가 적을 때 얘기임

사실 지각비라는 개념 자체가 강압적인 면이 있고 없어지면 좋은건데(물론 버피포함) 팀활동이라면 어느정도 늦은 사람에게 패널티를 주는 것이 마땅할때도 있고

다만 문제로 삼아야하는 것은
1. 지각시 버피하기로 한 것은 누가 결정했는가
2. 한꺼번에 몸에 무리가 갈 많은횟수를 한꺼번에 시킨 것 200개가 말이되나 이건 가혹행위임
3. 선배가 후배에게 강압적으로 하고 선배는 벌칙을 피해갈때가 있다

신체적인 벌칙은 까딱하다가는 가혹행위가 될 수 있어서 정말 조심해야함 뭐 몇개부터 가혹행위다 이런건 그렇지만 30분 늦고 버피 10개 ~~ 이랬을때도 반발의견이 이렇게 심할까? 버피 그 자체의 문제는 아니라고봄 그리고 이런 규칙은 모두에게 공평하게 적용되야함 그게 가장 쉬운것이 돈걷는거고... 욕먹어야하는일은 맞지만 맹목적인 비난을 하는 것도 옳은일은 아닌거같다...",0
세상에 혼자 남겨진 기분,1
정신과 가서 상담만 받고 약 처방은 안 받으면 F코드가 안 찍히나요? 취업할 때는 열람 못한다고 하니까 그렇다 치는데 보험 문제가 좀 걸려서요…,1
진짜 찔렀는데 피함ㅠㅠㅠ,0
행복이 뭐라고 생각하시나요,1
나 같은 쓰레기는 죽어야지,1
"1. 부모님 이혼을 부추기던 동생이 요즘 걱정이 많은가 보다. 난 하루빨리 도장 찍고 끝내면 좋겠는데 동생이 힘들어하니 어쩔 수 없네. 사춘기라 한창 예민할 시기인데 누나로서 잘해주지 못해 미안하다.

2. 아빠한테 전화가 왔다. 익숙하게 거절을 눌렀다. 한참 지난 일이 점점 선명해지는 기분이다.

3. 나한테 바라는 게 많아진다. 덕분에 손님들이 떠난 테이블을 보면 가끔 숨이 막힌다. 내가 할 수 없다고 생각한 일을 가까스로 해내는 게 불안해 미칠 것 같다.

4. 죽고 싶다.

5. 어쩌면 오늘이 가장 좋은.... 그래서 이렇게 우는 거겠지?",1
"과제하신 분 계시나요?
얼마나 걸리셨어요!!!!!!!!?",0
"아직인가요,,",0
"가슴이 답답해요
우울해서 그런 건 알겠는데
왜 우울한지는 나도 잘 모르겠어요

아무리 생각해봐도 오늘 일어난 일 중에
우울한 이벤트는 없었는데",1
"짝사랑 게시판을 떠돌다 결국 여기로 왔네ㅎㅎ..
죽고싶다는 생각만 들때가 있다",1
씨쁠도 주나요...?,0
잠을 못자겠다,1
"왜 자해하는지 알겠다
그 고통으로 더 큰 고통을 잊는거 같아",1
"익명을 풀고 글을 올린 바람에 삭제하고 캡쳐본 올려요. 짜증나서 글은 도저히 다시 못쓰겠네요.
저는 비추천하는 병원/ 본인이 공황 장애, 우울증, 발작, 과호흡, 피해 의식 및 망상, 분노조절을 앓고 있을 것 같을 때 꼭 병원 혹은 심리 상담 센터를 찾아달라는 글이었습니다. 학교 카운슬링 센터에 대한 내용도 썼습니다",1
"에타 익명 숫자 없던 시절에 누가 밥 고민하면,
예를 들면 뿌링클 vs 맛초킹 이런 질문하면
내가 먹고 싶은 것만 다른 사람인 척하면서 5중 분신술 씀

맛초킹
맛초킹!!
맛초킹 추천ㅎㅎ
맛초킹 맛나!
뿌링클 별로임

이렇게, 근데 이제 못해서 속상해",0
"정말 힘들어서 누군가에게 다 털어놓고 마음의 짐을 좀 덜고 싶을 때, 언제든 쪽지해주세요.",1
"밑에 해축갤 중독 여학우도 그렇고
박지성이 원래보다 업적이 좀 부풀려지긴 했어도
대한민국 역사상 손가락 안에 꼽히는 선수는 맞는데
해축갤을 너무 보니까 무슨 사기꾼에 B급 선수만도 못한 개그맨으로 보인다",0
많이 입어줘,0
.,0
안녕~,0
그만하고 싶어 다,1
"<자살 피하기 1>
남들이 내로라하는 점수를 받고 최고의 기업을 들어갔지만, 여전히 찢어지게 가난한 집 , 부모님의 사실상 경제력 상실, 이전 헤어짐에서 아직 뿌리치지 못하고있는 본인. 모든 것은 사치 처럼 느껴지고, 나이를 먹으며 못나져 가는 나의 외모
조금만 더 갖고 태어났다면 이정도 생각은 안했을까?
극심한 공황장애로 일을 할때도 고통스럽다. 일과 후 일상 ,, 너무 지루하고 할 것도 없다. 가만히 있다가 잔다.
대학교시절 집의 빈곤때문에 알바와 학업을 미친듯이 했다. 가만히 있는 순간에 행복을 찾아야 하는데 난 오히려 내 가치는 무엇인지, 공허해진다. 그만살고싶다 미래가 보이지 않고 현재 또한 너무 행복하지 않다. 하지만 이 자살이라는 것에서 벗어나보기 위해서 매일 이곳에 이 글을 연재 하겠습니다. 안읽어주셔도 됩니다. 다만. 저는 여기에 쓰면서 자살을 하지 않겠다고 약속을 하겠습니다.",1
"공군인데 나 첨 저말들었을때 뭐지 했는데

패스트페이스더라 ㅋㅋㅋㅋㅋㅋㅋ

공군에서는 패스트페이스라 불러서 ㅋㅋㅋㅋ",0
..?,0
도대체 내 인생은 어디서부터 잘못된걸까,1
지어낸 이야기 아니었냐,0
ㅇㅈ?,0
다들 오늘도 고생했어요. 닫긴 이른 시간이지만 미리 써놔요!,1
오늘 나갔다 왔고 술마실때까지 기분 좋았는데 새벽에 깨니까 왤케 공허하냐.....,1
나 요즘 잠을 너무 많이 자.. 원래는 12시에 자고 6시에 일어나는데 요즘은 12시에 자도 자꾸 8시 넘어서 일어난다ㅠㅠ,0
"사람이 무서워
가족도 무섭고 친구도 무섭고
다 무서워
내 자신도 무서워",1
과호흡 넘 힘들다... 일해야 하는데,1
"손목 드러내는게 세상뮤섭다
흉터보고 날라올 부정적인 시선들 벌써 버티기 힘들어
이게 내가 늘 시계를 차고있는 이유야",1
ㅇ미친기ㅋㅋ,0
그냥 몇점받는지 호기심으로 궁금해서?,0
오늘도 하루하루를 살아내고 있는 이 곳의 모두에게 마음을 담아 응원을 보내. 나도 요즘 계속 밤샘과 뜻대로 되지 않는 결과물들 때문에 몸도 마음도 다 힘든데 그래도 종강만 보면서 꾸역꾸역 사는 중 ... 다들 조금만 더 버티자!!! 아자자,1
"부족한건 하나도 없는데 무언가가 결여된 느낌이다
머리와 마음이 텅 비었다
사는게 지겹고
죽음이 와도 덤덤히 받아들일수 있을것 같다

나는 풍족함 속에서 편하게 살아왔으면서
스스로를 비관하는데 중독되었다

과거의 철없던 행동들이
오늘도 나를 끊임없이 괴롭힌다",1
"개인적으로 우울증 걸린 사람이 극단적인 선택을 할 때 다른사람 생각, 부모님 생각도 좀 하라는 건 글쓴이를 전혀 이해하지 못하고 하는 말 같아요",1
금요일까지 에세이 제출이고 같은날 시험인데 진짜 집중 하나도 안되고 의욕도 제로다 미치겠다 하....스트레스만 받는데 에세이 잡고있다고 써지지도 않아ㅜㅜㅜ,0
"책 제목 좀 찾아줘....!

그 책을 아직 다 읽진 못했어.

그리고 책을 펼친지 꽤 오래되어서

앞 부분은 기억이 제대로 나지 않아.





책의 내용은 한 마디로 표현할 수는 없을 것 같아.

아마 읽는 사람에 따라 다르게 해석되거든.

난 이 책을 희극으로 해석하고 있어!





중간중간에 내용들이 너무 유쾌해서 아직 새록새록 기억하는 부분도 있긴 해.

하지만 유쾌한 내용들은 책을 넘길수록 줄어들긴 하더라.





또 저자가 얼마나 치밀한지 슬픈 부분도 적절히 섞어서 내용을 전개하더라고.

읽다가 너무 슬퍼서 같이 운 적도 있지만

지나고보니 그 슬픈 부분들은 결국 주인공이 더 성장할 수 있는 초석이 되더라고.





이런 점 때문에 다음 장을 넘기는 것이 너무 기대돼.

내 친구는 다음 장을 펼치는 것이 두렵다고 하지만

그럴 때마다 난 그 친구에게 이렇게 말해줘.

""그래도 더 즐거운 일들이 펼쳐질거야! 이 책의 저자는 그렇게 나쁜 사람이 아니거든.""





또 다른 친구들은 내가 읽는 책이 재미없다고 해.

왜 그런 책이나 읽고 있냐고 말을 하곤 했어.





하지만 난 별로 신경쓰지 않아.

그 친구들은 내 책을 제대로 읽은 적이 없거든.

불과 몇 페이지만 읽은 걸로 이 책을 판단하는게 웃겨.

그럴 때마다 난 이 책을 더 즐겁게 읽을려고 다짐하곤 해.





아! 그리고 이 책은 어떤 두 편의 책의 후속작이야.

심지어 아직 그 두 편의 책은 완결이 나지 않았어.

이상하지? 그래도 개인적으로 그 책들의 완결을 보고 싶지 않아.





비록 책의 제목은 기억나지 않지만

만약 너도 이 책을 읽고 있다면

아무리 읽는 게 힘들어도 절대 중간에 덮어버리지 않았으면 해.

끝까지 읽어봐. 혹시 알아? 어떤 행복한 반전이 기다리고 있을지 말야.





쓰다보니 드디어 책 제목이 기억난거같아!

그 책의 제목이 그러니까 아마....",1
비맥스 먹기 시작했는데 소변 색깔이 일반 비타민 먹을때랑은 비교가 안될정도로… 거의 형광색이던뎈ㅋㅋㅋㅋ 반알만 먹어야하나요? 아님 원래 그냥 먹나요?ㅠ,0
"짜증나 진짜 짜증나
내일까지 과제있는걸 몰랐어
근데 교수님이 따로 공지안하고 그냥 슬그머니 올려놓으셨네
다들 모르던데

너무 짜증이나서 숨이 턱턱막혀
컴퓨터 부셔버리고 싶어
진짜 내 몸뚱아리 칼로 찔러 버리고 싶어 그러면 좀 후련할 것같아",1
"어떻게 죽어요?
자살할 수 있는 방법이 뭐가 있지",1
"플4찍엇는데
담시즌 다이아 가능?",0
얘들아 나 갑자기 마음이 아픈데 좋은 말 한번씩만 해주고 가면 안될까,1
정말소름끼치도록 내가싫다 ㅎㅎ,1
"어떤 사람은 그냥 상대가 우리 무슨 사이야 말할 때까지 기다리라 하고, 솔직히 뭐가 맞는건지 모르겠다",0
"연락 주세요 :-) 한 달에 3625원!
남은 10월은 그냥 쓰셔도 돼요. 쪽지 주세요!",0
블랙맘바랑 넥스트레벨 노래 좋았잖어…,0
"머리아프다 아무도 없는곳가서 혼자 시간보내고싶다
인간관계 지겹고 질려서 스트레스 받는것도 이젠 한계야 혼자 지내고싶어 제발 날 좀 혼자 내버려둬",1
오늘 밤에 잠들면 다시는 눈 뜨지 않게 해주세요,1
유튜브나 네이버 영화 대여가 한편에 1000원 내외니까 3~4편?,0
항우울제랑 항불안제 처음 처방 받았는데 먹기가 왜 이렇게 두려울까 그냥 가볍게 생각하고 먹어도 되는 거야?,1
노래가 좋아서 그랬어요,1
"핫게거 왜 전부 처녀처녀 이소리밖에 없어?

대학생 커뮤맞아 여기?

왤케 역겹지 갑자기... 진짜 변태들 많네",0
"거울만 보면 나가지도 못하게 돼..
5일 연속으로 혼자 우네..",1
다들 몇점 ? ㅠ,0
로라반 먹는사람 있나용,1
날 모든 사람이 미워해서 그 사실을 내가 확신할 수 있었으면 좋겠다,1
사회성 부족이야. 콤플렉스,1
"동생 앞에서 울어버렸다. 동생 나이때부터 우울증을 달고 살았는데, 그런 내가 이 어린 애한테 짐이 된 것 같다. 너무 미안해. 짐이 되버려서 미안해.",1
"자해... 다른 것보다 집 사람들이랑 거리가 멀어지는 게 억울하고 속상해. 일례로 우리 집 설거지 보통 내가 하는데, 팔 걷어붙이면 자해흔 보여서 집에 사람 있으면 설거지 안한단 말이야. 그러다보니까 자꾸 설거지 안하게 되고 자꾸 트러블 생기고",1
영토 다니엘 클리븐 족보 있으신 분들 있나요???,0
"이별이야기, 광화문연가 등등등 새벽감성 느낌 좋다",0
"불행하진않은데 미래가기대되지않을때가있어
사는이유는 내죽음으로 주변인들이 슬프지않았으면해서",1
ma1 항공점퍼 vs 흑청데님자켓,0
"남자가 잘생겼어도 잘생겼다고 얘기 안하고 돌려서 얘기하나요?
남자애들한테는 몇번 들어봤는데 그냥 궁금해서용...",0
ㅈㄱㄴ,0
ㅋ,0
"나는 병적인 우울증에서 빠져나온지 얼마 안 됐다. 중학교 때 자살 시도를 할 정도로 정말 심하게 왔고 그대로 계속 갔다. 고등학생 때도 정말 힘들었다. 관련 책, 영상 정말 많이 찾아봤다. 우울증이 너무 깊어지면 병의 삶을 살게 되면 정말 힘들다는 의사 말이 있는데 나는 그런 삶을 살았다. 우울증이 삶 자체가 되어버렸었다. 이건 나의 기질 때문인 것 같다. 나는 신경증적이고 예민한 사람이다. 그리고 어설프게 착한 사람이었던 것 같다. 세상을 혹독한 곳으로 봤다. 강해져야 하고 스스로를 지켜야 한다는 감각으로 살았던 것 같다. 사실 대학 합격만 하고 자살하려고 했다. 그런데 또 그냥 살게 되었다. 고통스러워 하면서. 올해 초반까지 정말 심각했다. 새내기 생활을 즐기지 못했음은 물론이다. 스스로가 이상하고 내면이 썩어있다는 생각과 밖으로 보이면 안된다는 생각이 있으니 사람을 만나서 멀쩡해보여야 한다는 생각과 함께 드러날 거라는 두려움으로 사람 만나는 게 너무 무서웠다. 그 생각이 너무 심해져서 강의실에서 강의 듣는 것조차도 너무 힘겨웠다. 처음으로 공황을 겪었다. 내 존재 자체가 남에게 폐가 될 거라고 생각했다. 조과제만 끝난 다음 기말 시험은 출석하지 않았다. 발표 수업은 던져 버렸다. 남들 앞에 서기가 죽도록 무서웠다. 갈데까지 갔구나란 생각이 들었다. 수업을 놓았다. 시험도 과제도. 학점은 바닥을 쳤다. 이 세상의 바닥에 혼자만이 남아있는 기분이었다. 그리고 거기서도 나는 더 바닥에 스스로를 묻지 못해 안달이었다. 그대로 땅에 묻히길 바랐다. 나는 답을 작성할 수 없었다. 시험지에도, 인생에도. 아무것도 할 수 없다는 무력감. 지금 생각해보면 나는 많이 아팠구나라는 생각이 든다. 그런데도 스스로를 할퀴기 바빴음을 생각하면 정말 안타깝다. 예전을 생각해보면 정신병은 맞던 것 같다. 멀쩡한 척 사느냐고 고생했다. 수고했다. 불완전하고 여기저기 구멍나있는 나로 살아가려고 한다. 스스로를 받아주려고 하는데 지금껏 내가 무너뜨리고 손도 대지 않고 포기한 것들은 너무 아쉽다. 그리고 스스로에 대한 잃어버린 믿음을 찾아가기가 어려워 그래도 믿음을 쌓으려고 해. 실수를 실패를 받아들이고 앞으로 나아가려고 해도 실패에 대한 비난이 속상하고 이해해주지 않음이 속상하기도 하다. 솔직히 아주 솔직히, 지금까지 아팠으니까 그럴 수 있다고 이해해주고 응원해주길 바란다. 이제는 잘 살아보고 싶은데, 하지만 전에는 너무 아파서 살기를 바라지 못했어서. 내가 다 놓아버린 것도 인생에 그런 고비가 있기 마련이라고 포기하지 않고 온것을 잘했다고 지금 다시 해보려 하는 걸 기특히 여기고 응원해주길, 내 실수를 실패를 다그치지 말아주길. 남에게도 바라게 된다.",1
공부량 ㅈ되는거 알자나요 그만큼하니까 잘가는거죠 뭐,0
"반존대 설레느니 그린라이트니...

율붕이가 설 자리가 없네",0
"https://youtu.be/NiczB6-puw8

천국도 지옥도 없는 것이라면,
이런 흙투성이의 현실을 누가 재판할 수 있을까.
부디, 다시 만나요.

노래 제목:: 정말 멋진 6월이었습니다 (とても素敵な六月でした)",1
나아가다가도 우울이 나를 덮치는 게 반복돼서 이제 희망도 못 가지겠어..난 평생 이렇게 살아야하나봐 이럴거면 진짜 죽는 게 낫잖아,1
"논어 기말 에세이 주제가 ""나는 좋은 사람이다.""인데, 나는 아직 제목조차 적지 못했다.

생각을 거듭해도 글감이 떠오르지 않는다는 것에, 나 스스로 내 장점을 찾을 수 없단 것에 점점 더 우울해진다.",1
"이런말 실언일까
실종자 부모님 인터뷰 보고 내가 다 위로를 받네
나는 삶의 의지도 좀 잃고 무기력했는데
강한 눈빛이랑 의지가
존경스럽다..

허튼 생각도 했는데
그런 불효는 아닌 거 같고
여러모로 마음을 다잡게 되네
정말 멋있는 분이시다...",1
"아까 핫게글에 댓글썼는데 글 없어졌길래..

성대와서는 서열놀이하는 남자들
진짜 구라안치고 한명도 못봤는데

약간 문신돼지육수충들..명품 두르고 다니는
중고차딜러 or 인스타 자산관리사들 서열놀이 하던데

어떻게 알고있냐면 고딩 동창 일진이었던 애가 아직까지 페북에서 그러고 있길래..
형님형님 하면서 뭔 말 하든 넙죽 기는거
그건 서열 ㅎㅌㅊ같긴했음",0
"화요일 12시에 또 시험 있단 말이야 ??

다시 본가 내려갈까 ?? 아니면 친구 집에서 하룻밤 자고 시험볼까 .. ㅇㅅㅇ

우리 학교 친구는 아니고 고려대에서 자취하긴 한데 가까워서 ㅠ ㅅ ㅠ

친구한테 민폐인거 같기도 하고 흑

그렇다고 시험보고 집 가면 밤인데 그 몸으로 공부하고 다음날 일어나서 시험보기는 또 넘 빡세고 어렵다",0
없어..? 왜 자료실에 7주차 강의안 건너뛰고 9주차지..?,0
정신과 치료를 끝낸지 1년이 다 되어가는데 아직도 불쑥불쑥 힘든 일이 있는 것 같아. 치료 받았던 4년 정도의 기억이 대부분 흐릿해. 열심히 돌이켜봐도 해낸 건 별로 없고. 새내기 시절부터 졸업 직전까지 값진 시간을 놓친 것 같아 속상하고 불안해.,1
"ㅋㅋㅋ방금 청개구리투자클럽인지 뭔지에서
전화와서 킹받는말투로 ""지금 주식투자하고 계시나요~ ?""이럼 ㅋㅋ 아ㅏ 그래서 순간적으로 뭐야시발 하고끊음",0
꽁기깅공깅강 뽕,0
"술마시면 기분 좋아져서 좋은데 깨면 현타와서 싫다
근데 자꾸 땡겨ㅠㅠ",1
"이제 조금은 널 보내줄 수 있을거 같아.
나도 이젠 나를 포기할 수 있을거 같아.
안녕. 안녕.
참 힘든 시간들이었어
이젠 편해질래",1
"진짜 조금만...조금안 쉬고싶다 아무것도 할 수 없으니까 누워있거든? 할 일도 미루고 지내는데..그래도 쉬는 기분이 안 들어....

친구들한테 말했더니 놀라더라, 내가 미뤘다는 말도 이런 선택을 하는 것도 생소하다고. 그 이후로 아무런 반응도 안 돌아오는게 착찹해. 다들 나한테 실망하고 있을까? 하지만 어떻게 하니, 지금의 난 이런 형태인걸. 못 받아들여진다면 그건 자연재해나 다름없겠지.

사실, 사회에서 말하는 정상 상태가 아니라도 괜찮다는 말을 듣고 싶어. 그거면 돼, 곁에 누군가 있어주면 좋겠지만 거기까진 기대하지도 않아.",1
존맛,0
"힘들다. 아프다.
사람이 이렇게 힘들 이유가 될수있구나.
난 사람들사이에서 잘 어울릴수없는 존재인가?
난 사랑받지못하는 사람인가?
난 누구를 사랑해줄수없는 사람인가?
내가 지금 할 수 있는 가장 최선은 그저 내 불행을
인정하고 또 받아들이며 뼈저리게 직면하고
놓아주는것밖에 없다. 그럴수밖에 없다.
시간이 많이 지났지않은가?여전히 그대로이지않은가? 거짓된 사랑이었다는것을 확인했지않은가? 이미 다끝나버린걸.. 전사람도 되지못한다는걸 오늘 깨달아버렸다. 난.
너무 힘들다. 내 집착일까?
너무 아프고 죽을거같다. 근데 지금까지 너무나 힘들게 살아와서 죽고싶은 생각에 무뎌졌나.
그냥 눈물이 나오면 나오는대로.
아프면 아픈대로. 그렇게 살아간다. 또. 힘겹게.
마음에무게가 너무 무겁고 썩어버려서 난 지칠대러 지쳤는데 아직도 또. 제자리걸음.
체력이 남아도나보다. 인생 쉽게 살고싶은데
내가 잘 안된다. 그냥 나 자체가 별로인 사람이어서 그런가보다. 아..",1
죽지 마요.,1
나 인생을 좀 많이 잘못 산 거 같다,1
"자살하고싶지 않다.
행복해지고싶어",1
우울한데... 연애라도 하고 싶다...,1
"밥 먹을때 왜 갑자기 우울해질까?
이상해...
요즘 우울하고 불안할때가 많긴 하지만
밥먹을땐 항상 그렇게 되더라고
다른 집중하는곳이 없게 돼서 그런걸까?
이리저리 생각이 많아지는건지...
그래서 요즘은 밥을 많이 못먹어
입맛도 너무 없고...
지금도 밥먹은지 얼마 안됐는데 기분이 너무 안좋다
우울하고 불안한 느낌.... 너무 걱정이 많음",1
"안녕하세요! 🌿 성균관대학교 <미디어와 여론> 수업을 수강하는 학생들입니다.

이번에 여론 측정 프로젝트로, ❗️백신 패스 도입❗️에 대한 성균관대학교 학우분들의 의견을 모으게 되었습니다. 오래 걸리지 않으니 설문 참여해 주시면 정말 감사하겠습니다 🥺🙇‍♂️

설문 링크 🔽🔽🔽🔽
https://docs.google.com/forms/d/e/1FAIpQLSdd7Hxt61nl5g2HqMVXdCHzBxtx6WfHglkOTRhCNx3kWjtzng/viewform?usp=sf_link

✔️ 성균관대학교 학생분들만 참여해 주세요!",0
"왜 이렇게 의욕이 없지…
우울하지도 않은 것 같은데 다 하기 싫어
그냥 게을러진 걸까",1
"오늘 사설 기관에서 첫 상담 받아봤는데ㅋㅋㅋㅋㅋ
상담하는 분이 너무 화내듯이 가르치듯이 말하는거야 반말도 하고...

나는 엄마때문에 힘든데 '엄마가 나쁜게 아니라 너가 엄마를 보는 시선에 문제가 있는거야' 라는겨
나같은 비전공자도 저런말 하면 안된다는거 아는데...^^

너무 윽박지르듯이 말하시길래 선생님 죄송하지만 너무 화내시는 것 같아서 당황스럽다고 했어

그랬더니 갑자기 그 쌤 눈에 눈물이 핑 돌면서
자기가 화내는게 아니라 온 에너지를 다해서 너한테 힘을 줄려고 그러는건데 자기가 얼마나 열심히하고 있는데 왜그러냐고 그러는거야
나도 당황해서 어버버 했는데
그쌤이 진짜 크게 한숨을 쉬는거야 에휴...하고 약간 어쩔수 없이 터져나오는게 아니라 들으라는듯이

뭔가 그분 자체도 좀 정서적으로 불안했던것 같다라는 생각이 들면서 와 진짜 죄책감 엄청 드는데 오늘 집에와서도 계속 생각나고....그냥 그분이 아무리 기분나쁘게 했어도 가만히 있을걸생각도 들고. 내일 중요한 면접이 있어서 오늘 상담해서 좀 나아진 기분으로 가자 했는데 더 기분만 이상해졌어
돈은 돈대로 내고...학교 카운슬링센터에서는 좋은 쌤만 만나서 상담끝내고나면 맘이 편안해졌는데....이게뭘까.",1
4대2?,0
"스스로도 굉장히 안 좋은 습관인걸 느끼는데..

나는 자존감이 낮은건지 높은건지

나보다 못한 사람이라고 생각한 사람이

뭔가를 나보다 잘하면 그 분야에서 그 사람보다

잘해야 적성이 풀려...

대학도 내가 싫어하던애가 공부 잘하길래 걔 이기려고 공부하다보니까 성대왔고

나보다 인생 헛 살고 있다고 생각한 친구가 운동해서 몸 좋아지는거보고 나도 운동함...

담배도 비슷한 느낌으로 끊었고...",0
"어떻게 나 혼자서 스스로 괜찮을 수 있을까

아무도 나를 도와줄 일 없고

도와줄 수도 없는데",1
"~,~",0
"몸 아플때마다
죽는게 나을거 같다는 생각 든다",1
"모징 왜 하나도 안아프지
1차때 있었던 근육통도 없는뒝...

자고 인나면 아플려나",0
"자꾸 후회만 하게 된다
분명 그때의 나는 최선의 선택을 한거였는데
지나고 보면 왜 이렇게 어리석었을까
앞으로 나아가야하는데
지난 날의 기억이 나를 붙잡아 놔주질 않는다
나는 고여 있는 물이다",1
벌레도 날개가 있는데,1
"기억하고 싶지 않은 아픈 기억들을 회피하고 피하려고만 하는데 언젠가 터지려나,,다른 사람들한테 상담해보니 일기처럼 적어보는것도 도움이 된다는데 한글자도 적지 못하겠어 아니 시도조차 못하겠어 억지로 지금 버티는 내가 완전히 무너져버릴까봐,,,그냥 무서울뿐이야 아무렇지 않은척하지만 술만 마시면 나도모르게 울음이 터져나오는데 마음 깊이 뭔가가 덩어리처럼 엉켜있어 언제까지 모른척할수있을까",1
무서웠어,1
내일 시험인데 아무것도 안 했어,1
"층간소음을 내는데도

미안한 기색이 없을 정도면

그 인성을 추측해볼 수 있으니

같이 사는 사람끼리 싸우는 건

당연한 결과가 아닐까?",0
이번주 목요일 오후 1시 수업시간에 시험인거죠??,0
어제 글쓴 쓰니야? 지금은 뭐하구있어? 이제 태풍도 좀 지나가서 하늘 엄청 예쁘다! 밖에나가서 마카롱도 사먹고 그러고 있나? 궁금해! 알려주라~~~??,1
빨리 채점해주시는 편이신가요??,0
그렇다고,0
어떻게 개밑으로 들어갑니까 ㅋ,0
끝은 분명히 새로운 시작이야,1
"지금은 하기 싫다 그랬는데(애무는 다 함)
나중 가서 맘 바뀔 경우도 생기려나??",0
율전 근처에 상담하기 좋은 병원 있나여,1
어제 오늘 또 토끼 ?? 다들 주말 잘 보내세용??♥?,1
"1. 100일
2. 200일
3. 300일
4. 1년
5. 500일
6. 2년
7. 3년 이상",0
부작용이 생길 수도 있음?,0
"괜찮아진줄 알았는데요
혼자서 이겨내보려고 엄청 노력했는데
전혀 괜찮아지지 않았어요",1
"사랑받는 느낌을 받고 싶어서 아무나 믿고 쉽게 관계를 가졌었어
잘못된행동이라는 것을 알지만 내가 나를 사랑하지 못해서 그렇게라도 사랑받고싶었고 누군가가 필요했어...
그럼에도 불구하도 잘못됬다는걸알지만
다시 같은 선택을 하게될까봐 무서워..",1
아침에 눈을 뜨면 계속 자고싶다 그냥 안깨고싶다 과제도 공부도 밥도 다 싫다,1
"공황장애와 우울증 불면증
관련있는 걸까요?",1
"저녁 떡볶이 먹으면 큰일날까,,,",0
후리스 입어도 ㄱㅊ?,0
"우을감인걸까 우울증인걸까
빨리 일어나서 카운슬링 센터가봐야할텐데 자꾸 그시간에 잠이나자자면서 미뤄두게된다",1
인싸에 대해서 알려주세요,0
애국심으로 공무원이 되야겠다는 사람이 얼마나될지 궁금함,0
"내가 뭐달라고 손내밀면 손을 주는거지..? ㅋㅋㅋ
나도 당황 ㅋㅋㅋㅋ",0
진짜 다 거지같다 ㅠ,1
니가 뭔데 나한테 그런 말을 해,1
"죽고 싶지 않아. 죽는 게 무서워. 절대 죽고 싶지 않아. 소원이 있다면 영원히 사는 일이었는 걸, 나는. 그런데 요새 자꾸 자고 싶어. 저녁부터 자고 싶은 걸 억지로 참아. 지금부터 자면 일찍 일어날 테니까. 자봤자 일어날 걸 생각하면, 억지로 잠에 들어봤자 서너시간 더 자면 잠도 더 못 잘 걸 알면 너무 아득해. 남은 시간들이 끔찍해. 언제 다시 잘 수 있지, 그것만 생각해. 근데, 그러면, 죽고 싶은 거 아니야? 나 죽고 싶을 지도 몰라. 그 생각을 최근 들어서야 처음 했어. 죽을 수 있을 것 같다고",1
"생각도 많고 남의 눈치도 많이봐서 우울한 것 같아
차라리 그때마다 본능에 충실했다면 더 나은 삶이었을까",1
당연 인생 최악의 생일이구만.. ㅋㅋ..,1
"근데 그 인터넷에서 하는 우울증 자가진단 있잖아 카운슬링센터 사이트에도 있는 그런거
유의미한거임? 해보면 우울증이라곤 하는데 딱히 건강상 문제는 없어서 그냥 난 잠깐씩 오는 우울감인가 싶음",1
성대생 짤로 쓰기 좋을듯 ㅋㅋㅋㅋㅋㅋㅋㅋㅋㅋㅋ,0
"내년이면 첫 진단을 받은지 10년이 되는 해입니다.

그 동안 의사와 상담사가 헤아릴 수 없을 정도로 바뀌었고 진단명도 여러번 바뀌었습니다.

좋아져서 “이제 드디어 사람처럼 살 수 있겠구나” 생각이 들 때와 다시 나빠져서 “그러면 그렇지” 하고 다시 포기할 때, 이 두 순간 중 하나가 아닌 때가 지난 10년간은 없었던 것 같네요.

오랫동안 미워했었어요.

병 때문에 가족들도 피해받고 사랑하는 사람들도 잃었습니다.

집중력은 꾸준히 떨어지고 있고 입맛, 즐거움 같은 것은 희미하게만 남아있습니다.

이렇게 오랫동안 죽음을 겪는 것과 한번에 겪는 것의 효용/비용 차이는 저울 위에서 위태롭게 균형을 이루어 왔던 것 같네요.

그렇지만 이제는 서서히 받아들이고 있어요.

나와 다른 사람들이 다르다는 것을 이제는 알아요.

이 사실이 평생 그렇게도 서러웠는데 이제는 아닌 것 같아요.

남이 겪는 행복을 누리지 못한다고 내가 행복해질 수 없는 것은 아니더라고요.

사람들이 지나치는 햇볕 한 줌에 부모에게 사랑받는 것보다 더 큰 따스함을 느끼는 것.

다른 사람에게서 스스로도 믿지 않는 사랑스러움을 발견해내는 것.

언제 죽어도 괜찮을 거라는 믿음이 주는 미묘한 안락감.

자주 일어나지는 않지만 이런 일들로 인해서 살아가고 있습니다.

예전처럼의 삶으로 돌아가고 싶다는 생각에서 멀어지니 지금 가지고 있는 병이 정말로 어떤 것인지 비로소 보여요.

내 삶을 망가뜨리러 온 것이 아니라 내 삶 그 자체네요.

이런 말을 듣고 더 절망하지는 않았으면 해요.

재발 위험이 높다고, 앞으로도 삶이 크게 달라지지 않을 수 있다고 우리가 느끼는 것마저 지금 느끼는 절망으로 한정되는 것은 아니에요.

우울증 이제 곧 10년차, 저는 때때로 행복해요.

살아남아주세요.

살아남기만 하면 예상치도 못했던 이상하고 기괴한 방식으로, 삶은 살만해져요.

여태까지 너무 고생했어요 모두들.

이젠 괜찮아질 거예요.",1
알랴줘,0
죽어라 얍,1
죽어버리고싶다,1
더디게 느림보 같은 지금 이대로 괜찮은지도 몰라,0
"우울증일때 도움됐던 짤 몇개 남기고가요
모두 행복해지자:)",1
"그냥 내 생각인데 ... 어떤지 한번 들어봐줘.


1학년때부터 나랑 사귀던 여친이 있었음. 집은 그냥 경기도 아파트 살고 (이사 다녔다는거 봐서는 전세 인듯?)
용돈도 그렇게까지 많지는 않았던걸로 기억함. 솔직히 얘 용돈으로는 같이 데이트하기 좀 벅차서 내가 좀 더 많이 냈음.

가끔은 걔 용돈 떨어지면, 괜히 내가 자꾸 사주면 걔도 미안해서 그냥 우리집에서 음식해먹고 데이트 했던 적도 많고

그렇게 2년가까이 사귀다가 나 군대가고 걔도 헤어지게 됐음.

그런데 그 이후로 인스타 가끔 들어가서 보는데, 진짜 일반적인 대학생이 절대 할 수 없는 행동들을 하고 다님.

무슨 주마다 시그니엘에 있는 바에 가서 칵테일 마시는 걸 올리고

호텔 사진도 진짜 거의 2주?에 한번씩 올라와 있더라

아빠 차라고 올린 사진도 작년에는 BWM 상위 모델이었다가 갑자기 또 벤츠 뭐로 바뀜

음식점도 보면 거의 다 오마카세 혹은 진짜 비싼 다이닝
자기 악세서리 사진도 있는데 구찌 목걸이에 비싼 장신구들 진짜 많았음

이게 뭐 자주 놀러가는 정도의 수준이 아니라 거의 재벌급으로 돈을 쓰니깐 그냥 킹리적 갓심하게 됨

인스타 스토리도 군대에서 나 사귈 때 잠깐 실수로 올렸었는데 잔고에 5000만원 찍혀 있는거 보고 뭐냐고 물어봤는데
스토리 지우고 잘못 봤다고 그랬던 적도 있음

20대 중반 후반 넘어서 작장잡고 그러면 모르겠는데 20대 초반인데 저런다... 흠 내가 뇌내망상이 심한건가",0
자해 중독 어떻게 끊을 수 있을까,1
구매하신분들 얼마에 구매 하셨나요?,0
"첨엔 주인공이 좋았는데
다보고나니 서울대가 젤 좋아짐",0
"왜 다들 날 괴롭히는거야
너무 쉬고싶어",1
"어때? 울90에 20마넌정도야
이런거 이십만원 너무 비싼가..?",0
전여친이 생각나는고만 이때쯤 만났었지 껄껄,0
"내가 죽으면
내 무덤에 올때는 꽃대신 커피를 사와주면 좋겠다
친구랑 가족이랑 카페나 피크닉 가듯
햇빛 좋고 따뜻한 날에
나랑 같이 커피 마셔줬으면 좋겠다
다들 너무 슬퍼하지 않았으면 좋겠다
내 죽음에 슬퍼하기엔 그 마음이 너무 값지다
더이상 내가 아프지 않고
지치고 괴로워 홀로 주저앉아 울지 않는다는 것에
조용히 축하해주길",1
진짜 잘생긴사람 봄 ㅋㅋㅋ,0
ㅜㅜㅜ연예인 안 좋아할거야 이제,0
자살하면 안 되는 각자의 이유 하나씩만 말해주라,1
"우울증에 ADHD까지 앓는데, 약은 여러 종류 먹어봤지만 부작용이 너무 심해서 다 끊었어요.

공지 제대로 안 읽어서 시험 하나를 놓쳤네요.

그래도 앞으로 굶어죽지는 않겠지?",1
제발,0
"기꾸스시랑
현초밥 중에
어디가 더 맛있나요???",0
난 왜 이렇게 생긴거지,1
너희도 사과문 올리라고~,0
코로나 이전에는 7~80명 학생들이 듣는 강의도 강의실에서 수업했나요??,0
자기 인생에 별 영향없지않나,0
어때??,0
"힘든 나날을 보내고 있는 친구들에게.
나도 너무 힘들때 RM - 지나가 노래를 몇시간 씩 반복해서 듣다 울다 지쳐 잠들 때가 있었는데
결국 다 지나가더라.
가사가 혹 힘이 될까 가져와.

밤이 가고 아침이 오듯이
봄이 가고 여름이 오면
꽃이 지고 열매가 있듯이
모든것은 아파야만 해

세상을 안고 숨을 훅 들이마셔 봐
내 폐 안에 가득 들어찬 따가운 공기가 모든 걸 말해
그래 수없이 도망치고 싶었던
나 아파하고 무뎌지던 오랜 시간들 바로 그 안에

Everyday I pray
내가 좀 더 나은 어른이 될 수 있게
And everyday I stay
아픔도 언젠가는 죽기에

무뎌지려면 바람을 맞아야 하잖아
꿈 속에서는 영원할 수가 없잖아

힘내란 뿌연 말 대신
다 그럴듯한 거짓말 대신
그저 이 모든 바람 바람처럼 지나가길

지나가",1
"본인 고명북 ㅎㅇㅈ 교수님이구 중간 시험 웹엑스 키고 본다는데 감이 하나도 안와 ,, 말씀 해주신건 책 배운거 관련해서 질문 두개 나온다고 하셨어

전체적인 주제도 안알려주시고 두 질문 각각 책인지 책 하나인지도 안알려주셔서 공부를 어디서부터 시작해야될지 감이 안와

제발 좀 살려주라 .. ㅠ",0
시간차 공격에 마음의 눈으로 보는 시험지까지,0
시험기간엔 힘들어서 뒤질것같더니 이젠 온갖 잡생각들고 미친듯이 외롭다,1
"너무 사치부리는것같아?
몇년째 매달 해와서 한번도 생각해본적 없는데
별로 안친한애가 그거 쓸데없이 왜하는거야? 이래서 다시생각해보게됐어..",0
"학교 건강센터 정신과 가보신 분 계세요?

많이 나아지셨는지, 그리고 선생님은 어떤지 궁금해요",1
"새내긴데 대학생활에 별로 기대감이 없다. 주변에서는 다들 대학사람들 만나고 싶다고 하는데 나는 만나보고 싶다는 생각 자체가 안들고 아예 안 만나는게 더 나을 것 같다. 마음 편할 것도 같고.

사는 환경도 구질구질하고 매일같이 스마트폰만 만지면서 불규칙 적인 삶을 사는 나 자신이 너무 짜증나서 싫다.

애초에 서울에 있는 대학 가지말고 집 근처 대학 갈걸. 괜히 인서울 목표했다. 고딩 때까진 잘 몰랐는데 대학생 되니까 돈 없음이 뼈저리게 느껴지네.",1
호에에에,0
pc 웹캠만 허용한다고 했는데 노트북 아닌 사람은 웹캠 사야하나요...?,0
눈물이 계속나 어떡해,1
"지금 내가 우울하구나

이걸 알아차리고, 받아들이는 게 왜 이렇게 어려울까

그런데 알고 받아들인다고 뭐 딱히 할 수 있는 것도 없네..",1
"우리 함께하는 시간도 이제 10일 남았네..
모두 화이팅
내년에는 모두 행복해져 있길",1
"원래 인간 쓰레기가 맞아서
욕먹어도 싼 인간이다
그냥 미움받기 싫어서
상대방이 분노할 의지도 만들 수 없게
자기 스스로 시체가 되는 짓을 하는 거다
여러모로 역겹기 그지없다",1
"힘든데 내가 예민한건지 모르겠다.
가족들은 다 내가 예민하다고 생각하나봐 죽고싶은지 죽기싫은지 이제는 모르겠다.
항상 가족 때문에 화날 때마다 콘솔에 들어있는 커터칼 꺼내서 아니면 옆에 있는 컵 깨뜨려서 손목을 그으면 나를 알아줄까 싶으면서도
그래도 내가 문제라고 생각할까봐 못하겠다.
손목도 어디를 얼마나 그어야 되는거지?
잘못하면 죽지도 않고 신경 끊어져서 후유증 심할텐데.
집이 10층인데 밑이 너무 안 예뻐서 떨어지기는 싫고.
죽고싶은건가.
상담 다니기 시작했는데 자살 자해 이런걸 막상 입밖으로 내니까 창피하고 내가 과장해서 말하는 것 같고.
그냥 내가 다 잘못했나봐.
내 과대망상 피해망상이고 영원히 그들과 나는 변하지 않을거다.
계속 커터칼 꺼내서 집을 나가서 가족들을 겁주랴는 생각이 들고, 그렇게 해도 자기 방으로 들어가버릴 엄마의 모습이 생생하게 그려진다.
화가 난다 항상.
이대로는 못살겠다. 너무 힘들다.
그런데 죽으라 그러면 무서울 것 같다.

왜 사람에게 상처주는 말은 다 하면서 상대가 자기가 원하는걸 해줄거라고 생각하는거지?

가족? 뭔 소용이야
가족이 뭔 가장 소중해
조용한 목소리로 말해놓고 "" 내 말 못알아들어?"" 하고 소리치고. 죽으면 안그러겠지.
자해하면 안 그러겠지.
아니 그래도 우리집 누군가는 분명
내가 혼수상태에 빠져서 눈을 떴을 때 말없이 나가버릴거다. ""도대체 왜 그러는건데"" ""너가 해달라는거 다해주잖아"" 하면서 나가거나, 앉아서 계속 그런 말을 하거나.
개같다
내 인생이 다 망가졌어. 이제 예전으로 돌아갈수도 없어. 죽고싶다고 말하면 뭐라고 할까.
언니는 ""얘기 안할거면 말을 꺼내지마."" 라고 하고
엄마는 ""자살하지 마라. 남은 사람들 힘들다."" 라고 말했다.
나는 죽는 순간까지 남은 사람들을 생각해야 하나.
외롭다.
사무치게 외로운 밤이다.
내가 내 자신을 사랑할 수도 없다",1
"작년 2학기에 이 우울함때문에 굉장히 힘들었었는데....이게 이번에 여행 다니면서 몸이 약해지니....또 비슷한 생각이 드네요...
이런상황을 이길려면 운동하고 맛난거 먹고 계획짜서 자기할일하고 해야겠네요
너무 무서워서 자기전에 주저리 써봐요 ..
내일은 꼭 계획한일 끝내고
맛난거 먹고 산책하기..☆",1
ㅋㅋㅋㅋㅋ,0
"유명인한테 당한 갑질, 고소 협박 사실을
명훼 안 걸리고 폭로할 순 없을까..?",0
"저 커피나 술 한잔만 마셔도 심장이 뛰고 손발이 저리고 머리가 핑핑 도는 느낌이 들어요
힘들게 잠들어서 다음날에 일어나면 가슴이 막 저려서 지쳤다는 느낌이 들고요
작년까지는 괜찮았는데 올초에 심한 공황을 겪고나서 이런 증상이 생겼네요
술 커피 마셨을때랑 공황상태랑 비슷한 느낌인데 이것도 일종의 공황일까요?",1
국장 이렇게 뜨면 된건가요? 근데 제가 알기론 최소 금액이 67만원이라고 알고 있는데 왜 33만원일까요...,0
"성대 대숲에 올라온 글인데
현재 자살 생각을 하고 있는 저에게 많은 힘이 되었습니다
여러분도 읽고 나아지셨으면 해서 퍼왔어요",1
듄 볼까 베놈 볼까,0
아무거나 들어서 총학점만 채우면 되지??,0
"나 너무 대단해. 5살인가 7살 때 처음 놀이치료 받으러 갔어. 야뇨증 때문에. 부모님 이혼 때문에 그랬던 것 같아. 그리고 부모님 재결합하시고 박터지게 싸우고 경제사정 안 좋고 이사 밥먹듯이 다니고 나는 정신적으로 중학생 때 힘들어져서 학교 자퇴하고, 연예인 덕질에 맨날 인터넷하고 친구도 안 만나고 살았거든. 병원에서 우울증이라고 약도 먹고 뇌에 전기치료도 받고 상담도 했는데 똑같았어. 자살시도 자해 다 했고. 고등학교 때는 사회공포증이라고 할 수 있을 정도로 친구 사귀기가 너무 무서웠고 인지 왜곡 극심하고 피해의식에 열등감에 정신적 문제 진짜 심했어. 진짜 자퇴하고 싶었고 사실은 죽고 싶었는데 졸업까지 하고 운좋게 성대에도 들어왔네. 대학에서도 이런저런 곡절이 있었지만 나 진짜 잘 버텼다. 나 진짜로 대단하다. 안 죽고 산 것도 엄청나다. 심지어 다른 사람들도 생각해주고 가치관도 꽤 잘 잡게된 것 같아. 정말 대단해. 난 내가 제일 가엽고 내가 제일 기특해. 아무도 몰라줘도 나는 알아. 내가 얼마나 애써 버텼는지를. 힘든데도 살려고 발버둥친 걸.",1
"요즘 너무 힘들다
자꾸만 나 자신이 싫어진다..",1
"또다시 이시각 어제보단 피곤한 오늘
어제 일찍일어나서 잠이 부족할텐데
잠들기싫은건 피곤해도 마찬가지다
자기싫고 그냥 재밌는것만 읽고싶은데
잡생각이 많아 글도 제대로 안읽히고
죄책감만 쌓여가는 밤, 이새벽..",1
"지금 모니터 거의 10년전에 산 모니터라 오래보고 있으면 눈도 꽤 아프고
모니터 암 연결해서 높게 쓰고 싶은데 오래돼서 연결하는 부분도 없고 ㅠㅠ

근데 부모님한테 말하니깐, 집에 모니터 있는데 왜 또 사냐고 하는 눈치시네...

허락보단 용서가 쉽다는데 ...",0
어이가없네,0
불닭은 좀 그런가...?,0
피는 사람들은 몰래 피거나 그런가요? 근데 또 학교 중도 담배 핫플은 항상 가득해,0
화이자 2차 백신도 별거 아니군...,0
"엥..여기 원래 비싼데 아니었음??
거의 블루클럽같은데 말고는 남자 커트는 최저가 수준이네..",0
모두 사랑해 더운데 그늘진 곳에서 조금 쉬면서 휴식하자.,1
오늘 자살충동 너무 심한데 뭘 하면 기분이 나아질까,1
그냥 자면서 죽었으면 좋겠다,1
계속 혼자 집안에만 있었더니 정신이 이상해진 것 같아. 공부는 아예 못했고 머리 아파서 할 수도 없어. 마음 편히 있을 곳도 없고 이제 돌아갈 곳도 없네. 다른 사람들이었다면 아무렇지 않을 일도 나한테는 너무 큰일이야. 난 아무것도 할 수 없는데 이 순간에도 누군가는 나아가겠지. 너무 나약한 내가 싫어.,1
"1,2학년때 학점을 하도 조져놔서
아무리 열심히해도 복구 불가다!!!
새내기들 다들 열심히해…",0
ㅎㅎ ㅈㅅ,0
내가 쟤만큼 멍청했으면 지금보다 행복했을거같아,1
"깨어있는사람 댓글 한 번 씩만 달아주면 안될까?
나만 혼자 있는 것 같아서 무서워서 그래",1
"오늘은 조식을 느으읒게 먹었어!
그저께 오랜만에 운동을 했더니 온몸이 아픈걸..
손가락 하나가 이틀간 안 구부러지길래 병원 가기위해 오늘은 조식만..!

#빵맨의아침",0
잘 살다가 갑자기 며칠정도 우울감이 닥치면 참 힘빠지네 체력이 부족해서 그런가,1
"사는게 무섭다
남부럽지 않게 잘 사는건 고사하고 조금은 즐겁고 괴로움은 가끔씩만 느끼면서 살고 싶은데
오늘을 넘기면 내일이 오고
그렇다고 여기서 모두 마감할 용기는 없네",1
"에서 vietnam operations 는 뭐야?
배트남 기업?",0
"개쩜 ㅅㅂ
속버리는건 딱히없고
에너지음료 못먹는애들 물에타서 먹어라
나 중간만점가능 ㄹㅇ",0
"임블리랑 닮지 않았어??
인성 같은 거 완전 배제하고 얼굴만!!
볼 때마다 약간 겹쳐보여 나만 그런가..",0
나 요즘 잠을 너무 많이 자.. 원래는 12시에 자고 6시에 일어나는데 요즘은 12시에 자도 자꾸 8시 넘어서 일어난다ㅠㅠ,0
ㅈㄱㄴ,0
나 버킷리스트를 만들었어 “헌혈하기”야. 지금까지 우울증 약때문에 못했거든. 남자친구랑 헌혈하러 갔다가 우울증 약을 최소 일주일은 끊고 와야한다는 말에 마음이 아팠어 그래서 헌혈하기를 목표로 살아보려구 !,1
새로운 사람을 만나고 싶다..,1
부모님이 원망스럽다. 동생이 있는데 나를 키울때 실수했던 것들이나 몰랐던 것들을 동생을 키울때는 보완하고 해주시는거를 보고 꼭 마루타가 된 느낌이다. 학창시절 지속되는 한동안 따돌림도 당하고 사춘기로 피부도 나빠지면서 자존감이 바닥을 찍었는데 그때는 공부가 중요하다면서 그 흔한 운동조차 시키지도 않았고 피부과에서 약을 타 먹일 생각조차 하지 않았다. 요즘 동생도 피부가 나빠지는데 한달에 한번씩 서울까지 피부과를 가서 먹는약이랑 바르는약을 타오는거를 보면 환멸이 느껴질 지경이다. 나는 결국 바닥을 찍은 자존감과 부모님의 낮은 관심으로 돌이킬 수 없는 실수를 저지르고 말았는데 동생은 그런 실수조차 저지르지 않도록 도와주시겠지. 맨날 귀한 아들이라고 했지만 그러면 귀한 아들 자존감이라도 지켜줬어야지 자존감 바닥인거 알고 있었으면서. 원래 3월달에 죽을 예정이였지만 같이 과제하는 조원들한테는 민폐끼치는거는 아닌것 같아서 종강 후 여름에 죽을 예정이다. 지금 집값 오르고 있다고 예정보다 늦게 집을 팔려고 하는것 같은데 내 방에서 목매달고 죽는게 내가 부모님께 할 수 있는 복수인 것 같다.,1
"바람이 분다 들으니까 감성 만땅이네

본인 모쏠인데 헤어진지 5년 후에 그시절 추억하는 느낌임",0
학교 카운슬링 센터 가보신 분 계신가요? 괜찮은가요?,1
"너무 지쳐서 갈수록 생각이 단순해져
조금이라도 복잡한 생각하려면 머리가 거부하는것같아 그러면서 또 나쁜 기억들은 지나치게 자주 떠올라
머리 속이 안개같아 뿌옇고 뭐 하나에 집중하기가 점점 힘들어 어쩌다 내가 이렇게 되었을까",1
https://youtu.be/Ki08ix_QJ8U,0
열렸나요? ㅠ,0
아니 소프트웨어 중점학교 놈들아 제발,0
"안녕하세요 !
여자친구랑 시험 끝나고 어디 드라이브 갈까 ~~ 얘기하다가 이 카페 가볼까?? 하고 얘기했는데 “아 근데 가봤어 ㅎㅎ..근데 또 가도 상관없어!” 라고 하는데 뭔가 어투가 좀 느낌이 이상해서 전 남자친구랑 갔나.. 생각이 들었어요. 제가 뭐 전 남자친구 일 가지고 기분 상하는 건 절대 아닌데 전 남자친구랑 갔던 카페면 다른 카페 많은데 굳이 안 가고 싶어서요..ㅠ

혹시 전 남자친구랑 갔어~~? 귀엽게 물어보는 건 여자친구한테 실례일까요?",0
"1시간짜리는 중간재생되는데
2시간 30분 넘어가면 재생바가 요지부동이네ㅠㅜ 개열받음",0
인사캠엔 김도일,0
말을 못해서 그런게 아닐까 생각이드네...,0
중간고사 어케 친다는거야ㅠㅠ??,0
"베라먹고싶다
맨날 먹고싶다고 말만하고 먹진 못햇어
누가 사준다그래서 엄청 좋았는데
그냥 해본 말이었나봐 가볍게 하는 말 있잖아

생각해보니까 결국 내 주위엔 나 베라사줄 사람은 없었던 것 같아
그렇게 가볍게 한 말이라도 해준게 지금 생각해보니
고맙네 근데 밉다 싫다

근데 너무 아파
어제는 내가 잠들었다가 다시 못깨어나면 얼마나
좋을까 생각했어

더이상 울면서 안아파해도 되고
생각나면서 후회하지 않아도 되고
나 자신을 더 깍아내리지 않아도 되니깐

기숙사 너무 답답하다 너무 좁아
맨날 오토바이소리 들리고 뭘 자꾸 시켜먹는거야
맨날 즐겁게 떠들면서 지나가는 애들 소리 들리고

즐겁게 떠들면서 웃었던게 언제였지
코로나 이전에는 수업이라도 같이 듣고
카페가서 같이 과제하고 그런 사소한게 좋았는데

이제는 그냥 기숙사안에 박혀서 의미없는 후회속에 살아가네

내가 좋아하는 것들은 다 날 버려
게임도 재미가없고 기타도 재미가 없고
좋아하는 사람도 날 싫어해

4학년인데 내 인생을 위해 가장 열심히 해야 할 시기에 이래도 되는걸까
엄마는아빠는 날 걱정해 주시는데 괜찮아졌다고 이제 정말 괜찮다고 말한 후에 혼자 울어야 하는 내가 너무 불쌍해

울고싶지 않은데 밤이 너무 무서워
밤에 공허하게 혼자 침대에 누워서 잠이 들길 기다리는게 무서워
무수한 후회와 기억이 올라와서 또 눈물 흘리게 할까봐 무서워

딱 학기 시작할 때로 돌아가고 싶다
얼마나 좋을까?
얼마나 행복할까?

이미 지나간 일인데 되돌릴 수 없는데
후회하면서 울기만 하는 내가 너무 바보같아
하지만 내가 할 수 있는 건 이거 밖에 없는 걸
또 내가 뭘 할 수 있겠어 이 슬픔 속에서
아무것도 못 할 정도로 항상 생각이 나는데
생각을 어떻게 멈추겠어

그래서 생각조차 할 수 없게 잠든 후에 안깨어났으면 좋겠다고 비는거지 머",1
아직 안뜬 거 맞죠...,0
금요일 밤이다! 내일 주말이야,1
"카페에서 전화 받아도 괜찮으려나..?
그리고 상담 신청할때 같이 낸 과제 빼고는 따로 준비해야하는건 없지....??",0
"시험이다! 시험이다!
너를 고통스럽게 하는 밀당의 끝~
시험이다! 시험이다!",0
"자존감 수업 이라는 책

자존감 높이는데 정말 도움 되는 책이라고 생각하니까 혹시 관심있으면 한번 읽어봐!",1
어제 자해하고싶었는데 앞으로 한번만 더하면 상담쌤이 칼 뺏는다고해서 꾹꾹 버텼는데 하고싶어...ㅜㅜ,1
무슨 10초마다 한번씩 킁킁이냐 개짜증나네,0
"6월 한달동안 자취방에서 칩거했다.
병원가는 일 빼고는.
용기내어 먼저 만나자고 연락을 건내면 선약이 있다, 일정이있다 그러길래 뭐 그런가보다 싶었지.

인스타에 나랑 술먹어줄 사람 찾는다고 대놓고 올려도 아무도 연락 안오는거 보니 핑계가 아니였나 싶었는데 내 망상이였기를 바래.

기분전환이라도 하고싶어서 염색을 했다.
맨날 배달음식 하나 시켜서 두끼 떼우고 깡소주 먹던게 실증나서 해장국집을 가서 뼈해장국에 진로를 시켰어.

아주머니가 나를 보는 눈빛이 되게 한심하고 철없어 보이는 눈빛이야
이것도 내 망상이기를 바래.",1
병원 기록 안남는거 맞아? 나 병원 다녀야될 거 같은데,1
내가 살아,0
"사교성,사회성 없는게 너무 힘들다...
그냥 죽을까..",1
온실 속 화초처럼 자라고 사회에 적응 잘 못하는 개 한심한 사람 같다 나..,1
어때?,0
불안장애+우울증 진단 받고 약 먹는 중인데 오히려 전보다 정도가 심해진 느낌이야ㅠㅠ 짜증나....왤케 아무이유없이 불안해미칠거같지??,1
"술 먹고 노느라 문자 인증번호 안알려주고 난몰랑 시전

아빠만 아니었으면 쌍욕했는데 후
이래놓고 다음날 기억을 못함
이정도면 ㄹㅇ알코올성 치매아닌가? 술좀작작처먹었으면좋겠다",0
난이도 정도면 어느 정도인가요? 자격증 시험 기준 같은 거로 봤을 때요..!,0
"2년전에 우울증을 앓아서 알코올 의존증이 있었거든..? 내 일생 중 특정 시기를 지울 수 있다면 그 때를 택할 정도로 너무 후회되는데, 문제는 지금 술이 다시 생각나.
후회할 거라는걸 너무 잘 아는데 이 우울감이 술 마시지 않으면 안 떨쳐질 거 같아서 괴롭다ㅠㅠ 이게 중독의 위험인가",1
드라마 지리산 재밌어??,0
그림,0
"매도 하는게 맞나요 가망이없어보임..
근데 그냥 안전빵으로 크게너놧던거라 잊고잇엇음",0
들어보신 분들 혹시 교안만 보고도 에이쁠 가능한가요?,0
나 오랫동안 고민했는데 잠시는 희망을 갖고 몇일은 힘내서 살아봤는데 죽는게 맞는것 같다. 내 인생의 목표는 사랑인데 이번생에는 불가능할것 같네.내가 정상적이기만 했어도 더 노력해봤을텐데 그동안 노력을 해도 안되었던게 내가 비정상이기 때문이였어. 중학교때 따돌림을 당하지 않아서 내 자존감이 떨어지지 않았더라면 난 그런 선택을 하지 않았을까? 아니면 고등학교때 공부하는 시간을 좀 줄여서라도 운동을해서 자존감을 채워나갔으면 난 지금 정상이였을까? 과거에 대한 후회가 너무나도 많고 자존감을 떨어뜨린 중학교 동창들 그리고 자존감이 낮은거를 알면서 공부만 중요시하면서 도와주지 않았던 부모님이 너무 원망스럽다. 이미 비정상이 되었기때문에 이제 희망 같은거는 나한테 무의미하고 종강하면 죽을것 같은데 어떻게 죽을지 고민해봐야겠다.,1
포기하고 싶다 이 나약한새끼 진짜 뭐 하나 잘하는게 없네 난 걍 아무것도 안하고 잠자코 있어야 했는데,1
매일 우울한데 우울하지 않을수있는 방법 공유해줘요,1
"그래 1학기는 우울증때문에 학점이 이모양이었던거야
2학기에는 괜찮아 질꺼야",1
"어제 2년만에 처음으로 자해를 다시 했다. 다시 힘을 내겠다고 한 나에게 너무 미안했고. 나약해지는 내 모습이 너무 미웠다. 원래 포기는 없었던 성격인데 어두운 내 모습을 많이 극복하고 으쌰으쌰 다시 살아보겠다고 했는데 생각처럼 안되더라. 머리가 깨지도록 아프고 마음은 그보다 더 조여오는 밤에 눈 팅팅부은 상태로 아무 생각 없이 낡은 가위라도,,, 뭐가 됐든 손에 잡히는 거 아무거나 다 잡으려고 했던 간절한 내 몸부림은 다 어떻게 보면 이 글을 쓰는 것도 다 하나의 외침이 아닐까. 누구에게 기대고 싶지만 사람이 싫은 나. 사람을 싫어하는 사람으로 시작하지는 않았는데. 남에게 부담이 되기 싫어서, 남이 날 부담스럽게 대하는 모습이 싫어서 이렇게 된 것 같다. 너무 의미고 의식의 흐름을 따라 썼지만 나름의 흔적이라고 생각하며 위로를 받고있다. 요즘은 그런 위로라도 필요한 것 같다.",1
좀 슬슬해도 대충 B+은 줘서 진짜 편한듯,0
내가 누굴 좋아할 자격이 없다는걸 이미 아는데,1
집에서 약먹는거 들켰을때 다들 반응이 어땠어?,1
50대 어머니가 탈 차로 3천정도로 좋은 차 있을까요?? 차를 잘 몰라서요 ㅠ 추천해주시면 감사하겠습니다,0
혹시 신청 넣으면 연락 언제쯤 오나요??,0
"""우와 T1 오빠들 멋지다ㅏㅠㅠㅠ""

이러고 있는데 생각해보니꺼 02년생 2명이네..
나도 이제 늙었구나.......................",0
살면서 다른 사람한테 크게 미움받아본 적 없는 사람의 사고방식은 정말 다르더라,1
"이글을 보는 모든 분들께.

저는 얼마전에 불면증, 소화불량, 호흡곤란과 동반하여 우울증, 공황과 비슷한 현상이 저에게 찾아왔어요. 당시에는 정말 너무 슬펐어요. 왜 남들한테 안 일어나는 일들이 왜 내게만 일어나는가 하고. 이러다 정말 큰일나겠구나 하는 생각도 들더라고요 우선 잠을 제대로 못자니까 정말 미쳐버리겠더라고요 그래서 정신과 찾아가서 약도 처방받았어요. 너무 슬펐죠. 왜 내가 이 나이에 이런 고생을 해야되나 왜 내가 병원을 가야하는가 하고, 약을 먹고 증세는 조금 나아지긴했지만 이런 병의 근본적인 해결책은 마음변화라고 생각해요. 저도 지금 완치하지는 않았어요. 여전히 불안함이 남아있고, 아침에 일어나도 몸이 힘들더라고요.

하지만, 이제 바뀌려고요. 생각해보니 사람은 누구나 시련이 찾아오고 저는 그게 조금 빨리 찾아왔을 뿐이라고 생각해요. 그리고 이번 계기로 내가 좀 변한다면, 삶의 가치관이 변하고 전보다 더 열심히 하루하루를 살아간다면 예전의 나보다 더 빛날 수 있는 기회라고 생각해요. 요즘 안하던 운동도 매일하고 있고, 어떤일이든 좋은 방향으로 생각하려하고, 그렇게 살고 있어요. 우울한 글만 보면 더 우울해지는 거 같아서 더 밝게 살거에요. 증상이 나타나면 그냥 ""아 또시작이네 이거"" 하고 넘길거에요 이제. 이글을 보는 모든 분들이 그랬으면 좋겠어요. 전 오히려 젊을때 이런것이 찾아와서 다행이라 생각해요. 매도 먼저맞는게 났다잖아요 ㅎㅎㅋㅋ 이글을 보는 모든 사람들 다 화이티!",1
ㅋㅋㅋ,0
"저는 사기 조심하라는 글 보기 전에 먼저 거래한 학생입니다. 판매자분이 진짜 성대 학생인지 아닌지는 저도 잘 모르겠구요! 학생증 확인할 생각을 전혀 안해봐서...ㅎㅎ

다행히 사기는 아니었구 영화 잘 보고 왔습니다.
제가 그 분이 성대생인지 아닌지는 전혀 모르기 때문에 옹호할 생각은 없어요. 그냥 제가 생각할 때 댓글에서 정확히 확인되지 않은 정보를 사실화하고, 너무 지나치게 까내리지 않았나...하는 정도의 마음으로 글 씁니다.

다음부터는 저도 에타 거래할 때 주의해야겠네요. 이번엔 사기가 아니었지만 언제 당할 지 모르니까요ㅠㅠ

혹시 저도 의심받을까봐(?) 인증 영상 첨부합니다. 갤럭시는 학생증 캡쳐가 안돼서 수강신청 사이트로 인증합니다!",0
"외모콤플렉스 엄청 심하신 분들 계신가요?

저는 어릴때 되게 못생기고 뚱뚱했는데요 이것때문에 왕따도 당하고 엄마아빠도 저를 별루 안좋아했어요
이렇게 태어나고 싶어서 태어난것도 아닌데 그냥 그랬어요
못생겼다고 혼나기도 했네요 ㅋㅋㅋㅋㅋ 지금생각해도 어이없어요 ㅎㅎ 웃지만 슬프네요 지금 생각해보면 저를 좋아하는 사람이 아무도 없었던 것 같아요
그래서 자꾸 외모에 집착하게되고 중고딩까지는 오히려 친구들도 괜히 예쁜애들만 사귀고싶고 그랬어요 진짜 웃기지만 나 이런애들이랑 논다 나 안못생겼어 얘내랑 동급이야 이런느낌을 받고싶어 했나봐요 ㅋㅋㅋㅋ

아무튼 대학에 와서 얼굴은 쌍수하고 살을 한 20키로 빼서 전보단 나아졌지만 제 내면은 그대로네요
정말 어디 가도 누굴 새로 만나도 저 사람이 날 무시하지않을까 나 못생겼나 오늘 나 이친구랑 걸어다니면 비교되지않을까...특히 이제 취준생이니까 면접떨어지면 내가 인상이 안좋아서 그런건가 얼굴이 이뻤으면 이런일도 없었겠지 별 이상한 생각이 다들고
심지어 남자가 다가와도 아 내가 못생겼는데 그냥 아무라도 빨리 만나고 싶어서 그러는걸까 저사람 이상한사람이다하고 뒷걸음질치다가 이십대중반인데도 모쏠이에요 ㅋㅋㅋㅋ 적다보니 진짜 뭐하는건가 싶네요

저는 제 외모가 변하면 외모콤플렉스가끝날줄알았어요
사람들이 제게 못생겼다고 그만하면 그냥 끝날줄 알았어요
근데 그게 아니네요 이거 대체 극복이가능한걸까요
언제까지 이런 낮은 자존감속에서 살아야할지
아무리 긍정적으로 생각하려해봐도 거울속의 내가 여전히 못생겼는데 마음을 바꿀수가없네요",1
언제부터 삶을 사는게 아니라 버티는게 됐을까? 매일매일이 지긋지긋하다. 다른 사람들은 학교를 어떻게 다니는거지? 나만 나약해서 도태되는건가? 그만하고싶다,1
오늘도 모두 행복한 하루가 될 수 있기를,1
정신과기록있으면 검사되는데 지장있다는데 진짠가요 나무위키보다깜놀,1
"가장 싫었던 게 허구헌날 당한 집합이었는디

65기가 예를들어 집합 걸면
65기가 나와서 한마디하고 나가면
66기가 한마디하고 .. 나가면 또 67기가 한마디하고 ..

짬찌는 앞 기수 중 누가 집합 해산하기 전까지
부동자세로 한소리 존내게 듣고 있어야 했지

이걸 심할 땐 일주일에 두세번 당했는데 쉬벌
집합얘기 들으니 기억나네",0
아 씨 왜 빨리 안낫는거야,1
짜파게티라도 하나 끓여먹을까? 그럴려면 나가서 사와야함..,0
"무슨 일이 있는 건 아닌데

소중했던 사람들이 더이상 소중하게 느껴지지 않고
재밌었던 것들도 더이상 재미가 없다.

뭐든 정을 붙여보려고 노력은 하는데 뭘 하든
내가 거기에 정을 붙여야 하는 이유를 모르겠다.

병원이라도 가야 하나 싶다가도
내가 뭔 부귀영화를 누리자고 거기까지 가나 싶다.",1
슬프다,1
"내가 너무 쓸모없고 무가치한 사람이란 생각이 들어. 하루를 버티는 건 진창으로 한 걸음 더 다가가는 것 같고 외롭고 무섭고 모르겠고 능력은 없는 것 같고
이럴거면 어릴 때 죽는 게 내가 너무 많은 돈을 써버리고 우울이 내 부분이 되기 전에 죽는 게 낫지 않았울꺼?
보고서도 못쓰겠고 강의듣고 과제하는 것도 정말 못하겠어 비이성적 두려움이란 걸 알고 시도도 전에 포기하는 건 안된다는 것도 알지만 그래도 못하겠어. 나를 사랑해줄 사람은 없을 것 같고 그렇다면 이렇게 살아서 내가 얻을 수 있는 게 뭘까. 그저 핏줄이라고 키우고 지원해주지만 나는 텅 비어서 꽃 못피는 씨앗인데, 이럴꺼면 쭉쩡일 때 지금까지 남아있기 전에 걸려졌으면 좋았을텐데. 너무 내가 싫어서, 그런데 또 죽지는 못할 걸 알아서 지금 너무 슬퍼. 뭘 위해서 살아가야하냐고 물으면 그저 존재하길 바라는 부모님 때문이지만 그래도 그것만으로 살아가기에는 너무나도 세상이 버거운 것 같아. 난 아프기 싫은데 세상을 더 살면 더 아파질 것 같아. 그래서 무서워서 죽고싶어. 그런데 죽으면 안돼. 그럼 어떡하지. 단단해질 수 있을까? 내가 뭘 하면 조금 더 살만해질까? 지금까지 아주 오랜 기간을 죽음을 유예하며 살아왔다. 그냥 이렇게 죽고 싶어하며 살아가면 될까? 답도 없는 질문에 내 답안지는 장황하기만 하고 결론도 방향도 없다. 지금 너무 극단적으로 생각하는 것 같아 알고 있는데도 빠져나오기 힘들어. 차라리 노예로 살고 싶다. 하라는대로 하다가 자비롭게 죽여주면 좋겠어. 난 자유를 향유할 힘이 없고, 그게 너무 큰 부담이라서 그저 하라는대로, 책임도 결정권도, 미뤄놓고 싶어. 그냥 나는 나에게서 벗어나고 싶다. 그래도 또 죽기는 싫은데, 살기도 싫어. 사는 게 어려운 것 같아서 자신이 없어.",1
CAPM전까지 맞나요?? 공지 있었는데 없어졌네요;;,0
제발 빼자 좀ㅠㅠ,0
"제발...그만해...
진짜...그만해...",0
"개인적으론 힐러 포지션이 옵치를 재미없게 만든 원인인거 같음

힐러 포지션은 잘하는지 못하는지 수치나 화면으로 티가 안나다보니
유독 자기가 잘하는줄 알고 입 터는 애들이 많고 이게 겜 분위기 엄청 흐리는듯

롤처럼 상대편이랑 비교해서 힐딜킬이 얼마나 나왔는지 어시가 얼마나 나왔는지 이런걸 보여줘야하지 않나 싶음
저런거 나오면 힐러들 정치질 해대는거 반은 없어질듯 ㄹㅇ",0
"스트레스를 받으면 자꾸 잠이 온다. 자는 시간을 줄여야, 자지 않고 버텨야 이겨낼 수 있는 문제들을 앞에 두고 자꾸 잠이 온다. 그래서 무언가를 놓치고 잃고 그게 또 스트레스가 되어서 다시 잠이 온다. 죽으면 잘 수 있다는 말을 정말 싫어했는데, 그냥 자다 죽었으면 좋겠어.",1
"5장 소비와 투자함수에서
신고전학파의 투자함수와 케인즈 투자함수가 구분되는 지점..? 이 있나요 ㅠㅠ? 그냥 둘다 이자율 하락하면 투자가 늘어나는 거..? 정도밖에 안보여서 ㅠㅠㅠㅠㅠ
부탁드립니다 ㅠㅠ",0
"우울증 때문에 고생한지 4년째..
그래도 작년에 어느정도 극복해서 치료는 더 이상 안받는데.. 요새 다시 불안감이 올라와서 힘드네요
나는 왜 늘 이런 걸까 난 멀쩡해질 수 없이 평생 이래야 하는 걸까 싶었는데
처음 고생할 때 생각하니 그래도 좋아지고 있구나 생각이 듭니다.
힘들어 하시고 계신 분들도 조바심 내지 마시고 스스로를 응원해 주세요 행복해집시다!",1
나도 우울해하는 사람이라 모르는게 아닌데도 친구 우울 얘기 듣는거 너무 힘들어. 그냥...멀리 있어서 해줄 수 있는 것도 들어주는 것밖에 없지만...좀 힘들다. 카톡으로 힘들다 우울하다 못 나가겠다 살 빠졌다 밥도 먹기 싫다 이러는데 아니 얘가 이러는게 싫다는게 아니라 나는 나한테 얘기해준다는게 고마운데 그거랑 별개더라. 어차피 내가 할 수 있는건 텍스트로 같잖은 말 치는 것들이고. 재수하는 친구에 얘에 그냥 지치는가 싶어서 수험생도 아니면서 수능 끝나는거 기다리고있어. 한 명이라도 나아질까 싶어서,1
"결국 듣다 보면 약간 중독될 거 같긴 한데 음..
멤버들 능력치도 좋은 편인데 노래가 아쉽다
거기에 알 수 없는 세계관까지.. 약간 항마력 딸리는뎈ㅋㅋㅋ",0
오늘 밤에 자다가 죽었으면 좋겠다,1
페니실린 발견도 플레밍이네; 다른 플레밍 ㅋㅋ,0
"서늘한 여름밤님의 정신과/상담 추천지도

https://m.blog.naver.com/leeojsh/220852877049",1
퀴즈 푸는데 강의내용 안 필요하죠? 그냥 상식으로 ㄱㄴ??,0
"#3

우울증을 겪었던 작가가 쓴 책입니다
같이 읽어보면 좋을 것 같아서 올려요

출처 https://www.slideshare.net/mobile/TCVScotland/redhall-i-had-a-black-dog",1
"앙트레 수강 중인데,
life map 만드는 과제에서 슬라이드나 그림이나 형식은 상관 없대.
life map 검색해보니까 아래 같은 형태가 많길래, 프레지가 어울릴 거 같은데
또 프레지 어지럽다고 극혐하는 사람이 많네
프레지 안 써봤는데, 걍 딴 거 쓸까?",0
"오늘도 정신과에서 약을 타왔다.
처음엔 일주일 단위로 타왔다가 이제는 2주 단위로 타온다. 약 봉지가 두툼하다.
가는 주기는 짧아졌지만 총 방문한 기간은 길어졌다.
의사와 만났을때 어젯밤 문득 생각난걸 질문했다.
이 약을 얼마나 먹어야 하나요,
의사선생님한테 물어봤다.
선생님은 자신도 아직은 어떻다고 말할수없다 했다.
스트레스의 영향으로 우울 증세가 없어지면, 이라는 것만이 확실하다고 했다.
그럼 스트레스를 계속 받으면 약도 계속 먹어야 할까요, 라고 물어봤다.
약이 필요하다고 생각할때만 드세요, 하고 약간 웃으면서 얼버무리셨다. 그렇다는 말을 돌려서 하신거 같다.
그분을 뭐라 하는건 아니다. 비관적인 태도로 앉아있는 환자한테 의사로서 해줄 수 있는 답변이 그정도인건 나도 아니까.

에이즈라는 병은 그 자체로는 사람을 즉사시키지 않는다. 하지만 무서운 이유는 발병 이후, 면역체계를 전부 무효화시켜 아주 작은 병에도 몸을 취약하게 만들기 때문이다.

비유가 많이 극단적이지만, 나도 정신적인 에이즈에 걸린것 같다.
그리고 노출되는 병은 스트레스다.
지금 받는 스트레스는 물론 앞으로 받을 스트레스, 어떤 요인으로 언제 발생할지 모르지만 미래에 반드시 날 괴롭힐 것 같은 무언가들.
아직 일어나지도 않은 일들을 너무 걱정하고 불안해하는 것일수도 있다. 머리로는 알고 있다.
인간 생에 있어서 스트레스를 받는 것은 불가피하다. 하지만 난 그 어느것도 이겨낼 자신이 없다.
마음의 병 때문에 몸의 병이 생겻을때부터, 너무 멀리 와버린건가 하고 생각했다. 계속 이럴까 겁도 난다.

자기 전에 또 약봉지를 까서 네 알을 털어넣는다. 이런 행동을 평생 할까봐 두렵다. 온갖 감정이 밀려든다. 잠을 청하기가 힘들다.
난 왜살지, 이런 쓸데없는 생각만 하다가
또 내일 아침에 일어나서 가야 할 생각에 억지로 베게에 머리를 파묻는다.",1
학교 건강센터에 있는 정신과 어때? 가본 사람 있어??,1
옆에 있을게,1
학교 일찍마쳐? 마지막 교시가 몇시부터 몇시야?,0
"혼자사니까 그런지 티비소리라든지 뉴스소리라든지 그런거 꼭 켜놔야 마음이 안정되는 거 같아
특히 뉴스 자주 켜놓는데 사람 말소리가 들리길 원하는 거 같아
이거 고칠 수 없을까? 아무 소리도 안듣고도 안정을 느끼고 싶은데… 나같이 말소리를 들어야 안정을 느끼는 이런 것도 일종의 병일까?",0
워드 표 크기 조정하는데 갑자기 문서가 너무 커서 편집할 수 없습니다 어쩌구 하더니 갑자기 전체 페이지가 날아가버렸어요 뒤로가기 해도 안되고 이거 뭐 복구 안되나요? 아진짜 미치겠네,0
하루하루 눈 뜰 때마다 살고싶다는 생각보단 살고싶지 않다는 생각을 하는데 이게 우울증일까? 그만살고싶다. 흔적도 없이 사라질 수 있다면 당장 흔적도 없이 사라졌을텐데.,1
예술글 중간 레포트 몇 장 써야될까요... 6쪽 썼는데 지금 눈알 빠지려고 그러넹,0
서울대만 있는데 앞으로 더 업데이트될까요?,0
"오늘도 올린다... 또 가고 싶다...

사마르칸트 https://everytime.kr/370444/v/211747241
부하라 https://everytime.kr/370444/v/212311304
사진도 같이 봐줭",0
머지 어려웠나? 삽질 오지게하다가 고치느라 식겁했네 나 어쩌노,0
10만원 정도 생김,0
"에타 종종 보면서 찐따같은거 몇개 있었는데
서로 눈가리고 부둥부둥 하길래 욕처먹을 각오하고 솔직하게 말해줌

1. 저격글, 고백글
2. 고민으로 위장한 답정너
3. 고닉고로시 , 고닉 올려치는글 둘다
4. 무지성 알촌 길이만
5. 비게러 풀발
6. 인스타충, 인싸 억까",0
"술집말고 밥집!
첨보는 언니들이랑 가요!",0
"오늘은 우울하기보다 굉장히
불안하고 초조한 날이네요!!!

남들보다 뒤쳐지는 것 같고
나만 무언가 못하는 것 같고
무언가를 해야만 할 것 같고

이 불안하고 초조함을
태연하게 대처해서
내 의지로 바꿀수있기를 바랍니다

잘하고 싶어요
남들보다 훨씬 더 잘하고 싶어요
잘할 자신 있어요

그래서 그런지 남들보다
부지런해야한다는 강박이 있는듯하네요

속도가 아니라 방향인데
선택과 집중을 해서
중요한 것부터 끝내보도록할게요

언젠가는 나약한 인간에서
의지가 강하고 강한 인간이 되기를....",1
비온다,1
아이폰처럼 사진 지웟던거 다시 복구하는 기능 있나요?,0
"그냥 어느 순간 우울하다가 숨이 잘 안 쉬어지더니 계속해서 큰 숨을 들이쉬고 내쉬고를 매우 짧은 간격으로 지속하다가 시간이 조금 지나면 멈춰요.. 가끔은 10분 가끔은 2시간 가까이,, 이거 왜 이런가요..?",1
"죽고싶지는 않아. 물론 죽는 게 무섭기도 한데, 그게 아니어도 죽고싶진 않아. 그냥 다 지겹고 의미없고 뭐가 하고싶지도 않아. 뭐가 먹고싶지도 않고 내가 자는 꼴도 보기 싫은데, 근데 또 하염없이 자고 싶어. 죽고싶지도 않고, 좀 쉬고 싶은데 사실 바쁜 것도 아닌데 이런 거 보면 그냥 게으른가 싶어서 지긋지긋하다.",1
"여친한테 맘 좀 식었는데도
나중에 우리 결혼해서 귀여운 애기낳고 살자 라고 말할 수 있음?
남자 나이는 24",0
아쉽다.. 은행나무 말고 살구나무가 이겼으면.. 학교에서 살구 막 따먹었을텐데..,0
이거 때문에 상대방이랑 헤어지고 싶거든 너무 지치고 내가 문제인걸 잘 알아서.. 근데 상대방이 안놔줘 이거 어떻게 해야될까,0
"실수가 많았던 날들이었다
그 사실들이 조금씩 따갑다
그건 좋은 경험이라고 하기 힘들것같다
그러지 않았다면 좋았을텐데
죄책감은 평생토록 날 쫓아다닐것같다
미안하다
무뎌질수는 있겠지만 또 어느날 밤에는 오늘처럼
유난히 기억들이 시리고 심장은 아프겠지
혈관들이 가슴에서부터 발끝까지 커졌다작아졌다 시큰댄다
괜히 벌을 받고싶다
원망받고 사죄하고 고통스러워하는 책속의 인물들을 보면서 그게 나인양 상상한다
너도 그처럼 나를 원망하고 있겠지
아니면 잊었거나
잊었다면 다행이고 원망한다면 더욱 미안하다
오늘도 지나가고있다
오늘의 너도 지나가겠지
그렇지만 여전히 연락할 용기는 나지않는다
나는 여전히
초라한 선물을 할바에는 아무것도 안하는게 낫다고 생각한다
실망하고 상처받을 바에는 무소식에 여러 가정들로 상상하는것이 나을거라 생각한다",1
"여자들 요새 남자 외모 많이 보잖아 근데 남자는 원래부터 여자 외모 많이 봤잖아 그래서 미스매치 현상으로 못생긴 사람들 더더욱 도태되는것 같아
옛날처럼 직장 좋다고 결혼할 수 있는게 아닌듯.. 집값이 너무 비싸서 그런가",0
누가 자꾸 내 머릿속에서 죽으라고 소리질러. 이거 닥치게 하는 방법 아는 사람? 팁 좀 공유해주라.,1
사실 분 있을까요??,0
