tweet,label
"調べてみたら、私のBEはまだ発送したばっかだったみたい😂
どんまい！
でももうちょっとでくるー！！！💜
楽しみ😊",0
弁当買ったらしょう油付いてたんやけど、どれにかけるやつなん？( ˙꒳​˙  ) https://t.co/Q2CiJfnJVM,1
"★体の悩み★相互フォロー支援
体のあらゆる悩みについての情報配信・受信を支援するアカウントです
「当アカウントをフォロー」⇒
「このツイートをリツイート」⇒
「フォローされている人を フォロー」 
上手に使ってください https://t.co/G9TpM4hRDW",0
"【#ユナイト神尾晋一郎】

2月13日（土）26時放送📻
『U-nite 81Saturday #神尾晋一郎 の ""1""Thing』
 (@s_kamio113) 

聴いてくれた方が面白そう！やってみたい！と
つい心が動いてしまうアツいトークで
""一つの事""について語ります🙌

#TOKYOFM https://t.co/3s3FvCBf6E",0
"【完売商品情報】

『WE ARE 7ORDER IN PARCO』
・ポーチ　Mサイズ

上記商品、ご好評につき完売いたしました。
会場への再入荷は未定です。
再入荷の際にはこちらのアカウントにてお知らせいたします。

#7ORDER #WEARE7ORDER",0
"198m しんぷる！ #PS4share

https://t.co/K4W5jgFW5g https://t.co/RwtVHB8Qxx",1
「のむ・うつ・かう」って聞いたら、「飲む・鬱・カウンセリング」って連想するのは仕方の無い事だと私は提言したい！(｀・ω・´)ゝ,1
"朝起きたら眼鏡が無くなってた。
どこを探しても見つからない。
寝る前まで確実にかけていた
寝てるときもたぶんかけていた
ゴミ箱に落下してそのまま捨てられた？
誰も知らないという。

六万円の眼鏡…かなしみ",1
地図も渡されないまま荒れ野に放り出され遠いお星さまを頼りに見果てぬ楽園を探して突き進む旅団の団長のみたいなお仕事。,0
"今日はちょっと早めにおやツイ！🌙.*
皆今日は休めたかー？
明日からも頑張っていこ！！😆
あー、魔法科の深雪が可愛い……
神様になった日もホントに好き、、、
#アニメ好きと繋がりたい
#初リプ大歓迎 https://t.co/9SqkmQ4ZQ8",0
"今年の秋の朝ドラ、楽しみ〜♫

NHK様！　エキストラで充分です！　さださんと共演させてぇ〜🙏
😜😜😜

#NHK #朝ドラ #カムカムエヴリバディ

ｄメニューニュース:さだまさし、ＮＨＫ朝ドラデビュー　主題歌オファーと勘違い「驚きの『出演』でした」（サンケイスポーツ） https://t.co/c1jdoHEiIq",0
本日の10時打ちの結果〜 https://t.co/XmDNIbblC6,0
"みんなからの匿名質問を募集中！

こんな質問に答えてるよ
● 彼女のすきなとこ…
● 今カノとのこどもはいつですか？…
● 人の彼女寝取ったってリプ回って…
● きさん？…
#質問箱 #匿名質問募集中

https://t.co/0K9cW1hjg2",0
"うごくひょうぞうやっとのことLV30撃破!トドメのかいしん14,000オーバーが熱かった!本当にうれしい〜 #ドラクエウォーク",1
Rwtweet　ありがとうございました。,0
"ツイステの一周年記念、ガチャ100連で天井でSSR1枚(ランダム)＋祝福のマジカルキーで好きなSSR1枚と交換って、太っ腹すぎません…？？？100連で2枚確定(片方は選べる)って有り難い…😭😭😭

寮服カリムくん交換しようかな☀
いや、でも水属性よわよわだから、寮服アズールも捨てがたい…迷う…🤔",0
運営さんやどんだけアイスボックスで裏どりして欲しんかて,1
"本日の戦利品です。
お納めください○┐ﾍﾟｺ

おやすみ世界( ˘ω˘ ) https://t.co/8kLzTdG2eG",0
げんしんのしすぎでげろる夜中,1
"ねおなな杯本日は我ら2名は賞金首！
という事でなかなか逃げ切りましたw
車音を避け…
行くとこ行くとこ隠れ…
最後に暴走したったらやられまピタ♡

楽しんで頂けた人達多くて
感謝いたしますm(*_ _)m✨

また次回もお楽しみに( ≖ᴗ≖​)ﾆﾔｯ

ななたんお疲れ様♡
@nanach1_WTF https://t.co/vzgRdfA8Eh",1
"はじめてゲリラで3キルした

あーおやすみなさいデュフフ😏",0
喜んだ人は喜びの種を忘れるが、悲しんだ人は悲しみの種を忘れない。キケロ『ムレナ弁護演説』,1
"娘のHPVワクチンの接種、「迷っている」母親が5割。意識調査で明らかに https://t.co/SprBWse46v @rekopekopakoより

やった方が良いのは明白。性生活と男女交際をしなきゃ要らんけど",0
"スクリーナ
Call of Duty: Mobileに参加しよう！リンクをクリックしてチームに参加しよう！ https://t.co/aL8TNtlbGb",0
24話近づくごとに動悸息切れきつけが激しくなるのでそろそろ｢🎵きゅ〜しんきゅ〜しん｣が欲しい。,1
新井薬師の駅近に松屋ができる。しかもマイカリー食堂＆松屋の特殊店舗だ。すぐ近くに福しんも移転してるし、飽食の時代が始まる。,1
"けいたいかこわれてひらかなしかうてない

たくてんもうてない",1
昨日健康診断で体重計ったんだけど、50kgなかったし、ウエスト66だったw,0
3月8日にQoo10で頼んだオピュのティントがまだ配送要請な件。まぁ、、、、そのうちキャンセルとかくるかなwww,0
ボジョレー飲むーー,0
ｻﾝｼﾞﾊﾝ!,0
あとはきゅーけつさんと番ちゃんの診断結果見たさある,1
"私の人生でBTSに出逢えたこと、そして彼らを応援出来ることがとても幸せなことの１つだと思う。
まだまだ自分自身をARMYと呼べるのかは分からないけど先輩ARMYの皆さんのYouTubeやTwitterなどを見てひたすら勉強中です😆
彼らが元気で笑顔で幸せでいれくれることが私の幸せです❤️ https://t.co/w7OVlAb8Ih",0
夏休みをけ短縮してまで詰め込む必要があるのでしょうか。超過密の40人学級でエアコン付けても窓や出入口の扉を開けて猛暑の中での授業、想像しただけでムリなことは明らかです。人数を半分に指定きめ細かな教育こそすすめるべきでは泣いてしょうか。 https://t.co/yQluXHU4le,1
アニカフェ迷子ちゃん達やっっとまとめました～宜しければお声かけ下さい✨,0
明日明後日やればパリピ孔明は取れるけど4枚目の周瑜兵取れないし存在忘れてたかなしみ,1
"少量ですがオリシャン作っていただいてます！！✨🍾🍷🍸

うさしん初のオリシャン〜✌️かわい〜😭😭

めちゃくちゃ可愛くしていただいてて超お気に入りなのでお祝いして貰えるとうれしーです😭🙏
特典少しつけよーかなって思います！ https://t.co/xQYEiAhqPs",1
カーリング　女子強豪対決に期待　ロコ・ソラーレ対北海道銀行　稚内で９月に五輪代表決定戦：北海道新聞 どうしん電子版 https://t.co/gBvBF3M8VR,1
"今日は午前中に、
食料品の買い出しを済ませ、
午後はお迎えまでゆっくりと
してる。

気が向けば、インプットしていこう。

ムリはしない方向で
#うつ病",1
"みんなからの匿名質問を募集中！

生きているけれど少し疲れたさんはまだ答えた質問がありません！
生きているけれど少し疲れたさんの記念すべき最初の回答はあなたの質問かも！？
#質問箱 #匿名質問募集中

https://t.co/4FBhRXOGE3",0
"【1日2名のみ】高円寺DJスクールの体験レッスンですが2/27(土)～3/14(日)の期間限定でキャンペーン価格で受けられます💁‍♂️

春が始まる前のこの機会にDJというでっかい武器を手に入れませんか？😉

日時などの詳細やお申込みは下記のリンクから

→ https://t.co/3N604JJxAq

#高円寺DJ部室 https://t.co/9y5xzrt2Vc",0
"【現在1位】2位がかなり近づいてきておりますチアチアよろしくお願いします💓🥺
https://t.co/4O2LPMl9vf",0
ダメだ、ここから先に進めないw https://t.co/TWEaflWmtf,0
"【交換】あんスタ スタライ  リングライト 缶バッジ リンライ
譲)翠、颯馬、アドニス
求)リンライ:薫
     缶バ:零、薫、敬人
福岡天神手渡し(11/16、17ライビュ)。各1ずつ。よろしくお願い致します。 https://t.co/Eagpgs4z4J",0
"モデルとして活躍もされてて、撮影中もポーズのアイデア出してくれて、すごい楽しくてためになった撮影でしたー！😊

作例はインスタにも載せてますので、ご覧くださいー！
撮影依頼はDMを！

https://t.co/mIP4BVTCt9

#関西カメラ部
#京都
#ポートレート
#被写体募集 https://t.co/OPuQgiXn7t",0
"みんなからの匿名質問を募集中！

こんな質問に答えてるよ
● 名前が分かりずらいんじゃいいい…
● 何回やっても恋愛関係がうまくい…
● 好きな東方のマイナー原曲とかあ…
● どういうタイプの子が好み？…
#質問箱 #匿名質問募集中

https://t.co/5ACLClcjc4",0
"先週行った富士市瓜島町の味正さんのエビチリごはんセット！
#富士市
#味正
#エビチリ https://t.co/8SBbehyTvw",0
"抽選で5万名様に、全国のローソンで引き換えられる「UCC COLD BREW BLACK」のクーポンが当たるキャンペーンを実施中！
3月30日（火）12:59まで毎日応募可能！
https://t.co/l3Mp2rhi6F
#コーヒーといえばUCC　#コールドブリュー #香るどブリュー",0
"気分が落ち込んでるときにこれは見たくなかった・・・
ゲームとはいえうつ病の人には耐えれません https://t.co/CN3NHYyMAm",1
毎年恒例 https://t.co/SKQ4EpPEgs,0
"某先生の「半純血のプリンス」のあだ名。
翻訳前は何て言うのか知らないけど、学生時代ライバルに知られたらあだ名が「半けつプリン」になる危険性があるよね。",1
"今日精神科行ってきたらSADって診断されたよ
うつ病や精神を安定させる薬を貰いました。
うつ病の薬なので性格が少し明るくなるみたいです。
副作用として精神が不安定になったり性的関心　性欲低下などがあるみたいなので薬を飲む前にシコることを日課にしたいと思います。",1
えんぴつの持ち方でハミガキ ＃みがきマス ＃クレヨンしんちゃん ＃ハブラシの持ち方 https://t.co/QqxcUHbaI0,1
"#新春アニソンショー 超楽しかったですね！見事ビンゴな方続出で嬉しくなっちゃった！
今年もいっぱいアニソンで遊ぼうねぃ(๑˘ᴗ˘๑)+*
まずは1/30(土)22:00〜の #ニジフリ紫 楽しんで参りましょう〜 https://t.co/alh6EyPzUC",1
"わんこのついてくん実装待ってます！！！
ビーグル犬ください！",0
"は？え？サーバル？
いや金無いよ？
セーバルも出せんかったのに",0
なんか今日TL猫が多くて癒されるわ！,0
おはようございます☀,0
うちのSR枠やたら砂上手いから前から怪しんでたけど、やはりチーターやった😅 https://t.co/fBgenkny21,0
なんかうつ病でかかってるお医者さんに内科の症状聞かれて終わる感じで精神科にかかってる意味あんのか疑問に感じるんだけど,1
"402RADIO CH登録500人様突破！
ありがとうございます🙇‍♂️🎉🍾
まだまだ小さいCHですが楽しんでやっていきます！

そして！！
生配信で言った通り3月中にウルザズサーガ開封します！

是非是非見に来てください！

今回のアーカイブはリプ欄！↓↓↓

#mtg
@MTG_someyan0408 
@Gemini_ShuShu https://t.co/bImAeTAtuE",1
４９００万から１週間もたたないうちに１億いけたからインチェ今期こわれてる,1
テンションしんでて申し訳だた,1
ティラノサウルス中々やる,0
こんなしんちゃんは最高だよ。 https://t.co/dDHhggeDJr,1
"#ハンバトスライム兵団討伐 #モッチルム #彩虹の粘塊兵団 #ドラクエ10 ドラクエ10 さらさの冒険日誌 : スライム兵団討伐祭り☆
https://t.co/a1QSY9aDBX",0
"明日25日発売の月刊ビッグガンガンに、父は英雄～の30話が掲載されています。

ついに反撃開始！
事態の収拾に向けて、いよいよヴァンクライフト家が動き始めます──！

同日にコミックス５巻も発売！
コミックス→本誌に繋がりますので、続けて楽しんでいただければ！ https://t.co/ujZAFFrqLK",1
"＜やっぺすNEWS更新しました！＞
やっぺす！女性のためのプログラム”きらり”での活動の様子をまとめた報告書が完成いたしました。
ご覧になりたい方は弊団体事務所にてお渡しいたします。お気軽におこしください♪

https://t.co/zIXEfxhbYp https://t.co/zIXEfxhbYp",0
"羽生結弦選手
自分を信じて楽しんで演技して欲しいです
成功を心から祈っています🙏
頑張れ！
#羽生結弦",1
マッシブ好きすぎて泣ける泣いてる😭😭😭Ｎｏ．1のやましょうのMA55IVE TO THE topの歌い方が好きすぎるしその前の段階でしょへと肩組んでんのなにあれ死ぬこの2人死ぬ全部死ぬ会いたいランペを全身で感じたい死ぬ,1
ラジオ…PASMO持ってるのかと。前に電子マネー使ったって言ってたような…なんだっけ…,0
"苦しんでいる友人や家族から話しを持ちかけられたら、まずはきちんと聞いてあげて、きちんと「あなたが怒る（悲しむ、苦しむ）理由は理解できる」と伝えてあげて、気持ちをラクにしてあげるのが良いようです。
『あなたが怒る（悲しむ、苦しむ）理由は理解できる』
⇒ https://t.co/feoaZg20EA",1
今日1試合しかなくて、play of the dayやらなかったかなしみ,1
"みんなからの匿名質問を募集中！

こんな質問に答えてるよ
● SCANDALはいつからファン…
● ベスクリ行くんですね✨
楽しん…
#質問箱 #匿名質問募集中

https://t.co/0hUBvQAJ2G",1
クレしんでもボロボロに泣いてスラッグにも泣かされて頭が痛いからお風呂入ろ…ゲームもやりたいぞ…,1
"LINEの背景画像☺️❤️
てんくん、しんくん、かいちゃん
ほんまに可愛すぎる🥺❤️❤️❤️ https://t.co/KZpQwy56AK",1
未完成のままミックスを突き詰めてみたのだが、こうして聴くとインストながらブラックメタルとして充分に成立しているように思える。「ブラックメタルの記号化」というテーマの追究を徹底するならこれで完成とするべきかもしれないが、自分で楽しんで聴くことを考えるとやはりスクリームは外せないな。,1
嵐見れなくなっちゃうのか〜さびしいね,1
"【譲渡】忍たまブロマイド（運動会）2L判
譲）乱きりしん、猪名寺乱太郎、潮江文次郎、立花仙蔵、七松小平太
求）定価（＋送料）
5/26前楽の前後、または都内手渡し可能です。検索からでもお気軽にどうぞ。
#rkrnグッズ交換譲渡 https://t.co/DugC2ulCRw",1
しん○き最終回で付けそうだなと https://t.co/DehstAKq8a,1
クランメンバー募集してます( ⸝⸝•ᴗ•⸝⸝ )੭♡ https://t.co/EymPbmCV9n,0
敵だの戦いと言っているあべ政権や、けつ舐めお友達現状把握どの位感染が広がっているのか知るには全国民検査をしなければ❗️貴方達に国を守る事は、出来ません。我が国を侵略する者がいても、的外れな対応侵略されてもやってる感だけ、こんな奴らに国は任せられません https://t.co/YDJaQQdT10,1
初の生EXIT楽しんでくる！ https://t.co/eJCGB9egrg,1
"新規キャストのご紹介😘

信（しん）172cm/86kg/30代

待望のバリタチ兄貴の登場です！
ゲイ受け抜群の男らしい顔立ちにがっちりした身体付きはたまりません❤️あなたも兄貴に心も身体も癒されてみませんか？

４／１（木）より開始！予約受付中！

https://t.co/0qCbUzB9F2

#ゲイ #マッサージ #売り専 https://t.co/2XbBCyKnZC",1
"『ピカピカ音楽会@ホーム』
魂のクラウドファンディング公開中！

本日、今後のことに関して某児童施設へ。
是非ともシェイカーを寄贈して楽しんでもらいたい！

音楽会へのご参加とご支援、情報の拡散よろしくお願い致します！！

https://t.co/LH2SaNzJaC",1
はいはいはいー https://t.co/ytrD10aHZf,0
しんえば、公開日決まったのか。もう次の週末枠じゃん。不意過ぎるでしょ…,1
"過去のひなあい　ヒット祈願。

深夜に見て一人で感動してました。

日向坂って良いグループだなぁ本当🥺 https://t.co/0ZWGWzsANi",0
あんさんぶるミッションやりたいけど微妙なラインで先輩側に入ってしまったので後輩の知り合いがおらぬ,0
"おはようみなさん。今日はめちゃくちゃ寒いみたいですが、楽しんでいきましょう。
#寒波　＃田舎暮らし  #ゴルフ https://t.co/6fdWvCiLOy",1
"おはよう☀

今日は息子たちの小学校の卒業式🌸
いろいろあっただろうけど、いろいろ制限あっただろうけど、楽しんで卒業していってほしいなぁ。
たくさん息子たちとも遊んでくれてありがとう💛",1
対抗戦の配信見始めて｢術式開示が〜｣って話してたら誰だってびっくりするだろ,0
かなしみ https://t.co/SzZYCPkbOg,1
来週4連休生成してしまったので無敵です,0
"すごーい
ちゃんと背の低く足のがっしり系の、坂道得意、重い物は運ぶの得意系の馬さんだ！
流鏑馬って競馬用の馬さん使われてること多いけど、これ凄いなあ
馬上の安定感が分かる
格好良い
お尻の筋肉素敵 https://t.co/wmGE7kG1xt",0
"みんなからの匿名質問を募集中！

こんな質問に答えてるよ
● SCANDALはいつからファン…
● ベスクリ行くんですね✨
楽しん…
#質問箱 #匿名質問募集中

https://t.co/0hUBvQAJ2G",1
そろそろ年末に向けて大掃除しなきゃね…毎年迷子のグッズ量に頭抱えるけれど,0
"腕時計の電池交換に行くと、
「龍頭の軸が腐食し、修理が必要」とのこと。

修理には25,000円程度かかるとのこと
検討したいと持ち帰るが・・・どうしようか悩み中
＃修理",0
ドラとしんちゃんと比べて版権的に誰も文句言わなそうとかもありそう(),1
"状況終了！(｀_´)ゞ
#ingress https://t.co/Uyh3nOEjub",0
"資産は長期のインデックス投資で増やすのだ。定期預金なんてしてたらお金が泣いてるのだ (  ˙꒳˙　)
https://t.co/O1X1ddfoI3",0
"SkyHealing
いいねされた数:35(前日比:+2)
フォローした数:-1(前日比:-6)
フォローされた数:2(前日比:-4)
https://t.co/b0XRfkCkXA",0
僕は色んな現場で会ったことがあるだけやけど、行くところには大体いつもいはって、いつも気さくに声をかけてくれはって。さびしいです。,1
"みんなからの匿名質問を募集中！

しんさんはまだ答えた質問がありません！
しんさんの記念すべき最初の回答はあなたの質問かも！？
#質問箱 #匿名質問募集中

https://t.co/sH8u4zqJw1",1
2021/3/13 19:26:25 5980円 トミーテック 技MIX 技AC120 空自 F-4EJ改 那覇 トミーテッ TOMYTEC https://t.co/unOvmfCLv7,0
音ゲーって100円で10分遊べると思うとまあまあコスパ良い気がするけどそう思ってるの私だけ説ある,0
九つの巨人が馬名に見えてくる呪い,0
実はライブ主催はワンマンが初めてで、複数人とのライブはバレンタインライブが初めてだからとっても特別なライブ......楽しんで貰えるように他に無いようなことも出来たらいいなあ( ；ᵕ； )頑張ります！,1
"ソードゴーレムで殆どﾀﾋん出るんだけど...
抜けてもボス1ゲージでﾀﾋぬし皆どうやって勝ってんの？？？ https://t.co/C1qNqJm9oX",0
"おはようございます🌈日本

今日の夢は
自分の居る空間が三階建に
なっている宇宙船に乗り
仕事や趣味をする夢でした☺
移動はエレベーターや
エスカレーターでしたが
エレベーターは浮いてるので
風で飛ばされました💦

埃っぽい毎日ですが😷
メイメイは元気一杯

愛あふれる一日をお過ごしください💖 https://t.co/pdyFgFHg39",0
"みんなからの匿名質問を募集中！

こんな質問に答えてるよ
● 今一番欲しいものは何？…
#質問箱 #匿名質問募集中

https://t.co/56TmrDRxhS",0
オンライン配信観させていただきました！素敵でした！明日も楽しんでやってください #しゃーらいぶ,1
桜ほとんど散っててかなしみ　でも今日は有意義な時間を過ごせて充実感とてもあったのでよし,1
"本日の動画！
【第一回ねずこ選手権】こちょこちょ我慢…誰が本当のねずこ！？
#実験道場 #jikkendojo #YouTube
https://t.co/dsaDwGVlkX",0
"週末のオンラインライブ＆パーティーいかがだったでしょうか‼︎ 楽しんでいただけたら嬉しいです👍ライブはますます進化🎶パーティーも最高🎉

リアルタイム見逃した方も大丈夫🙆‍♀️ライブは2週間、パーティーは3日間、1回のチケット購入で何度でもご覧いただけます🎫好きな時に楽しんでください☕️ https://t.co/9aJViQ6G6x",1
"錦山組長強ぇです
久々にダニ村、辻のダブルボス襲撃が決まった気がする☺️
辻氏の方の結果が楽しみだ🤣

対戦ありがとうございました🙏 https://t.co/xMSK2UpqrW",0
"２０年苦しんだ足し首の硬い原因がわかりました！

足首に火傷を負い、その後皮膚と筋肉が癒着していたのが原因とわかり、治療したらよくなり始めましたまた！",1
"おはよございますっ😃

有馬記念が終わってどっと疲れが出てきました😅
馬券は軸間違いでちょっと悔いが残る結果に…💧

今年の中央競馬も何やかんやで楽しくやれたし
後は明日のの東京大賞典
を楽しんで今年の競馬を締めたいです😄

今年もあと4日
2020最後の週
よろしくお願いします😙🍀",1
久しぶりにブルーインパルスがハートに矢を射抜いてる課目見た✈️💨 https://t.co/NZ3R4ZThqb,0
"連打しすぎて指とれたドン
野良の方との意志疎通むずい！
#apex #太鼓の達人 #PS4share

https://t.co/YRU2SUiIz2 https://t.co/XpMBkV7sRJ",0
"最初は絶対無理、一生芝居なんてやりたくない、ってところからまた美男ですねで苦しんでそこからたくさんたくさん経験積んで。やりたくなかった、苦手だったことを、時間をかけながら""好きなこと""に変えることができるって、そうそう出来ないと思うんだよね、、本当にすごい！",1
"イカ3やスマブラ追加キャラ勿論楽しみだし聖剣LoMリマスターやサガフロリマスターもやりたいが一番楽しみなのぼくなつみたいなクレヨンしんちゃんかもしれない
 #ニンダイ 
 #ニンテンドーダイレクト https://t.co/HRd9mgerAJ",1
オトパ参加するふぉろわさん。楽しんできてください。そしてＣＺ単独イベ決定の速報が流れたらリプください。その場で泣き崩れる準備はできてます😇😇😇,1
おはござ！✌️('ω' ✌️),0
"最後参加したかった…
参加される方々はコロナや天候に気を付けながらめいいっぱい楽しんできてください！ https://t.co/4eWvJfUeC6",1
だいゆーしょう！！！！！,1
誰かアリーナポイント上げ行きませんか？,0
エースの誕生日で鍵をもらったので10連したら、鏡を間違えた代わりにルーク先輩が来てくれました✨ありがとうございます？？ https://t.co/nVBvX6apu7,0
もっと頭良かったらなあっていう過去思考ではなくもっと頭良くなろうという未来思考保ちたいしん,1
"前みたいな異常食欲がなくなってる。
やっぱり飲んでた抗うつ薬のせいだったんだ。。。",1
…OCG系列のbotがあったら、ぜひお教えください。さびしいです。,1
休職中に丁寧に料理頑張れてよかった！それまで謎肉野菜炒めとカレーしか作れなかったけど、いろいろできるようになった！復職したら絶対に料理にこんな時間割けないから、今のうち楽しんでおく😂,1
"姫はじめは抽選の結果、ムチピチ女子大生(20)に決定です㊗️
今年も皆さまよろしくお願いいたします！
お酒もセックスも覚えたてな彼女は、驚くほどリクエストが多い💦
負けじと楽しんできます😝",1
トルコが変わった  親日国  歴史学んだ上で  紛争ってなんだろう？🐱,0
"今日は娘ちゃんの付き添い💙
その合間にＪ_Oカフェに付き合ってくれることになった😍
テイクアウトもギリギリで予約完了‼️
感染症対策につとめて１日楽しんできます🎵

#フリスタ2020 #大野智個展 #J_OCAFE #稲垣吾郎 https://t.co/RNHzvK6Lp6",1
ゆううつー,1
"あと3人誰かなぁ🤔
小僧丸は来るだろうと予想してあと2人は、、、
佐久間と染岡とか？あ、この2人無印の時の追加補充メンバーやん
#イナズマイレブン #オリオンの刻印 https://t.co/OuiJmZmLwe",0
藍良･巽 〆,0
私と一緒に「identityV」で遊ぼう！ https://t.co/FyUVMD5GrR,0
"大内義隆(おおうちよしたか)
トルレス
フロイス
森蘭丸(もりらんまる)
加藤清正(かとうきよまさ)
淀君(よどぎみ)
由井正雪(ゆいしょうせつ)
村田清風(むらたせいふう)
調所広郷(ずしょひろさと)
新門辰五郎(しんもんのたつごろう)
山本八重(やまもとやえ)
山本覚馬(やまもとかくま)",1
しんちゃん版のぼく夏？,1
七駆改二うおおおおおお https://t.co/2QozRLUQA3,0
"クレしんでぼくなつ出来る！？
買う。",1
けつぺきおとかあかん飯(？)とか,1
"【 まじんのオノ錬金・・会心率とは。 】

まじんのオノ 会心率トータル＋２％で
どれくらい差がでるか検証してみました☆

１回のみだれ斬りで、かいしんのいちげき が２発出た事がありました♪
これが会心率＋４％だと・・めっちゃロマンがありますね♪

 #ドラクエタクト https://t.co/eTgmHWsSxc",1
IPO？なにそれ美味しいの？って感じでかすりもしませんわ。おけつすらなし。コネクトも期待してたけど配分少ないのと人口増えたので厳しそう。はぁ…,1
"上司へのイライラ解決法を必死に探してみたこと
みんなあると思う

でも会社内で生きて行く中で
どうしてもその解決方法が見つからんかった😱

自分の考え方を変えようと努力した👆

でもできんかった

結局会社から飛び出した事で
うつ気味も嫌な人間関係もすべてサヨナラしたったわ。",1
"#Playfullearning学習

ロンブーの田村淳さんが、大学院を修了したそうですね。

私も48歳の時に大学院に入学しました。

以前、その経験をnoteに書きましたが、またシェアさせて頂きます👎

お読み頂けると嬉しいです😊

＞人は、何歳になっても学び続けることができる。

https://t.co/QA88Sy0oQU",0
１学期の前髪 - ユメイズム の歌詞 https://t.co/OJWwhbVwA7,0
"おはようございます！

昨日のソワソワはワクワクだったのかな？

今日、明日は「群馬お肉の祭典MINI」

楽しんで頑張りまーす(^-^)v

みなさま良い1日を♪",1
"中須かすみちゃん

虹ヶ咲放送してる分全部見たけど面白い🤗
ラブライブ1期ほどの爆発力はないものの平均して高得点出す優等生アニメって感じですかね〜
ぶっちゃけラブライブあんまり関係ないからラブライブはちょっと…っていう人でも楽しめると思いますっ！ https://t.co/YQ69NZKGpx",0
"みんなからの匿名質問を募集中！

こんな質問に答えてるよ
● おれおぼえてる？…
● みやぞん君の中での今年の流行語…
● なんかいたいと思ったらしょうご…
● 好きな人いる？…
#質問箱 #匿名質問募集中

https://t.co/bB2WKZqQUK",1
"コロコロピッ！流行らせたい隊隊長のゾロアークです
コロコロピッ！を皆さん使いましょう( ‘-^ )b
(普段しないようなツイートしてごめんなさいm(_ _)mまぁ流行らせたいのはホントですがね(。-∀-)ﾆﾔﾘ)",1
私は寝ますおやすみなさい…,0
"本日は久々のエオラジ御視聴ありがとうございました！
ラジオやるのも、チルさんと話すのもやっぱり楽しい。
皆さんにも一杯楽しんで頂けるようにこれからも更新がんばりまっする！

#FF14 #エオラジ https://t.co/0PGgD0XoGJ",1
じょんくんの生まれた季節がまた来るね https://t.co/4uw6J5S69H,0
"あのしかめっ面はね、
たぶん照れ隠しなんだと思うの✨（*´∀｀*)
だって晴一君と肩組んでるんだよ✨
そゆことあんまりしなさそうだからさぁ✨
#あくまでも個人的な意見です",0
楽しんでくるぞ〜❕❕♥️ #ひな誕祭,1
"あと2カプあるんじゃが、それは流石に後日かな～
仕上がったら投げときます",0
"私の寝不足のせいなんだけど
上司の「ん？ん？」って掛け声
いらつくまじで静かにして",0
前の仕事仲間とバーベキューと温泉きた♨️ https://t.co/HJYKVTG6UL,0
"熱いねー🥳
ざっくりだけどどのチームにも優勝のチャンスあり？？
大将戦楽しみや

 #じゃんたまV_IH",0
"中華チェーン・福しんが「餃子サブスク」開始ですと！　月額500円で餃子1皿が毎回無料なら、餃ビーを福しんで…ってなりそうです♪

#Jタウンネット https://t.co/NfMwcBL006",1
"みんなからの匿名質問を募集中！

こんな質問に答えてるよ
● 好きな人に告白されました♡♡…
● 別れてから悪口言うのってどー思…
● 急ですが年下の彼氏が年上の彼女…
● 彼氏の理想の身長とかある？…
#質問箱 #匿名質問募集中

https://t.co/DjLeOhZqLS",0
"ミニふすま5ヶ月、ミニしょうじ3ヶ月
あたしほぼ変わらないわ！
聡明な感じね！
僕はちっちゃくてかわいー❤️
クリーム色だったよ！

#ノルウェージャン ＃ラグドール #ねこ #猫のいる生活 #猫好きさんと繋がりたい https://t.co/uTCkl2Mopk",1
会話成立しないんだけどw https://t.co/MqKFP6kfLE,0
"【長いですがお読みいただけたら嬉しいです】

突然ですが私はうつ病、不安障害、身体醜形障害etc.という心の病を抱えていて、心療内科で診断も出てます。

それプラス病弱で内臓が死んでいます。
体調が悪く一日中ベッドから動けず過ごす日も多々あります。",1
"プリコネ無料10連☆
２日目と３日目

虹は出ずとも金多めでよかった☺️ https://t.co/yFOAj8BhSA",0
"皆さんこんばんは&amp;おはようございます今日も朝は寒いですが仕事です

それではお仕事の方推し事の方、お休みの人もめいっぱい楽しんでいきましょーピース✩°｡⋆⸜(*˙꒳˙*  )⸝

仕事前に推しの写真でも貼っておくか、はい可愛い( *¯ ꒳¯*)✨
#ルーチェTW https://t.co/XWzNEk1MP6",1
"みんなからの匿名質問を募集中！

こんな質問に答えてるよ
● s〇raさんってかっこいいと思…
● しのちんさん…
● しのしんのゆらいは？…
● 今度いつ改名しますか？…
#質問箱 #匿名質問募集中

https://t.co/OsmPVJj1B3",1
コロナ禍で食品ロスが心配される中、皆色々考えて動いている。僕も頑張らなくては！この先ずっと、ちゃんと美味しく食べれる世の中がいいよね。食べてる時って幸せ！,0
制限あっても無くても、結局は個々の管理の問題なんだろうね。,0
苦しんでる人に対してメンヘラなんつー言葉を安易に使っとる人に対して、優しさと思い遣りを感じられん。思考の軽さを感じる。嫌い。,1
"おはようございます。
何故、行き倒れてるのか…… https://t.co/uUJQ13AJg2",0
ハカセってあだ名だったの！？笑,0
今日は読書会のために本も準備してたのですが、いろいろ用事　（モンハンじゃないです）が入って行けなくてかなしみ……でもせっかく他のみなさまにお呼ばれしていただいたし、楽しんできます！,1
ははは。図に乗っていると日本は核保有する権利を行使するよ。https://t.co/R07PEgPovD https://t.co/RBLhRIcc6x,0
Baconのライブ、楽しんできてください行かれる方( ノД`)…かかると厄介なことになりそうやから自粛します。Baconで幸せになりたかった～🍀,1
"2020年　amiスタート❣️ ー アメブロを更新しました
 https://t.co/bAT7Hl6ob8",0
"4831C27D :参戦ID
参加者募集！
Lv200 ガレヲン
https://t.co/Xe0teaJLUP",0
今回はも無事に姫路に帰ってきました🚄,0
彼女のLINE冷たくてメンタルブレイクしちゃう,0
しんだLiSAライブ😭😭😭😭♥︎♥︎♥︎♥︎♥︎♥︎,1
リグマ@2どうですか,0
"1 🌸マ ネ の み 賞 金 ル ー ム🌸

🌷2月22日 💝21:30 🎀𝕢𝕦𝕚𝕟𝕥𝕖𝕥

🍧嵐の半島 💒1000円マネのみ

🐷参 加 条 件🐷
追記リプ記入

💖応 募 方 法💖
チーム名￤代表者ID@ありなし￤ランドマークのみ

🎟けつみ リトル 火山✖

#クインテット賞金ルーム #クインテット
#マネのみ #21時半 #21時30 https://t.co/S4hdi2RLD3",1
そう考えると、最新作が延期された事で長期間在庫切れだったトミーバハマやマッシモアルバ等が再生産された事はシリーズでも稀に見る出来事だったのではないでしょうか。,0
やっぱりかげきしょうじょは単行本1巻でガツンと衝撃受けたからこそ一気にハマったんだと思う。ギャップが本当に好きというか良い。。。めちゃくちゃ面白い。。。！,1
藤嶋「楽しんでくれたかな？？」,1
"世界のR.sato、2021開幕致しました！（遅っw

しんさんのご指導により、初バスキャッチ出来ました！！
ようやく私にも春が来ました😭

お互い、普段1人釣行ですが
2人になると釣りよりも会話に集中してしまいます🤔

ブログ→https://t.co/0yOsYUWXJx

#阿武隈川
#バス釣り
#川スモール
#初バス
#福島 https://t.co/qAOH8ndvx6",1
"馬るこ秘密倶楽部 

出演 鈴々舎馬るこ
ゲスト 三遊亭はらしょう
日時  ４月５日(月)
18時15分開場
18時30分開演 

会場 スタジオ サルバベルカント
https://t.co/aeoql72GXb

入場料：3,000円
限定15名
ご予約はメール、DMにて
お名前、枚数をお知らせ下さい
harusakuraharu2020@gmail.com
（事務局）",1
廉くん、しょうって打っても予測変換に漢字出てこないから、むらさきって打ってからようって打ってるの愛おしいな☺️,1
めちゃいい試合だったのに録画し忘れたぇーーーん,0
"-
Nick Jonas の Spaceman の
MV が出てたのでまた推しときます

ホント心地良いのでぜひ聴いてみてー

Nick Jonas - Spaceman (Official Video)
https://t.co/r4Re2UkFYL @YouTubeより
#NickJonas #SpacemanVideo #Spaceman",0
"【告知】
2021/3/20 (土)
ふらんちゃんバースデー！！ Ver.28
#ふらん誕
大親友のバースデーイベントが今週末あります！！
まっけーは今回お手伝いとしてスタッフみたいなことしてます！
ふらんちゃんが一日楽しんでもらえたら嬉しいね😊
みんなお祝いにきてくれよな！！
https://t.co/alWHIyNe7k https://t.co/YqcbiOIQ9g",1
"今日はおしりの日配信ありがとでした🍑✨
午前ラジオ🐔からの夕方まったり配信🧶からの通常お人形配信🧸楽しんでいただけたようで安心しました😊🍓夜の配信ではまさかのガーガーの独唱🐥🐣
楽しいこといっぱいの配信でみんなで盛り上がれて嬉しかったです🥺🌸
これからもよろしくです🎶 https://t.co/UQNsaexlgl",1
何もしてないのにインターネットがこわれた。,1
"全力で楽しんでくれたり喜んでくれたり…一緒に共有してくれる彼氏素敵だなぁすき♡
#ボス恋",1
"休日いかがお過ごしですか？🧐
当店ではご来店いただいた方に一枚刺繍のサンプルをプレゼントしています🎁🎀
緊急事態宣言の延長も発表され、まだ厳しい日は続きますが、マスクにも刺繍をしてますので、オリジナルのマスクで気持ちを明るくしましょう❣️❣️
浅草店、鎌倉店でぜひお待ちしております🌷💗 https://t.co/XTymogrC8x",0
"私中国🇨🇳の大学を日本の高校から受験して合格する💮という。

まあまあ凄いことを成し遂げたつもりだったんですが、学校の合格速報に一切乗らなかったんですよね。

これが地方高校の良くも悪いことで。
その高校で「凄い」の基準が決まってるケースが多いです。

例えば国立&gt;私立！とか。。",0
"電脳女将・千鶴さんのちょっとした裏話(？)もありの #ちかしん 第30回無料版はもうすぐ公開終了でございます！💦
是非お聴きいただき、よろしければ特典ありの会員登録していただければと思います☺️

【無料版】第30回「加隈亜衣と種﨑敦美のちかっぱしんけん！」 https://t.co/8CiYEekWZn",1
"食べた感想としては
1 見た目よりかなり肉盛ってある。
2 濃いめの味付けともやしがベストマッチ
3 700グラムご飯食べてもまだある
4 価格帯的には個人じゃないなら頼まないで焼肉行ったほうがいい
5 ボッチにはやさしい。店員さんとご飯食べに来たって感じる←重要",0
"#クロちゃん 
今からシンセサイザーでピアノの練習するなっしんよ！！ https://t.co/iNAPmkl53y",1
"無料ガチャで新車きたー！
最高！
#荒野行動 https://t.co/ndDyWaGsE6",0
"スクフェスしんちゃんとコラボしてる笑笑笑
でもこれはこれで可愛いな…(๑¯ㅁ¯๑)♡ https://t.co/wk4SKgRseH",1
信頼している幼馴染1人にだけはうつ病のこと言えた。まだ動けるうちに、一旦休職してほしいっていわれた。わかる、わたしも休みたい、怖い、だけど、お金のことや生活のこと、今後のことを考えると休む勇気がない,1
"うつへのオススメは
シングル：JOY TRAIN　
アルバム：Rippin' GHOSTです。
今日1日踊って参りましょう！
#shindanmaker
https://t.co/RXjm09K2Ya",1
おはようございます https://t.co/uE0FRkZZSt,0
しんだ https://t.co/9Iey3oieJO,1
"今日のお昼は恵比寿チャモロで、厚切り牛タンオムライス！
#お昼ごはん #オムライス #恵比寿チャモロ #恵比寿グルメ #恵比寿ランチミックス https://t.co/ZiejuTk3Tx",0
"EEE FINAL 無事開演しております。
最後まで皆さん楽しんでいってください。",1
"オリコン1位おめでとう🎉　

#KingandPrince 
#I_promise",0
"ご近所のドッグトレーナー宅で黒柴の子犬を見せてもらった😍もこふわ💓ここのお客さんで雄の黒柴の飼い主さんが交配犬を探してると聞き、花ちゃん立候補🐕🙋‍♀️次の次のヒートの時に上手くいくといいなぁ💕
https://t.co/J7GDrOviI5 https://t.co/UvF1PDqFaQ",0
"しんたろコメントと少なっ
なんかもめたの？",1
おはようございます😃,0
"Twitterでも仕事でも何でも
自分が楽しんでやってる時は勝手に上手くいくし
無理やり奮い立たせてるときは大体中途半端🙃

14時過ぎても今日は脳みそが覚醒しない。
なんてこった",1
"雷ちゃんとアルマちゃんがお話ししてるのです。
…楽しそうなのでお邪魔しないように避けて行くのです。",0
"【お絵かきしりとりver.2②】

何を描いてるのか
考えながら楽しんでね(・∀・)/
①の続きだよー！

コメントに答えは書かないでね。
ヒントはウェルカム٩(ˊᗜˋ*)و

#お絵かきしりとり
#ピーくんのお絵かきしりとり
↑
初めての人はココから検索して https://t.co/KduOjh5RXl",1
明日のヒプのコラボカフェ雨らしいから痛バおいてこーかな😭😭せっかくつくったけど😭😭,0
今日のあんていかの髪型、好きしか詰まってねぇな？,1
"誰かフォートナイトしませんか？
エンジョイでもなんでもいいです
#フォートナイト募集",0
"ヒュオォォォ
ヒュオォォォ

雨戸越しに、風が鳴っています。
木枯らしのこどもらの声でしょうか。

ヒュオォォォ

ああ。モミジの先端も色づいていました。昼間に見たのです。

ヒュオォォォ

季節が少しづつ変わる音。
やがて木枯らしに続き冬将軍も。

こんな風の吹く「しん」とした夜が好きです。",1
私の美味いほーっすは #タレでがっつり美味いほーっす 食事に合うのは、仲間と飲むなら、#美味いほーっす #ホワイトホース ！@Kirin_Brewery https://t.co/FcKR4S7zmP,0
ぐふふ可愛いでしょうそうでしょう〜スマホに1枚くらいなら貼っても良い出来　自画自賛しちゃう,1
"ロコモコ〜よかった！🦊

#色違いロコン 
#色違い https://t.co/Qd4HmjwyDS",0
"パッションのみなさまは元気ですな！珠美はクールですので！
#珠美伝説",0
しんふぉぎあ味 https://t.co/EqIXyg4lFv,1
おはようございます。,0
可愛すぎんか？ https://t.co/urXAOA2dJn,0
"うつ病や不安障害・パニック障害等の症状を治す為に私が何故、マインドフルネスを始めたのか、に付いてYouTubeに動画を掲載しています。 
内容－マインドフルネスを知ったきっかけ / マインドフルネスのパワー / ボランティア活動の模索 / マインドフルメイトの設立、等々↓

https://t.co/lF1Caz9uOn",1
"仮免許取りました
某みたいに落ちまくるかと思ってた…笑",0
"7AA2A779 :参戦ID
参加者募集！
Lv100 四象瑞神
https://t.co/QUDoe80zf2",0
"ワンダショちゃんねる私の分までまんな楽しんでくださいにゃ…
塾行ってきますにゃ……😭😭😭😭",1
"なかなか落ち着いた時間がとれず、久しぶりになってしまいました🦖💦何度も窒息により絶滅しております🐟💧笑 #4【女性実況】46億年物語に挑戦【初見プレイ】 https://t.co/8rVMiFhEfc @YouTubeより
#レトロゲーム #スーパーファミコン #初心者 #RPG",0
"朝散歩🐾
ぱる地方　今朝は氷点下ということで
今年一番の寒さでした😅💦💦

少し遅めのお散歩🐶🐾🐾
葉っぱ🍁🍀が凍ってたね😅

元気にお散歩楽しんできました😁✨ https://t.co/7uWku9xTHm",1
"待って、夜弥視点を分けようと思ってUtlにぶち込んだらなんか解像度がくっそ低くなったんだけどなんでwww

展開もしたし、ファイル確認しても1920×1080だから謎で謎で仕方がない。

なので再録画してます。なんでなんやぁあああああ",0
ちかり…た,0
名古屋JKスカート短かない？けつ噛みちぎったろかおもたわ,1
そういや、昨日初めて知り合った方。転勤で大阪に来ているから、阪神ファンを装って生きて行こうと思っていたらしい。本当は日ハムファン（笑）,0
"菅総理？政治家の皆さん？困ってるのは飲食店だけじゃない。一般庶民一緒です。給料も減りました。うつ病になり自殺する人もいます。ローンの返済もできなく追い込まれている人達もいます。
もう一度国民に気持ちで構いません。給付金を与えてあげてください。お願いします。
＃緊急事態宣言",1
"おはようございます！
今日も頑張らずに💪しょう❗️
6号機の光✨ https://t.co/SxGZ3v9QXo",1
"【速報】
新メンバーきました💕💕💕

全員フォロバ100 💕💕💕

みんなフォローしよう💕💕💕 https://t.co/YRLp5WSlkB",0
"後輩のクォーターの窓のところにスピーカーを埋め込み完成😁
大変やったけど結構できることの幅が広がった気がする！
この車はほぼうちでやってるなぁ😍
あとはアウターバッフルとドア全部貼り替えで内装終わりやな😁 https://t.co/Ur4YiLQvZh",0
"あっとほぉ～むカフェ！
本店5階に御帰宅(^o^)v
らきちゃん！に、
クレヨンしんちゃん！
描いて貰った(#^.^#)
#らき
#クレヨンしんちゃん 
(何も見ないで描いて貰いました！) https://t.co/YAQM2N2NNn",1
"みんなからの匿名質問を募集中！

こんな質問に答えてるよ
● ゆううつさんのはいしんわ、おと…
● 鶴の恩返しって、ゆううつさんが…
● ゆううつさんのはいしんは、

…
● たまに左手が「千鳥！！」って話…
#質問箱 #匿名質問募集中

https://t.co/yBCgglTT7N",1
"推しチャレンジ２０日目
【最後に、推しに一言】
しょうちゃん、お誕生日おめでとう！
生まれて来てくれた事、今までの選択で今の関係性があって
きっと奇跡なんだなって実感してる　これからもよろしくね

#しょうちゃんしか勝たん
#２０日間推しチャレンジ
#本日２チャレ目
#最後まで寝落ち https://t.co/wNZhlpSXdD",1
都市伝説の関暁夫ってお笑い芸人やってたのに笑うところないな。,0
"国民健康保険決定通知が届いた。高い‼️前年より上がってる。
算定根拠が書いてあるが、ちっとも分からない。こんなに高い保険料を毎月徴収されても(有り難いことに？)夫婦とも殆ど病院には行かない。毎月払わされている保険料が来日外国人のコロナ入院治療に当然のように遣われているのか‼️腹が立つ‼️",0
"天気がいい朝は玄関に集まってくる
#猫 #猫好きさんと繋がりたい https://t.co/Ipyb6Q2Ovd",0
なんだぁ?これ!? https://t.co/Yo49TJvHw7,0
写真ではわかりにくいけど、世の中が霞んでる😳黄砂？琵琶湖の対岸がよく見えない。 https://t.co/SljOT6SHDM,0
５年使ってきたヘッドホンがこわれた,1
2ndライブ、楽しんできます。,1
春や〜 https://t.co/916u5j2Ynv,0
かわいいいいいいしんだ,1
"新宿/午後
SONYα7 + P.Angenieux Paris Type Y2 135mm f3.5 https://t.co/gIm1xzQBZl",0
"実家では（見てないときには）テーブルに乗らないんですが
うちではいくら降ろしても降ろしても…
もう諦めました😑
何が違うんですかね🤔 https://t.co/M3BSDb8gJF",0
"みんなからの匿名質問を募集中！

こんな質問に答えてるよ
● 今一番欲しいものは何？…
#質問箱 #匿名質問募集中

https://t.co/Yn1zBvcdCR",0
"クリスマスですけど、相変わらず
自分はfgo周回してます笑",0
どらほー！,0
"みんなからの匿名質問を募集中！

こんな質問に答えてるよ
● 好きな武器はなんですか？…
● 進撃のM4買いましょう…
● すれ違った時にどんな香りの女の…
#質問箱 #匿名質問募集中

https://t.co/tyDxfDZ2hI",1
"みんなからの匿名質問を募集中！

こんな質問に答えてるよ
● 一緒にポケカしましょ！…
● 元気ですか？…
● 無人島に一つ持っていくとしたら…
● 元気ぃ！？…
#質問箱 #匿名質問募集中

https://t.co/LW0TRaOzz6",0
楽しんで🥰🥰,1
"本日長良川おんぱくに来ていただいた方、ありがとうございました。

１週間前は雨予報だったのが、見事に晴れて楽しんでいただけました。 https://t.co/CvTlKZC2DM",1
千賀さんのソロで踊るしょうたくんとても、、あの、、すっき,1
"なかなか会えなかった友人とご飯😊✨
久々にお酒飲んだなぁ～(*´艸`*) https://t.co/7KbcVcZVL0",0
みーちゃんとおたわむれ https://t.co/N0dUAHEtbR,0
こんっなやる事多いのにねむいことある？？？？,0
"夏期講習しんでくれ〜〜〜〜
生徒も、朝から晩まで何コマも私と英語は可愛そうだよ〜〜〜〜",1
伝えられるところに依ります。 https://t.co/bwTzwrJwxw,0
明日モニター見に行くけど144hzと240hzどっちがいいかな,0
"リリイベ&amp;最終日…
仁くんの国に入国してきまーす♫リリイベ私的、最高の席です😭「本人いたらな最高だったのに」の気持ちはありますが😅
これはこれで楽しんできまーす♫(๑˃̵ᴗ˂̵)",1
へぇのしん,1
"新紙幣発行で炙り出すんでしょうねぇ〜

『タンス預金』初の１００兆円突破、前年比５・２％増…高齢者中心に現金保管（読売新聞オンライン） - Yahoo!ニュース https://t.co/Gix4zfpYaL",1
"久方ぶりの友人との時間。
短い時間だったけど、今日も癒しの時間をもらいました✨
お互い場所は違えども、何かと戦ってる事は一緒。
それぞれの所で勝っていこう！
頂いたおみやげ。(出して良いかわかんないからちょっとだけ！😅💦)
些細な事を記憶してくれててめっちゃ嬉しい😭💕💕 https://t.co/OnSSXOrCKh",0
こちらが昨年のアイス建築です！ https://t.co/vxlfEumQAH,0
"お疲れ様です‼

祝日でも仕事💦
終わりました‼
日本中の新成人の皆さんの、前途を祝して、乾杯🍻
まだ19歳の方は、お控えくださいね🎵

今しか出来ないことを、全力で楽しんでください✨

#おつかれ戦隊0111 
#頑張るパパママ応援隊0111 
#応援力向上委員会 
#鴨Tuberと繋がりたい",1
"オフ会の値段が話題になっておりますが、じゃんらぼ麻雀大会は

男性3000円

女性無料です！！

大事な事もう一回言います。

女性無料です！！

皆さま宜しくお願いします。

https://t.co/Mu5v9OZcqC",0
こんな冷蔵庫入らん https://t.co/IvZcdpHnes,0
上げ直しすみません....💦💦,0
銀さんがきて万事屋にしてくれたら良かったのに(´ . .̫ . `) https://t.co/PLGRa1MSs1,0
今度は虎杖アクスタがダブってる方と求める方のツイが入り混じる…モヤモヤする(＞＜)FF様だから余計に…,0
"びーちゃんとげんしんする！！
＃かわボフオーライフ https://t.co/AXdv4f7YL7",1
"おはよ〜〜
入社式行ってくる〜〜
頑張るぞ！しんしゃか！",1
こんにちは！本日は、人気のカウンター席でご案内が可能でございます！！皆様のご来店をお待ちしております♪ #円居 #鉄板焼き #黒毛和牛 #熟成肉 #A5 #神楽坂 https://t.co/yigyiCPT2N,0
"CL名古屋、うちの家族は出れないけど
ふぃ〜るどで遊んでるお友達が
ジュニア、シニア、マスターに参加します。
事故らずに、実力が充分に出し切れますように。
磐田某所のポケカ神社（聖地？）に
お願いして来ました？
頑張って楽しんできて下さい。

↓どこでもポケカする勢のイメージ画像です。 https://t.co/uRaqB9gSdU",1
"＃推しの名前を呟いて5RTされたらその愛は本物 
ミル https://t.co/IgTHx7bGQE",0
"モンゴル選手達も最後まで戦っていた！
それは日本が最後まで手を抜かなかったことが大きい！！
3大会後くらいのアジア予選で強くなったモンゴルと一緒にW杯に出たい😆",0
#賀来賢人と親指ゲームだぜっ !👍私は #賀来賢人 が「バリチッチ」で #親指を上げる と予想！ 予想が当たれば、その場でリニューアルしたジムビームハイボール缶がもらえる! @suntory #ジムビーム #缶でジムビーム,0
#チョコをささげるなら #りゅうおう派 #りゅうおうにチョコをささげる @DQWalk #DQウォークバレンタイン りゅうおうからのありがたいお言葉を待つがよい。,0
"【きけばプチリニューアル②】

まいにちプレゼントしてる #金太まけるなステッカー きょうから しんしょくだよ！おたよりおくってね(*´∀｀*)

#つボイノリオ #金太の大冒険 
#ステッカー #radiko #CBCラジオ #聞けば聞くほど https://t.co/6OuT4MdMSl",1
学問の自由を侵害なんてしてませんよね？ https://t.co/j7QCTfjUzK,0
BLEACHは凄い作品だった、絵も神ってた！,0
母上、さびしい…,1
"雑葉学美先生めちゃ好きだったのに芦田イリア出てからイリア先生の方が待ち遠しい…
喋り方がつぼ",0
"みんなからの匿名質問を募集中！

こんな質問に答えてるよ
● \コンニチワ/…
● 今一番欲しいものは何？…
● 買い続けている！マンガの！
…
#質問箱 #匿名質問募集中

https://t.co/x7KaBLJO3k",0
しんさん(@m_gzrt05)1位おめでとう🥇 https://t.co/cFmKfEbOfp,1
すとぷり最近すごいな,0
"夢キャス当選者発表です!

アイズᘛ⁐̤ᕐᐷクロ様 @eyesme66
雨宮仁

おがみ様 @ogami_yumeiro
藤村伊織

無理するな、waka♪イラスト道、精進中につきソシャゲお休み中様 @WakakoIchi
藤村伊織

当選者様には20日までにDMにて手続き方法をお送りします。",0
"風船が飛びましたw
24歳×2回目の誕生日ですw
今夜は14ヶ月ぶりのライブ！しかもLOVEBITES！！楽しんできます！
こんな待ち遠しい誕生日、久々だわ。メッセージくれた社員のみなさま、ありがとうございます！",1
"みんなからの匿名質問を募集中！

こんな質問に答えてるよ
● 彼氏さんが地元に戻ったら同棲す…
● 彼氏さんの巨根を初めて見た時の…
● しょうま君とは掘り合いするの？…
● 初めて精通した歳とその時のこと…
#質問箱 #匿名質問募集中

https://t.co/lGGINGBuMq",1
"春が来ています。おはよう。

#美しいもの 
#春 https://t.co/0ClmqcOuiT",0
"シンウルトラマンの公開前におさらい

【ULTRAMAN】#LAST​ ウルトラマン夕陽に死す 用心棒怪獣ブラックキング暗殺宇宙人ナックル 帰ってきたウルトラマン（ウルトラマンジャック）
100%全話収録 

https://t.co/QgeA9gAGP3

#ウルトラマン好きと繋がりたい
#特撮好きと繋がりたい
#怪獣大戦争",0
れいきらのはいしん行ったら部隊全滅画面で1分で終わった(笑),1
"今日は日付変わる前に仕事終わったよー＼(´・∀・｀)／んバッ
てことで配信します(^^♪
色々やること終わってからやけどね（笑）
本日も過疎ってます（笑）",0
店をあけてるパチ屋も来客も恥ずかしいと思わないのかな、？　医療関係者なんて死と紙一重なのに…症状出てもpcrも受けないで欲しいね、風邪と一緒って認識本当にやめた方がいいよ、、,0
"みんなからの匿名質問を募集中！

こんな質問に答えてるよ
● パワハラが原因でうつ病になり、…
#質問箱 #匿名質問募集中

https://t.co/vmHkDcAXFc",1
😭😭ガチャ290回のネモくん https://t.co/Ze616aQEsy,0
クレヨンしんちゃんって最高よなwww #BuzzVideo https://t.co/6nKp5fRk06,1
"RT
ちなみ知人が働いている会社の話ですが、大阪支社に新卒配属されて大阪支社配属を不服に思っていたその方は「大阪支社を踏み台にして、今後成長していきます」とのっけで支社挨拶スピーチをやってしまい、支社の方から総スカンをくらいまして、挙句メンタル休職にまで追い込まれましたね。",0
"3/24①【RT希望】1RT=60p
 
キャラ弁すごいね！のお声をありがとうございます😆🍙✨

ということで、今回は( 'ω'o[クレしん]oを😋🍙💕

お気に入りの一つてすてす🐷🍓💕

#nachinachi枠 #MissBouquet 
#ミクチャ #筋トレ女子 #workout #RT希望 #キャラ弁 #クレしん #クレしんキャラ弁 https://t.co/9Duc6ekghi",1
"クレしんのヒロシ
鋼錬のヒューズ
青エクの獅郎

藤原さんは常に父のイメージ(アニメ内)…

もう新作を聞けないのですね…ご冥福をお祈りします https://t.co/LbWlHDQPT6",1
"甲子園で会いましょう！

いとはらくんのインスタ更新に興奮と感動を覚えて描いたやつ https://t.co/MESq7vETq4",1
"◆雲の上の町 ゆすはら◆
「ゆすはら未来大使」の役得👍高知の檮原から届きました。いつもありがとうございます。
https://t.co/9o8JDaSLcM https://t.co/tKjn6TxNZ6",0
"お蕎麦もおいしそうですねぇ🐶✨
#wanko #ポメラニアン
#食いしん坊ちゃん
#麺類LOVE https://t.co/DeXKMo2RTJ",1
また暖房を出した,0
抱き合わせの星4ばかり気にしていたが、そもそも天井調整してるわけではないので甘雨自体すぐにお迎えできるかどうかも怪しいの忘れてた,0
"楽しんで勝てるなら楽しめよぉ。

敢えて意地悪に言います😆",1
"青森市新城
KOKO studio
空手道教室
昨日は火曜日5回目でしたのでお休みをいただきました^ ^
超初級も初級も定員ギリギリで楽しんで稽古しています^ ^
押忍
#青森　#空手　#習い事　#空手道教室　#心と身体を鍛える　#キッズ空手　#全身運動　#運動習慣　#お問い合わせはDMで　#体験レッスン受付中 https://t.co/nx51E4yHh2",1
"おはようございます✨😊

眠れないから、朝活です(笑)

近況報告としては、今まで通りの お薬に加え
サインバルタ60mgを維持出来ていて就寝時はフルニトラゼパム2錠とオランザピンOD錠2.5mgで
うつ状態をも コントロール中です。

本日も よろしくお願いいたします
(❁ᴗ͈ˬᴗ͈)ﾍﾟｺﾘ♡
#線維筋痛症",1
福しんは西武線のイメージ https://t.co/da47GA5RMT,1
"ドラえもんクレヨンしんちゃんちびまる子ちゃんサザエさん名探偵コナンに出てる声優さんのこと紹介するときはそのキャラの人だよーって紹介する
９割分かるはずだから",1
本日O様が無事ジュエリーバッグ認定講師講座終了されました❣️お疲れ様でした🥰完成した時の達成感たまらないですよねぇ〜😃👍これからもいっぱいキラキラを作って楽しんでください💎あまりにもレッスンが楽しかったので終わってしまいなんだか寂しいですがですが…講師活動頑張ってくださいねぇ〜😊 https://t.co/9mhEqUwxXb,1
TAKAHIROじゃらんのチュートレ「光の塊」みたいな歌だなぁ,0
役人一年目の時、うつ病等に備える就業不能保険への加入も考えた我が身としては、妻に経済面を完全に頼られるのはプレッシャー半端ない笑 https://t.co/eQGhhfy80i,1
今日はもう1枚描くよー！,0
スイばあちゃんの声がスイちゃんではないとこがすごい。本人も楽しんでやってるんだろうな😇,1
あ、あと、今日入ったスーパーで何故かマイルスのBitches Brewが延々かかっててシュールでした。たぶんなんか嫌なことがあったんやろ。知らんけど。,0
"旅行いくならJIFUで検索
https://t.co/ueVJgt1vf0

どこよりも安く提供します！
JIFUは違います！

我々は空室・空席価格の情報をキャッチし、原価のままあなたに提供します。

ここからアクセスください。
Googleでアクセスして下さい。

JIFU旅行ポータルサイト
https://t.co/ueVJgt1vf0",0
気づかなかった私をころしてぇ。桜月ちゃんほんとすこすこのすこ。 https://t.co/EmFgkly0Ea,1
"齢80になられても他山の石が理解できないのか、それとも加齢による衰えなのか、はたまた自分が何党の幹事長かわからなくなったのか？ ー 二階氏発言に波紋 河井克行被告事件「他山の石」(フジテレビ系（FNN）)
#Yahooニュース
https://t.co/deeNinYyxo",0
ゆらゆら しょうたくん https://t.co/YDz9poFizG,1
たけうちあかりさんがかわいすぎました………おはなしできた……ひぇきんちょうした………,1
ダイパはポケモンと結婚した人間の話の印象が深いのでレジェンズで再現よろしくお願いします,0
"みんなからの匿名質問を募集中！

たつのしん@RED IMPACTさんはまだ答えた質問がありません！
たつのしん@RED IMPACTさんの記念すべき最初の回答はあなたの質問かも！？
#質問箱 #匿名質問募集中

https://t.co/ibJ5hlDAVz",1
春日部に行ってきました春日部といえばしんちゃん https://t.co/pcPxHB5NPf,1
この座り方かわいい…カメラの電池忘れたからこれしか撮れないのかなしみが深い🥺 https://t.co/D4LYuEvzTK,1
"クソ〜😭でなかった😭💦
栗山さん。。。
 #プロスピA https://t.co/orEMwWsS4r",0
"#虹ヶ咲KSF_DAY1 #lovelive
「顔がいい」",0
20.かいしんのいちげき /  突然ですが、歌います！ https://t.co/bj67Liu0lt,1
"忙しい😵
海に行って匂いを嗅ぎたい😆",0
"難易度★★★★☆
  ？に入る数字はなんでしょう

隠れん坊問題。 解いて。 https://t.co/SB2cBgYEHE",1
清澄白河の「KOFFEE MAMEYA kKakeru」へ行ってきました。このカフェ、ユニークなところがあって、「コーヒーのコース」が飲めるんです。今回は高級コーヒー豆として名高い「ゲイシャ」の飲み比べをいただきました。めちゃくちゃお洒落なカウンターでゆっくりとコーヒーに舌鼓をうつ経験は唯一無二...。 https://t.co/kemeBQRjsO,1
"がんばったんだけどなあ。
皆に楽しんで欲しくて、言われるままに飲んだし、出来る限りのことを尽くしたんだけど、あれじゃあダル絡みだから、ダメだって。",1
まってくるしいしんでしまうサラストまじで世界一カッコいい,1
"しんちゃんと尻相撲🍑💕
.
#Mステ
#ウルトラスーパーライブ https://t.co/sokMrRLCjU",1
今からニジガク1st楽しんできます♪ https://t.co/VtCvzRLiZv,1
"I'm at 麺屋 しん蔵 in 二本松市, 福島県 https://t.co/gBwmraOGqA https://t.co/goxEgkDRPc",1
"ROCK'N HIGH ROLLERS vol.1
tHANKs!!!

ウルトラ久しぶりの
ボノハチンクス楽しんでいただけましたでしょうか！！

さて来週は
BAD LATE SHOW!!
配信ありの予定ですが
30人限定ライブ！！

チケット残りわずかのようです！
是非ご予約を！ https://t.co/W7d15Sm3vk",1
なつかしいwww https://t.co/jot9JYW5Mf,0
朝、昼ラン廃止して夜ラン4時間が良い。これなら誰でもランクマ潜れるやろ,0
"まだシフ姐さん育成倍率なかったんだが
時間勘違いしてました",0
"みんなからの匿名質問を募集中！

こんな質問に答えてるよ
● つきあいましょう…
● 寝てるか？…
● dungeon questしょ…
● おやす…
#質問箱 #匿名質問募集中

https://t.co/GErwRuxXTY",0
"ミルキィ＊泡で出てくるボディソープをお試ししました🎵
初めて泡で出てくるボディソープを使用しました。子供が楽しんで体を洗うようになりました。
#ミルキィ
#泡
#ボディソープ https://t.co/ROL43QiCFC",1
ずっと遊戯王ジャンルにいる訳では無いけど、こうやって今でも続いてくれてたまに戻っては心揺さぶられてびしゃびしゃになってるので、ヲタクの帰る心のホームのひとつなんだなぁってその度に実感する……,0
"「🐉きのしん🍟と愉快な仲間達」のライブをはじめました！おススメ枠イベ参加しました🤓❤️
#LINEライバー #チャレンジゲージ設定中
https://t.co/RY4eWYwkSJ",1
"有岡さんおめでとうございます👼🏻💖

いや~今年で最後の20代ですね

楽しんで下さい✊🏻✊🏻

有岡担の方もおめでとうございます!!",1
車いすカーリング　チーム北見が３連覇　北海道新聞社杯道選手権：北海道新聞 どうしん電子版 https://t.co/3yvmcSBY7s,1
初めて飲んだ(^○^) https://t.co/8RI7TLPkqW,0
色鉛筆で着色していた頃の絵ですが、あまりにも大変なのでもうやらないと思います😓 https://t.co/KYshY2P1PN,0
番組内で携わってるコンテンツがあるので、楽しんでください！,1
【聞くに値する】 https://t.co/IyBiV2CDmH,0
僕（ぼく）は運命（うんめい）を信（しん）じないのです。ただ実力（じつりょく）を磨（みが）くことだけを信用（しんよう）しているのですよ。 #ファインダー越しの私の世界#日本#日本 🙉 https://t.co/alIuox7X5J,1
そう、しゃっくりを自分の意志で止められるって証明しようがないのよね。信じてくれたの１人もおらんし、よく考えたら信じてくれようがくれまいが、しゃっくりは止まる,0
"3つの部、曲作りに興味のある
計22組の親子に申込いただき、
満席となりました🙇‍♀️💚

あとは明後日に向けて
楽しんでいただけるよう
準備をします✊

今後もいろんな企画を一気に進めていきます！
お楽しみに😊✨

#音育
#親子
#作曲 https://t.co/NpTDGLeB26",1
いいことあるかな〜🎶 https://t.co/qdFfxaEXed,0
"ただいまー😄
家の周りぐるぐるラン🏃‍♀️
5.55km

今日は2月22日猫の日🐱
ももちゃん🐱とシューズ円陣😁

ジム活✨
ZUMBAで楽しんできまーす🎵😆

今週も頑張っていきましょー！😊 https://t.co/rWy0oGUWLy",1
"こんにちは。
欲しいものを次々に買っても、なぜか心が満たされない。こんな感覚に襲われたことはありませんか？お金や物で得る幸福が長く続かない最大の理由を知り、理解して、本当の幸せに向かいましょう。
https://t.co/hIcaNyOz9m
#快楽 #欲 #幸せ",1
"安くて美味しいのは有り難い\ ♪♪ /
ちょっと楽しんでみた🌝 https://t.co/DFV5FI56Y2",1
寝ようかなぁって思ってる時に降りてくるうんこをどうにかしてほしい,0
"おチンポすからレンズこうた時のキャッシュバック届いた。
これでおにころし買えるわい。 https://t.co/80trbHDqyt",1
"何でも自粛だからお花見くらいしたい🌸
saku-chan~おうちでお花見~ | hanane https://t.co/Phs5jABKGG #BASEec via @hananesns",0
"あれ？？
マーティの声
三ツ矢雄二じゃない？？？",0
万が一のことを思って見送ったのだけどやっぱり行きたいという後悔のが強い……現地行かれるPちゃん達楽しんできてください〜！！🌸,1
3年前、牡蠣食べてノロに罹患して2週間苦しんでもう死ぬまで牡蠣は食うまいと固く心に誓ったのに、いま無性に牡蠣が食べたい。あんなに苦しんだのに…食べたい。がっつり火を通した牡蠣フライならいけるんじゃね…？,1
飲み過ぎた、顔も知らない親に言いたい、へんな義理で子供生むな、その子は死ぬまで365日不安定でトラウマで苦しんで死ぬんだよ、お前らにわからないだろう、大人の勝手が人生苦しみ毎日、依存、今はアルコール依存,1
"トラックは幅寄せもしてないし
むしろ避けてる乗った事ない
チャリカスには何にも分からないだろうな笑",0
"@RFannel_Gaming 
ヴァイス「いや〜まさか次の対戦相手が君だとは、おいら思ってもなかったよ、お互い恨みっこなしの真剣勝負、楽しんでいこうよ！」",1
みんなエヴァエヴァ言うけど、クレしんも観たい〜〜〜天カス学園❗️,1
my new gear....出来てかなりご機嫌,0
"THE女の子な子って可愛い。
一人称名前の子可愛い。
推し大好きな子可愛い。",0
"みんなからの匿名質問を募集中！

yuuri with playing game accountさんはまだ答えた質問がありません！
yuuri with playing game accountさんの記念すべき最初の回答はあなたの質問かも！？
#質問箱 #匿名質問募集中

https://t.co/NfRBYHhQPi",0
"今日はミニ四駆の日！！！
かつて子供の頃楽しんだミニ四駆が年取ってからも楽しませていただいているタミヤさんに感謝！！！

第２次ブームのフルカウル世代の私ですが、一番好きなミニ四駆はアバンテ！！！

#ミニ四駆 
#ミニ四駆の日2021 https://t.co/af9WxASjf1",1
"ロケットって落とし穴あるかってぐらい
車沈んでいくんだけどw",0
"おはようございます！(*‘ω‘ *)
地震から数日たちましたが、少しずつ被害の状況が分かってきましたね。
余震はこれからも警戒が必要なので、皆さんもお気をつけて！ https://t.co/FtdiStIF8G",0
たんじろ二三枚目のジャンケン表情よwwwwwwwwww https://t.co/CutFq3yYoj,0
"献血ルームうららで249回目の献血。
櫻versionけんけつちゃんとハートラちゃんと。
今日は進撃の巨人まつり。
#献血 #献血ルームうらら #岡山県赤十字血液センター #けんけつちゃん #ハートラ #櫻 #進撃の巨人 #諫山創 #千田まさひろ https://t.co/Fmujq33dtE",1
"俺の企画伸びなくなったー

とかどうでもええやん
楽しんでくれる人がいるなら
参加者が300人だろうと500だろうと1000だろうと
せやプレゼンに変わりはないし
そりゃ同じことしてるのに伸びてないのは魅せ方、魅力の無さよ  

参加者が多くて伸びてる人はすごいなとおもうけどね",1
"徳島バス　I-373
徳島22 き373
いすゞジャーニーK
2020.10.6
徳島駅17:55発山城町行

いやぁ、実車で撮影できるとは、思ってもみなかったんで、とにかく感無量ですね(^^) https://t.co/1nUP1w4dKU",0
10歳の少年であるサトシが、体重72kgあるヨーギラスを肩に乗せ、抱き抱えて歩くのだからアニメポケモンの世界観いまだに謎。,0
訓練メールか(),0
とるパカ、無惨と鳴女ちゃんの地味に狙ってた。,0
"題して、｢フィットネス・ガール～NOPAIN NOGAIN～｣です。
全高24.5cm、未塗装ガレージキット。
価格は10,000円です。
よろしくお願いします。
#フィギュア #キャラフェス https://t.co/HSD3FyKMPg",0
"long_wallet...
ベルト付き長財布

革: ブラック レッド
ステッチ:水色

#leather #leathercraft #handmade #wallet #razleather #革 #レザー #ハンドメイド #オーダーメイド #熊本 #財布 #長財布 #ウォレット #ラズレザー

RAZ LEATHER https://t.co/qQREKM5EvT",0
"#懐メロ #クレヨン...

月明かりふんわり落ちてくる夜（クレヨンしんちゃん EDテーマ）月灯りふんわり落ちてくる夜は［アコギ伴奏・アコースティックカバーアレンジ］ / 小川七生
#nanamusic
https://t.co/rPlEhjAWyV",1
私と一緒に「identityV」で遊ぼう！ https://t.co/c0MF2K1XN3,0
キョウカがこわれてる,1
"みんなからの匿名質問を募集中！

こんな質問に答えてるよ
● おれおぼえてる？…
● みやぞん君の中での今年の流行語…
● なんかいたいと思ったらしょうご…
● 好きな人いる？…
#質問箱 #匿名質問募集中

https://t.co/bB2WKZqQUK",1
"きょうのそよ花さん：パンクねこさんがでました。こわれたもののおくにあるものがきずついていないかがじゅうよう　 https://t.co/gYUW3pURkL
#shindanmaker
https://t.co/Ia5GUiRwWu

そうなんですね☺️",1
3/30(火)は、クレイジーケンバンドのギター・コーラス・ヴォイスの新宮虎児(しんぐうとらじ)さんの御誕生日。[なんまいだあ なんまいだあ]の歌詞もある[まっぴらロック](作詞:横山剣さん)の[時間と云うものは儚いものですね]、[時間と云うものは不思議なものですね]などの歌詞に[諸行無常]を思います。,1
明日夜勤明けて先輩とランチして仮眠して先輩と焼肉行ったら見るから･･････本命と推しの共演胸高鳴りマンすぎてしんどぅ･･･🥺,1
"おは。今日からしんちゃんは進級。途半端の時期に進級するんですね。
今日は午前中ロン2、12時からSP、昼過ぎから麻雀格闘倶楽部。17時半からSRLです。ノート思ったより好評でとても嬉しいです。
登録だけは前にしていました。
なんかの記事サポートしようと思ってしたけど出来なかった記憶がある。 https://t.co/sf92JC0LPg",1
うつ病とか成人病とか、高血圧症とか、脂質異常症とか！ https://t.co/VSs5VJZfbM,1
"デレステメンテ…

もりくぼフェス来る前に天井200まで下がって欲しい(切実) https://t.co/SrEuPpDj2h",0
🏮居酒屋りーこ、ヒッソリ、ぼんやり、開店致しました。今日は北風が吹いて寒かったですﾈ、本日のおすすめは『シチューﾄﾞハンバーグ』と『牡蠣フライ』です。パスタとお野菜を添えました。さぁさ、召し上がれ😊 https://t.co/NL3Wi6dQpo,0
みばらさん可愛い〜〜〜！毎日可愛い！！世界一可愛い！！！声も顔も性格も全部可愛い！ゲームが出来てお酒が好きで靴に詳しいなんてすごい！最高！天才！優勝！圧倒的勝利！！！可愛くて可愛いなんてみばらさんは最強だな〜〜〜！！！！！！,0
今夜は🍛よ https://t.co/tnDNf2PJ2A,0
"東京11R #フェブラリーＳ
☆⑦ワンダーリーデル
８番人気３着👍
典さんありがとー
#金ピカ競馬予想 https://t.co/KO8rIgcicp",0
"#栃イベで会いましょう　#栃イベ
１週間後🔥早く作業しないと当日なっちゃう、やります！！！
いろんな方に見てもらえたら嬉しいです🙏🏼楽しみすぎるっ😻🤎🤎🤎 https://t.co/cMll09Q9Rb",1
"【本日のおすすめのお魚(2)】
本日みずほ通り店鮮魚売場では、
「由良産 はたはた」
78円/100g+税、4～６尾・１パック 170～250円+税！
しょう油漬焼き、から揚げなどで！ https://t.co/CqwM08Xvku",1
ひゃっほー！セリ誕祭り🎵,0
"頑張って描いたラフの出来がいまいちで
全部書き直したらデュラハン先輩と同じポーズだったかなしみをどうこらえればよいのだ",1
"今クレヨンしんちゃんの動画見たら
藤原哲治さん亡くなられたの悲しいなと…
かっこいいお父さんで、歌も上手かったし。

クレヨンしんちゃんの声優さんが変わっていくのはすごく悲しいけど、新しい方のバトンタッチを見守らないとな(ง •̀_•́)ง",1
疲れた時に見るアニメダイナーほんま最高やな全てがどうでも良くなる見る抗うつ剤,1
うえおえーい https://t.co/lG6iJee6QZ,0
"ポッキーゲームならぬ
ちくわゲームの構図になり
ちゅー…

最高か？
公式さん…

風間君のしんちゃんが事故にあってしまうかも…という恐怖心の描写があったのも良かった…
普段しんちゃんのこと嫌がってるけど実際いなくなったら怖いという想いが感じられて萌えた

とても歓喜",1
つよい https://t.co/BZpWSOrdmp,0
"先週のあらかしも見てくださったみなさん、ありがとうございます☺️✨水玉のブラウスがとてもかわいい衣装だった！取材の振り返りはインスタで少しずつ投稿してるのでインスタもぜひご覧ください📷

#あらあらかしこ https://t.co/gC5HtWUVcN",0
楽しんでいただきありがとうございました😊 https://t.co/EEEoBRMR5a,1
"しんちゃんつまらなくなったよなー
昔のやつしか観る気しないもん",1
いろんな計画立てていろんなとこに連れて行ってくれ。って誰に言うわけにもいかないので仕方なく妹に行きたい場所伝えて計画してもらってる。計画してくれる人好き(*´꒳`*)自分が計画するタイプで楽しんで欲しい人間だからやって欲しいって思うだけでやってくれる人いないwww,1
"タイプ別のグラプロに向けてヒーロー3人上げました😉1かMAXでしか欠片で上げられないのは直して欲しいね。
あとはセオリとグレイブ上げたい💧

ヒーローはなんとか大丈夫そうだけど、ディフェンスとサポートはキャラ全職いなかった(笑)まぁしょうがないな(*´―｀*) https://t.co/0XSp4pykvR",0
"大阪のツイートでTLが埋まってる。ゲムマ大阪参加者の皆さん一日楽しんでください！！
あと、開場後も現場の声が聞けると嬉しいです！！
#ゲームマーケット2021大阪",1
"最近しんぐるばっかだから🤫🤍
⏰￤11:00 11時
👯‍♀️￤#デュオ
💵￤1000✖️P Payﾏﾈﾗ
🖤￤@PETTY_777 ﾌｫﾛﾘﾂ全員

身内拾う確定枠おおめ👅

✍️￤#11時デュオ　#デュオゲリラ https://t.co/lOjKavRHct",1
普段余り観ないけど、こんな時節だからとツィッターで見かけた当代一の人気落語家春風亭一之輔の落語を観たけど、どうもイマイチ(失礼)。やはり、この方は凄いと思う。長生きして欲しかったな。枝雀寄席 008 子ほめ TV録画 VHS https://t.co/GFlSVPzFad @YouTubeより,0
"iPhone11に機種変したらガクガクだったレイズがヌルヌルになりました
Androidからの機種変だったので鏡晶石は死んだ
かなしみ",1
プロフェッショナル人材の確保・育成に向けて、人事制度を改定 https://t.co/2SvKHkPzoN #スリー・アールシステム株式会社,0
ん？妹紅がずーっといるけど、仕様？ww https://t.co/kRbRVUYdWU,0
ご飯楽しんできてください~ฅ^.  ̫ .^ฅ♡,1
"快速急行、ひのとりを追い抜く。
#traindriveats3 https://t.co/6USqJWWRGv",0
グレイシア可愛いですがニンフィリアも可愛いです🙄🙄🙄🙄🙄ﾝ?,0
"近頃、男子も女子も変態でノリがよすぎるｗ
雑誌で噂になったこのチャットなら無料でメッセできるよ?
→https://t.co/NrrwSWY47m
会うのなんか余裕だからまずは登録してみてれば？ https://t.co/LkCAeLzm4S",0
"B環境以降のデッキ思い出せないので、
多分デッキ組んでる間に2日終わっちゃうと思うのですが、デメ窓挑戦状楽しんでいきたいと思います！",1
大塚製薬、うつ病治療薬アールケタミンを米Perception社から導入 https://t.co/h6s7MByG6p,1
"今のうちにキスカ作って、キスカザード楽しんでおくか、、、
正直プレイング飽きそうで作ってなかったけど、砕けるなら今のうち、、、",1
万博で「いのち輝く未来社会」とかSDGsで「誰一人取り残さない」とか死んでも言うな。,0
"今日はライブで富士急🗻に来てます🎵

が、絶叫マシーン一切乗れないし、娘はフォロワーさんと会ってるので暇～～～ https://t.co/mqFVW8ww73",0
"(神・Д・)　ガンプラのしんちゃん？

(神 ˘ ω ˘ )　もちろん知っておる

(神・ωー)　あれじゃろ

(神・ω・)　鋭い爪と牙を持ち

(神・ω・)　硬い鱗に、背中の翼

(神・∀・)　そして火を噴く
#神様に紹介してもらう診断 #shindanmaker
https://t.co/oTEr90hHsg
サラマンダー,,,？",1
畜生良かったねぇ,0
"うつ病になって10年

一生の付き合いと諦めている

発症してから企業に勤めつつ病と共存する方法を模索したけど無理だった

今度こそPC一台好きな時に働けるように

そして発症する前よりも稼いで病を笑い飛ばしたい
#うつ病 #今日の積み上げ #相互フォロー希望 #拡散希望",1
"たぶん絶アレキ行くのも早くて4月だろうから、グンヒルド零式気になるなぁ
仕事がどんな感じかによってかなり変わるけど",0
あれ、今日の夜しんはやラストじゃない？あー頑張れる,1
しんだ,1
"この時間でアニコレzero3をZで色々分からされるのは、呑んだ時に帰る前にふらっと打つ4号機のHANABI感覚で結構楽しい。

ガチガチな方には怒られるかもしれんご、こちらもZの本田とかバルログとか使うけど、向こうもそれに応戦して色々なキャラで楽しんでもらえたら良いなと。",1
ふおおおお推しばっかり！！！ https://t.co/ACF2GQmINL,0
こちら一旦募集停止します。,0
"NOOBさん(@FAKEWORKSNOOB)にお願いして
ダーツのフライトにGraffiti artを書いていただきました！
めちゃくちゃかわいい!!
ありがとうございました🙇💡
#ダーツ https://t.co/Ggrk02fHPY",0
"今年もありがとうございました！

まさかアクセラが廃車になると思ってなかったし、
BKMS→BKMSに乗り換えるとも思ってませんでした💦

来年は私も含め皆さんも良い年でありますように！ https://t.co/McZz2MKrf6",0
"アリーナやらなすぎて雑魚しかいないww　＃フォートナイト　 #PS4share

https://t.co/vqII6l7PkA https://t.co/qi2M7cBHds",0
"ヤスのストーリー…
今日の試合も見てるだけだと悔しいし、更にプレーしたくなるよね。
私もヤスのプレー早く見たい！！
楽しんでバスケしている姿を早く見れますように🙏
みんなで待ってます☺️

もちろんニックも！！！
#青木保憲
#ニック・ファジーカス
#怪我よとんでけ",1
"あ→アイテム
い→癒せる
う→うつな
え→円板
お→音
か→方
き→✨
く→ぐらす
け→蛍光
こ→この
さ→サメ
し→小宇宙
す→ストロンチウム
せ→制作
そ→そうなんですよ

面白味0でした。

#あからそまで予測変換の最初の文字を書いてみた",1
"雪刀さんお写真ありがとうございます^ ^
もう少ししたら、ステンド着替えセット出すので、色違いを着せ替えとかできる様にしますので色々楽しんでいただけたらと思います^ ^ https://t.co/RCvoeODD1Z",1
"年末に、長男がうつ病で休職していることを知った。
娘の結婚式で元気がなかったので気になってた。
一人暮らしなので、家で一緒に住めばいいと思うけれど来ない。
ラインの返事はないけれど、既読が朝8時ごろ付く。それで生きていることがわかる。
自分のことより、息子のことの方がずっと辛い。",1
まぁ担当ですから10連で来てくれるわけですよ(去年天井経験者) https://t.co/DGgt802IKy,0
https://t.co/y0LpSk9JRY YouTubeでゲーム実況をしています、少しでも僕の動画を見て「こんなバカいるんだ笑」みたいな感じで楽しんでいただけたら幸いです！良かったらこれからもより良い動画を上げていけるよう頑張るので応援よろしくお願いします！☺️,1
何事も信頼できるオタクにおすすめを聞くのが一番だな,0
"今日は丹波篠山でイベントに出展します😊

スポセンまつり✖️ミラクル親子パーク

3月20日(祝・土)10時から15時半
丹波篠山総合スポーツセンター

私にとって久しぶりのイベント、安心して楽しんでいただける為にみんなで色々考えて準備しました☺️

ぜひぜひ遊びに来てください😆 https://t.co/c74wsRAuZM",1
"アイドルってめっちゃ忙しいし、ハードだと思うのに、その合間をぬって、恋愛と子作りまでこなすなんて！！
彼女がよっぽど暇で時間を合わせれるのか、寝る間も惜しんで恋愛に子作りに…いやいや、私には絶対にムリだわ。
おめでたいことやとは思うけど、ペンの気持ち考えたら、複雑。",1
"みんなからの匿名質問を募集中！

しんしんさんはまだ答えた質問がありません！
しんしんさんの記念すべき最初の回答はあなたの質問かも！？
#質問箱 #匿名質問募集中

https://t.co/lBsfgSK20c",1
"昨日は、さくら巡りに行ってきました。疲れたけど、楽しかったです。

Photo by とろろ

#うつ病
#asd
#hsp
#毒親
#アダルトチルドレン https://t.co/B2eVK6rb70",1
よしなま、エペ始めたての頃は下手っぴで配信も荒れてそれで苦しんでアンストしたりしてでもやっぱり再開して懸命に続けていくうちにCRカップリーダーに選ばれて僕と一緒にやってくださいって言えるようまでなったのほんとに感動する,1
"残りは明日〜〜！！！
おやすみなさい！！！！！！！
夜更かし娘ちゃんを早く寝かせなきゃ！！！",0
"空蝉やわが国籍は地にあらず #阿部青鞋

空蝉(うつせみ)は夏の季語で、この世に生きている人間、現世、うつしみを意味する、対して国籍が地とは、死(者)を意味する

この句から、しかと幹や葉を掴む空蝉や青鞋の生への執着心を読み取ることができる

難病の妻より先に鬼籍に入(い)ることはできないと。 https://t.co/BwE9PGrBK8",1
"パフォおわって、しんゆとあれ踊ろ〜！って予定つくったし、せつ菜のこの前踊ったのと違う曲のも振り覚えようとしてる…
踊るのは楽しい☺️
病院のせんせに体動かしなさいって言われてるしよいね😉",1
"ていねいなくらし系一家の子供
大体おかっぱ。",0
"みんなからの匿名質問を募集中！

こんな質問に答えてるよ
● その後セフレはできましたか？…
● けいとから粉みかんに名前が変わ…
● 草…
● 定期的にTwitterでおっぱ…
#質問箱 #匿名質問募集中

https://t.co/7tonWYvSnj",0
"朝にカフェインを飲んだ日の夜はなんかしっとりした気持ちになる。それほど悪いものではないが、寝る前に音楽を聴かないと眠れない

夜に酒を飲んだ次の日は単純に鬱になる",0
"少なくとも月に１回は英語の映画を見ましょう。
Watch an English film at least once a month.

at least: 少なくとも https://t.co/hOW9d9x3Ht",1
"難病で手足が動かないおじさん
目の動きでしか表情が読めない

いつもあれしてこれしてしんどいと
眉間にシワを寄せていた

そんなおじさんの目尻がすごく下がった
奥さんも久しぶりに見たと

どうしてそんなに笑ったでしょうか？
誰でも言われたら嬉しいけど看護師として病院ではあまり言わない事…",0
"少彦名神社。少彦名命（すくなひこなのみこと）と中国医薬の祖神・神農炎帝（しんのうえんてい）が御祭神です。病気平癒・健康成就の御利益があります。
1月1日～3日限定の「宝丑」御朱印をいただきました。
2日に行きましたが、人はまばらでした。

#少彦名神社 #御朱印 #限定 #丑 #病気平癒 https://t.co/gWKxlvmW8F",1
こいつかな、あのヤクルトがスクショして晒してたのは。 https://t.co/ytrXw9sVt6,0
今日はとりあえず久々にblenderする,0
Sぅ！,0
"ひぇぇぇ😱
児玉と高木で。の発想をしていた😨

私は買っていませんよ😓💦
見ですからね😅 https://t.co/lnuqSlweEk",0
ノスタルジアに久石譲のsummer入っててテンション爆上げした,0
"撮影会終了ーっ！

参加して下さったカメラマンの皆さんありがとうございましたっ💓

少しバタバタしてしまったけど…楽しんでいただけたかなぁ? 素敵な作品が作れてたら嬉しいです♡!!

差し入れも沢山ありがとうです🎄🌟

※データはDMに送って頂き、確認取れたものだけ載せるようお願いします🙇‍♀️ https://t.co/wZYQBDgTfV https://t.co/POf71uZLSW",1
"2021年2月2日🐈🐾
きんちゃん1才のお誕生日🎂🎉🎊

家にいるときは常に隣にいてくれて、お腹の上に乗っかってきたり、毎日ゴロゴロ鳴らしながらふみふみする、甘えん坊のきんちゃんが大好き😆💕
これからもたくさん遊ぼうね🙆🏻‍♀️

※猫ちゃんが食べれるケーキになってます✨ https://t.co/ABaXsXLKMZ",0
"平成→令和

平成がなんか名残惜しい、、、",0
"突然ですがバンド始動します‼️
#ニシタチブルー(@nishitachi_blue)
と言います。
よろしくお願いします😏
フォローしてね。
こんな世の中ですが
楽しんだもん勝ちかなと思い
面白い仲間集めて
やりたいことやっちまおうぜ‼️
と奮起しております。
お楽しみに😎✨
@1115Drums https://t.co/QfNd90xUHE",1
"しんぐるーー
みんなきてー https://t.co/LJtsgFIpEE",1
映画好きな友達がいないので一人新宿決定😅地元で一人映画は大丈夫だけど新宿で一人はさびしい、、笑 https://t.co/iXyYQwI3FD,1
🍹 📺ちょっと寄って行ってくださいな◎ https://t.co/zRWcUxIMTx,0
BO1で青白コンはやはりキツイ,0
"受験期にどのように過ごしていたのかや、サークルやバイト大学の雰囲気などざっくばらんに話せるようにする予定です。
自宅待機で、受験勉強がはかどらない人は、早慶の先輩と話してモチベーションを上げましょう！",0
もう一つのルヴァンカップ連覇(☆▽☆) https://t.co/K1GZexOSM2,0
"みんなからの匿名質問を募集中！

こんな質問に答えてるよ
● SCANDALはいつからファン…
● ベスクリ行くんですね✨
楽しん…
#質問箱 #匿名質問募集中

https://t.co/0hUBvQAJ2G",1
"外出自粛中は、山も登ったらダメかなぁ…🤔車で混んでない山行って、お弁当食べて帰りたいんだけど。
まあ、何ならいいの？とか言い出したらキリがないから、とりあえず全部ダメなんだと理解してがまんする。",0
"#もしガンダムが普通のロボットアニメだったら 
ダイクン宇宙探検隊が月で封印を解いてしまった悪の古代ザビ人が、モビル獣で現代東京に攻め込む。機械と心を通わす力を持つ嶺あむろ、紫電かい、小林はやとは、事態を予測していた嶺博士開発の三段変形合体メカ ガンダムを操縦、モビル獣に立ち向かう。",0
"また歌舞伎の映像と思って油断してたら最強可愛いすのちゅで頭抱えた😂
ゆり組さんリコーダー上手、音楽の授業ちゃんとうけてたんだな、エラい子たち😂🙏",0
めっちゃお腹壊した、しんだ𓂃 𓈒𓏸*꒱,1
"私はなんでもっと早く伝えなかったんだ…！
ANA JAL #株主優待券 🛩
優待番号さえあれば優待価格で使えます‼️

なので、チケットはいらないよ〜
番号だけでOK！という方は
番号通知のみでご案内してます♬

送料を考えるとこちらの方が早くて安いのでおすすめです🙆‍♀️
https://t.co/kv6gles3Z2
#航空券 https://t.co/3c4W7CUXuN",0
"今日も悔しい引き分け
こういう試合に勝たないとJ1は厳しい。
次節は勝つよ https://t.co/BR1nxqizno",0
おなかこわれました,1
旦那がイベントごととことん興味がなくて、案の定チョコはいらん唐揚げでとか言い出すから、このままスルーしていいのか迷う🙃,0
"ひどくさびしい気分になっているのは、TLに犬の画像がないからみたい……
犬は飼いたいのだけど、仕事で家を空けるときはヘタすれば何日か帰れないときもあるしなぁ……
とりあえず町内犬マップを参考に散歩でもしてこよっと",1
かますかー！ https://t.co/qBcOdowp5L,0
"ああああぁ、もう本当に最高でしたっ
好きすぎたっ。
可愛すぎるてっ。本当にっ、むりっ
しんだっ、……沸いたっ…… https://t.co/yfd3q3VPzA",1
"今日は胃腸を整えようと思ってたんだけど
急遽友人から連絡があり友人宅でディナー

楽しんできます♪(*´ω｀*)✨",1
うつ病かも,1
友にピアスバレた🥺🥺🥺,0
"サバゲーを始めて一年強、今年は非常に実り多い年でした！駐屯地祭り、装備開発･販売、Ｖショー参加、自衛隊研究、戦車体験搭乗etc…
改めてこの趣味は奥が深く楽しいなと感じました。
趣味を通じた多くの方との出会いに感謝しつつ、来年も細く長く楽しんでいきたいと思います https://t.co/GBQT3QkWPz",1
るしあちゃん今日のポケモン楽しんでね応援してる！,1
現地の方楽しんできてください〜！！オンラインは俺と一緒にペンラ振ろう(連打),1
"おはようございます😃10月になりましたが日中はまだまだ暑いですね。期間限定のモンブランシフォンが好評です。その他にも人気スウィーツがありますので食欲の秋をスウィーティーで楽しんで下さい。
#カフェ
#泉大津市
#就労継続支援Ｂ型
#利用者募集中
#スウィーツ
#食欲の秋
#モンブラン
#シフォン https://t.co/QWHNhgnTs5",1
抑うつの気分って、窓にはりついた泥がゆっくりと滴るイメージ。それは土気を含んで粘着質で、水より濁って重たくて、這うように落ちていく。いやらしい響きかもしれないが、この比喩は絵の具にも相当する。,1
死んだら目黒くんの犬になる夢できた,0
"おはアイなう🐘🌼

今日はBiSで盛り上がりそうな予感だね😁！
アイナ荘てもFC限定でなんか販売なんないかな〜

今日も良き1日に❕
頑張っていこうね🙆‍♂️ https://t.co/RMWYQgoh2y",0
"#ぷりだむ台詞選手権
なぴくんしか勝たん！",0
本日快晴🌈🌈今日みたいな日は、オステリアアルバさんあたりで、外でビールを飲むのが良いでしょうねえ。自分だったら、昼間からホルモン焼屋では飲まないよなぁと思いながら、青空を眺めております。 https://t.co/Z1Hy1X2Tz3,1
これ全部４凸かよ,0
"CBR400F探してます

売りのお話あればDM下さい！

関東県内だと嬉しいです

RT、いいねお願いします！

予算80万円で車検付いていれば85まで
考えています

#単車買います 
#CBR400F 
#CBX400F https://t.co/uSvU4jxyFk",0
なんや今回のげんしんイベ...,1
"【NEWS】
本日 18:00〜
おうちグッズや #SiMBTN ツアーグッズを含めたSiM新グッズが販売開始！

詳しくは→https://t.co/r080upiuUD https://t.co/vGYulKHxAm",0
"#学芸大青春 #青春愛作品
４月に描いたやつ～今ならもっとキレイに描ける(と思う)ちなみに今より髪の毛うまくね⁉️ https://t.co/U5P3m4XYcA",0
ぼくなつの新作はいつになったら出るのだろうか,0
しんだ,1
"女々しくて / covered by 卯月コウ, 剣持刀也, シェリン・バーガンディ https://t.co/9AEMlUuWOB @YouTubeより",0
クーポンを更新しました。 https://t.co/7NRJIHTYGR (07/30 18:50),0
"約1年以上来てなかった「新宿BLAZE」に到着😊

今日のB.O.L.Tのライブ、楽しんでいくぞー😆 https://t.co/ufUJpvAW6R",1
"歌いたいのに声が出ません！
ちくしょう！",0
"INTERVIEW FILE : KID FRESINO (interviewer : カネコアヤノ) https://t.co/wneQgIrPVd @YouTubeより
フレシノの金子呼びめちゃくちゃいいな あと顔小さ過ぎ",0
"おはようございます🌞

本日は7つの習慣研修二日目👔
講師役として上手く説明出来るか不安はありますが明るく元気良く楽しんでやっていこうと思います😉

👶も朝から元気良く私に力をくれたのできっと上手く行く‼️

#7つの習慣
#パパ育 https://t.co/o9bUSqIUeL",1
なくなってさびしいものは、たった一つだけですもの - ムーミンママ,1
"優しい人には、優しい人、楽しくしてくれる人が集まるんだって、実感。

私もそうなりたいな。",0
"🦕┊︎3月17日┊︎24:00~ #24時 

🦖┊1000 〈𝙿𝚊𝚢〉

ﾊﾟｽﾂｲ𝚓𝚞𝚜𝚝⇒@renl57

#シングル #シングルゲリラ
#荒野行動　#ゲリラ https://t.co/8SGzTg2ZBf",0
活きｼﾞﾒと空腹活魚の違い @ABEMA で視聴中 https://t.co/r33PbdVY8F #美味しんぼ,1
きょうはおめんまのしんこくなふそくでむねがくるしかった,1
"#しと打って最初に出たのがお前の武器
して

……？？？？",0
はよ家に着きたい_(:3｣∠)_かなしみ,1
"球審が白井の場合、ご贔屓チームであっても、より多くのストライクを見逃してもらいたい。

#阪神対中日",0
"カメがいる生活 その2

う○ち出てないから、もう少し入って欲しい主。

早く出たいなっちゃん。

最後はいい子☺️ https://t.co/kTVXAhxxpm",0
クレヨンしんちゃんの今まで録画してたブルーレイディスク数えたら68枚あった😂,1
"#オッドタクシー
楽しんできますー！",1
"グクペンさん！！
繋がりたいです♡
いませんかーーーーーーー？？？ https://t.co/i2cU5btx29",0
どなたの文章だったか不明。スマフォのメモに“自分では気づいていない本当に感じたい感情と、実際感じている感情が違い過ぎるとうつになる。”“常に自分は今どういう感情なのか？(省略)を考えてるようにしてたら体調が劇的に良くなったわ。”という文章が保存されていて、このメモを残した過去の自分にGJ,1
ｷﾞｬｰｰｰｰｰｰｰ！！！ https://t.co/eZDL8wnV7y,0
"ずっと一緒って言ったのに
#shindanmaker
https://t.co/ytYFdyZWnB",0
"いつか実績とれるやろうなあ、じゃあかんわけ。皆同じ方を向かな無理やて。

と、毎日おもてます。",0
静かな時計もいいんだけどこのカチコチ音が好きなんだ……(ノイズあり) https://t.co/KTrmz1BaMk,0
"ミックスフルーツとソフトクリームやメープルシロップが付きますので、ぜひお家でデコレーションして楽しんでみてください✨
オーダー頂いてからお作りしますので、お電話頂けるとすみやかにご提供できます🥞♡
お電話頂けましたら、ドライブスルーにも対応致します。

#おうちカフェ #お家カフェ",1
"グッtomo〜ニング(^-^)/
今日は「時間を大切に使う」を意識して過ごそうと思います(^^)
時間って無限にあるように感じますが、有限なのですよね(^^;
ですが誰にでも平等に与えられた時間でもあります。
限りある時間を有効的に使い、充実した１日にしたいと思います(^^)
#精神疾患 #ブロガー #うつ病",1
"肩こりがひどくてかたくなりすぎてたから、おすすめされたマエケン体操をやってみた😆
そしたらすごく身体が温まって凝りもいい感じに✨
マエケンすごい😆✨
毎日頑張る😊",0
ファイナルCM？！えっ待ってキャラ個別にあるの！？！うわ〜おうち帰ったらすぐ見る……煉さんのもあるのか〜！！えっでもファイナル…最後……さびしい………,1
"やっぱ男になるのはきつすぎる・・・
学校で殴るか殴られるか
連れ子を蹴る
通行人を殴る
ヤクザを殺す
厳しすぎる",0
"というか
SeaCube所有のmscリーファーは
珍しい気がする
mscは自社コードが多いから
他社が所有するmscコンテナは
あんまり見ない

mscリーファー見たい https://t.co/xFbxDoI5Ac",0
"🍀nゲージミニレイアウト🔰

2077レ　

EF66 114+DE10 3508(ムド)+コキ

“寒きびし　回旋窓の　DE10”

BAMBOO鉄道　
運転2020.12.26 https://t.co/uxNsM4GvTk",0
"うさちゃんのおちり🍑って、どうしてこんなにも魅力的なんでしょう(*´³`*)♡￣(=∵=)￣

遅ればせながら、便乗しちゃいましたぁ☝️

#うさけつを眺める会  
#うさけつようび https://t.co/sPw7TkIamI",1
"ウェットフードを所望します🐱

⚠️TVの音⚠️

#クリミナルマインド をみた後に #レッドアイズ を見たら…色々物足りない😓
特に日本人は細いので迫力が物足りない🙄
※🙇‍♀️ファンの方ごめんなさい🙇‍♀️※ https://t.co/b3l0aRgekN",0
極旨っ！もっちり生地、たっぷりゴロっと黒豚に甘味の強いたまねぎの #ファミマの極旨黒豚まん #ファミマの中華まん @famima_now #ファミマ https://t.co/Jhgi2l77rD,0
何が起こった！？？？？？ https://t.co/0K0CtBNqvr,0
#PARM から、芳醇な香りと旨みが味わえる新フレーバー「#旨み抹茶」発売✨みなさんは、定番人気の「抹茶」とどっちが食べたいですか？ 今なら、50名様に #抹茶パルム食べ比べセット が当たる🎁 わたしは、原料にこだわった【#新商品の旨み抹茶】を食べたい‼,0
在宅ワークしだしたから子供たちつれて遊び部屋いったのに「これぐらい見れる」って長女持ち去り、二男が「僕も！」と連なり、長男が「さびしいやんヤメテ！」と追いかけてった。もう私今日子守りしない😇,1
メンテまでまだまだ暇なんで誰か運命のさんしんフレンドディアブロ募集,1
ランク150～900までのやつ https://t.co/W3L5ayc6Dq,0
スカイほにゃららビューのやつかな？,0
"当時13階建の13階に住んでいて
ミヤネ屋を観てた🏡横揺れが長過ぎて地震酔いになった。コタくんと当時いた猫を左右に抱えることしかできなかったな...
LINEで「3.11」と検索するとLINE社からおひとりにつき10円を被災地支援や災害対策等のために寄付します。 https://t.co/yAGc6zJGkb",0
コロナには気を付けつつ、お友達がマリオの先行体験版当ててくれたので、行ってきます！ https://t.co/IOJSai6PcV,1
"マスクは200枚か2000枚の間違いじゃないの？
1枚あたりいくらだよ。だれか原価計算して。
#マスク二枚でごまかすな",0
"うちの兄夫婦も指輪類結婚式新婚旅行なし（奥さんの強い希望＆兄も異論なし）で他のことにお金回してて問題なく夫婦円満だし🌸

一方で私のとこは二人で選んだ指輪、ホテル挙式、ハワイ旅行のフルコース楽しんだけど、指輪や写真動画を見るたび神聖で幸せな気持ちになれてやってよかったと思ってる😌💫",1
"葉月みあさん
でしたすみません間違えてしまいました

@mia_hzktw https://t.co/1EtmpaAHcA",0
レンタルスペースすげぇ！！！ https://t.co/DmYYINWtGT,0
"うわぁ〜🙈🙈💕
ともるくん､ありがとう〜😭💕
しょうごルパンの写真ほしかったんだよ😳😳💕
しょうごルパンかっこよすぎてむりだけど好き。。。😂😂💕",1
"360度動画作ってみました😊

うまく再生できるかな？

よろしくお願いしまます🤣

#うつ病
#うつ病社長
#360度動画
#VR動画

➡️https://t.co/BKa4FCs6Hf https://t.co/EJIERvRFnE",1
"早朝とは🙄
（なんか昨日もよくにたツイートしたぞ😆）",0
クロニクルのmbjよかった、楽しそうな高校生だった,0
YouTube編集頑張ります！YouTubeも伸ばしたいですが　とりあえず知名度が欲しいのでプレ企画近々やります！,0
"おはようございます！areaGTオープンのお時間です！
本日祝日はご予約不要のシェア営業日です！

コロナ対策として、換気、消毒液の設置などをしております。
密を避けつつ撮影をお楽しみ下さいませ♪

シェア営業日は本日含めて残り５回です…！ https://t.co/l09CH4AY2q",1
コンビニで買ったもずく入りのかまぼこうますぎる……全国に展開して,0
"人嫌いで天才肌で不器用で格闘センス抜群な青年ゲンドウと、慈母の女神のようで結構イカてるユイと、海外からの留学生でライフル狙撃に長けたマリ、などが集う冬月ゼミという魔境。
京大なら仕方ない。
https://t.co/nh3PeAoUFL",0
よか、、よかった、、 https://t.co/eKdgQLH5Ny,0
"ファンミ楽しかったぁ〜！！
3人の仲良しな感じが伝わってきて、見ててこっちまで楽しくなってきた！
内容に触れてはいけないので、あまり詳しいことは言えないけれど、明日の大阪公演行かれる方は楽しいから楽しんでほしい！以上！

 #黒羽やります",1
"#おはようございます

日曜日でもゲッツ👉

気分は月曜日、ワクワク生活に土日は無い！

「月月火水木金金」だ！

今朝も、私の意志とは関係なく、心臓のドキドキリズムが止まらない。

胃腸はエサを求めて動き出す。

どうせ生かされてしまうなら、楽しんで生きましょうか😅

今日もPlayfulな一日を👍 https://t.co/JnvTUHNzLo",1
"もい氏から届いたラムネを
積み上げてみたり🥳🥳🥳🥳
いっぱい❗️食べます❗️ https://t.co/RrqCNE5OsD",0
"#ホークスファン履歴書 #sbhawks 
今年も熱くホークスを応援出来ればなと思います。
印象に残っている試合で、2019年7月8日鷹の祭典in東京ドームの試合を追加します。
誤字があったらすみません🙏
いよいよ明日、開幕ですね。
今年もよろしくお願いします🙇 https://t.co/dxdalbOx4t",0
"こないだ届いたこれ！
違うSNSの応募したやつで当たったやつ(｡&gt;∀&lt;｡)
まさか当たるなんて思ってなかったのでびっくり！
もう1月半分過ぎちゃったけど笑
素敵な写真を見て癒されます(｡&gt;∀&lt;｡) https://t.co/ADIwCiaA9N",0
やっと手に入れました!! https://t.co/ec3zVxGH2m,0
"めがねっておもしろいんだよねぇ。zoffスマートでもこんなんにしちゃうよぉ。ひらくだけだとこわれないけど、つるをとじるほうこうにひねってぐいってやるのがぽいんとだよぉ。
（※まねしちゃだめだよぉ。） https://t.co/pMDWQvneo4 https://t.co/dMDyCvLX8r",1
"本日のOKOWA『最強タッグトーナメント』は村上ロックさんとのコンビで優勝しました！

他チーム皆さんもバリエーション豊かで面白かったのですが、僕が「日本一怪談語りが上手い」と絶大の信頼を寄せる村上ロックさんと組んでは、負けるほうが難しい！

タッグマッチ楽しかったので、またやりたいです https://t.co/LVA8fE4uNq https://t.co/wNoGLt4Xa9",0
"あのねー。。
今HOMEROOM大会ガチ勢（？）だけどさ。
ほんとの初期とか、

LINEグループ作った✨＼(^-^)／
みんなで通常行こー！＼(^-^)／
ルームやろーよー＼(^-^)／

だった気がする。

それから、僕が勝手にクランアイコン作って、勝手に人集めて、勝手に大会入れて。。あれ？僕が変えてしまった😢",0
"みんなからの匿名質問を募集中！

こんな質問に答えてるよ
● 好きな武器はなんですか？…
● 進撃のM4買いましょう…
● すれ違った時にどんな香りの女の…
#質問箱 #匿名質問募集中

https://t.co/tyDxfDZ2hI",1
"おはようございますマンボウちゃん☀️

雨の匂いがするーー不思議と嫌いじゃない☔️

3/19(金)は西川口Galaxyにて生誕祭！！
ご予約少ないと泣いちゃうので是非お願いします〜🥺
https://t.co/glr7gHPG08
#もぬもぬなあぽん #クローン生誕 https://t.co/410DfZX8zi",0
いっちばんけつ終わったのか………お疲れ様でした………,1
"(/ｰ▽ｰ)/ﾌﾌﾌ
おてて長いでしょฅ( ̳• ·̫ • ̳ฅ)にゃ♡
イタズラしようかにゃ～ｼｬｰ ฅ(`ꈊ´ฅ)

ママちゃんは雪かき疲れの為もう寝ます😅皆さんもお疲れ様でした♪
また明日会いましょうね( ⁎ᴗ_ᴗ⁎)ﾍﾟｺｯ
(*˘ ˘*)おやすみなさいｯ.｡.:*ღ💕

#猫好きさんと繋がりたい
#猫のいる生活 https://t.co/kTimwkVoYe",1
"しんちゃんおめでとう！！
代表選も頑張って怪我なく帰ってきてね🎉🎂 https://t.co/50gVB0tPJg",1
apexフレどんどん一緒にできるフレ増やしたいけど、戦績どうこうじゃなく楽しくできる人見つかると知らず知らず毎日ガヤガヤして楽しんでしまう！,1
でも　母上から　さびしいとの　お手紙を　いただき,1
"今日は主治医とたくさん話せた😊
そうきょくさんの疑いは晴れました！
私はうつだけじゃなくて、適応障害さんの色があるんだそう。

…なんだ、それ？
って事で帰りに図書館寄って本を借りあさってきた✨

読むぞ！",1
"今日も1人。アルバイト動かしながら業者にも立ち会う。
なんて忙しい日なんだ。しかも自分でもライン作業に入ってるという。
帰りたいなぁ。そう呟いても誰も聞いてない悲しさ😭",0
再販！ https://t.co/Si7qySX9hX,0
"以前も同傾向で、そのとき聞いたいいわけの最たるものは「学年によって、優秀な場合とそうでない場合がありますから」当時の高木部長は即座に「もっとまじめに考えろや」と一喝、もとい、優しくアドバイスした。

「中学校数学で成績下降傾向」の対策について（前編）
https://t.co/Ar3wghwJpz",0
通話できるの幸せすぎてしんでまう😳,1
"イソジンが駄目な訳では無いが、疫学研究上は水でうがいする方がイソジンより予防効果が高い。
イソジン叩いている医者を流石に素人扱いするのはあかん…",0
"いまや
サザエさん→上流階級の家
クレヨンしんちゃん→裕福な家庭
だもんな https://t.co/HThJvNuvZ5",1
"#フォロワーさんがどう思ってるか番号で教えてくれる
びんじょるーの https://t.co/l64uN3LZbv",0
2日目楽しんできて✊,1
二月堂が賑わう時期だけど、近隣お散歩民としては手向山八幡宮も推していきたい。灯籠も可愛いし。密を避けつつお水取りにいらっしゃる方には、是非とも併せて参拝いただきたい東大寺の守護神。 https://t.co/obGwscanWF,1
レアリティが違うだったかな？ https://t.co/56x2w5Zjym,0
"新しい伝説が始まるしん
＃神保町",1
北陸には金箔入り小豆餅有ります🈵美味素晴らしい(笑) https://t.co/X7goTNVaPh,0
"100%真実しか
言わない奴
なんかいないよな",0
"修正したシビックを再度棚へ。
若干FC3Sにトラブルあったけど、そっちも修正完了w https://t.co/OESwiyoyc3",0
ミスiD卒業式の日、全力で別件のお仕事なのです…私だけの物語貫き通して頑張ります← ファイナリストの皆様楽しんでください🥺　#ミスiD2021,1
"いやもちろん、カモネギもとい、ネギガナイトのカッコイイ回なのは分かってるよ？

カモネギもネギガナイトも終始可愛かったし…みきしんのやるカモネギとネギガナイト可愛すぎたわ。

でもごめん、エルレイドが好きすぎてそんなことより！ってなってしまった…。",1
"落ち込んでるらしいから会いに行ってあげよか
待っててやハニーちゃん😊",0
"8年前のエアコンがこわれたのですが、
8年前の初期不良が発覚し、（製造時に壊れてないと壊れるはずのないところが壊れてたそうで）修理と部品は無料で交換してもらえることになりました…わーい…（棒読み）",1
"明日の爆誕祭楽しみです❣️
私はライビュ組ですが、前回のZepp tokyoで得た情報UPしときます。
朝はZepp右手の駐車場内にトイレ有ります。
11時以降はトヨタが開くので横の入り口からが一番近いトイレです。
トヨタ通り抜けるとファミマとスタバがあります。 
生狼さん楽しんでください‼️ https://t.co/nWA03vEJ6n",1
たしか…理由聞くのは法律的にアウトだった気が…🤔 https://t.co/eNBWUhRzG0,0
"しんたろー！
#朝顔",1
ドのつく早朝か。,0
"来月の大会日程です。
久しぶりの開催となるのですが
楽しんで頂ければと。😉

遊戯王以外の大会のエントリーを忘れていたのでごめんなさい。😱
5月以降になっちやうかな。😫

遊戯王ユーザーの皆様お待ちしております。😄

#古本市場 #竹の塚 #足立区 #八潮  #遊戯王 https://t.co/CQoUv8SURH",1
"ちょこっと変えました
こっちの肩書きの方が私っぽくて好きです #深夜の女王 https://t.co/mX024CfxdY",0
"ヒートシールド出てから
結局１回もランクマ出来んかったなぁ(°▽°)
CRカップ前日になくなるとはw https://t.co/NQY3yTHwTE",0
歌いたみが激しい。,1
えっちな百合漫画漁りたい,0
"最近スーパーで見なくなった👀

もう買えないのかなぁ🪐

#スペースアポロ https://t.co/qcV95ZR1I8",0
初めてちゃんと作ったオムライスさん 絵はよくわからない(笑) https://t.co/QtZIsf7SKK,0
"グと日常垢、PCゲーム垢と分けようかな
TL訳分からんくなってきた",0
"げんしん
3/18 https://t.co/iS5Mde4YXB",1
飼っていたカブトムシのメスがきょう死にました。横で寄り添っていたオスの姿に感激しました。やっぱり虫にも感情はあるのだと思います。元気だったのに別れが急にきたのでさびしいです。オスの方は長生きして欲しいです。,1
"#俺マン2020 第44位（21票）
『夢の端々』須藤佑実
『怪異と乙女と神隠し』ぬじま
『かげきしょうじょ!!』斉木久美子
『満州アヘンスクワッド』門馬司／鹿子
『竜女戦記』都留泰作",1
"マダミス「腐女子山荘殺人事件」GMやらせていただきました🙌
プレイヤーさんたちがあまりもリアルな興奮っぷりで爆笑しましたw 密談が最高に面白いのでこのシナリオのGMは本当に特等席ですね！笑いすぎて腹筋がやられましたが！
楽しんでいただけて良かった～！ありがとうございました！",1
この初球ストライクはでかい,0
【LINE】旦那を奪って私を母子家庭にした浮気女「ごめんね～ｗ貧乏生活楽しんでｗ」⇒勝ち誇るクズ女に“ある事実”を伝えてやった結果www【スカッ... https://t.co/PfJekT4XGl @YouTubeより,1
"というかSP振り直しでクラスカウンターに長時間居座るからあまり人の来ない所でやりたい…プレミアム専用ブロックなら人少なそう？
Vita対応してた頃は共用ブロックでちんたらやってた",0
【初見さん歓迎】なもなきはいしん【雑談】 #Mildom https://t.co/YsuKz44LVq,1
"「朝日を浴びれば、うつ病が治るよ！」などという妄想はいい加減にしろ
https://t.co/Y6ZvoP7E5z

確かに、太陽の光を浴びれば、セロトニンは増えます。

でも、うつ病患者には「起き上がる気力」など無いのです。

朝日を浴びろ、なんて無茶な要求であり、非現実的です。",1
"完全に昨日メンクリ行くの忘れてた。今、薬が足りなくなって気づいた。

でも気づかないくらい呑気に生きていて、体調も低空飛行でも安定しているのかなって思う。

#うつ病
#ASD
#hps
#毒親
#アダルトチルドレン",1
22日休みじゃないけど、職場近くにあるからオープンから行ってから働こう✨,0
"&lt;原画展示&gt;
#新谷かおる #石川サブロウ #岡崎つぐお #金井たつお #小谷憲一 #高橋よしひろ #なかいま強 #平松伸二 #星野之宣 #本庄敬 #村上もとか #竜崎遼児 #立野真琴 #のむらしんぼ
&lt;複製画展示&gt;
#大島やすいち #ちばてつや #文月今日子 #三浦みつる
※敬称略・順不同

ぽけまん公式：@pokeman_manga",1
長距離育成するときはマエストロ+食いしん坊でスタミナAかB+まで上げると対人戦勝ちやすくなるのか,1
"アイドルたちと開拓した島が完成しました！
島の名前は「食いしん坊の為のうずまき留年回避動物系状況開始島」です！
https://t.co/2Mq44SdKpj #SideM #エムマス #エイプリルフール2021 #理由あって無人島開拓 https://t.co/UNMhYCaAnZ",1
"さてさて、オリンピックはどうなるので
しょうかねぇ⁇

↓ＪＲ千駄ヶ谷駅の工事風景貯金
@kabo4 #note https://t.co/8Ir7nhDNOE",1
"こんなん見つけたらめっちゃ怖いやん
((((；ﾟДﾟ)))))))

バスルームの鏡の裏に謎の穴を発見。謎の部屋とつながっていた！ホラー映画のような展開がTikTokで話題に｜FINDERS https://t.co/z1KUAQaqXY",0
やっぱり、人の信頼って何よりも大事やと思う、どんな理由があっても、その信頼切る事はどういうことか考え直さないとな,0
"私は文句言うよ笑

オルンガじゃないやろって。",0
"禁煙続行中だけど
ほんのたまにくる
吸いたいって言う気持ち
無くならんのかな",0
"これ。

辛かったら休むのもバックレるのも大事。

辛さに気付けない場合もあるので、その辺は身体を一番に。

なんで？とか問い詰められた場合は、ソイツはクソ上司です。",0
"みんなからの匿名質問を募集中！

こんな質問に答えてるよ
● ももちー！げんきですかーーー！…
● いっそころしてください…
● GAMERSなくなっちゃったの…
● ももちあすきー！…
#質問箱 #匿名質問募集中

https://t.co/9PUU7fJoLy",1
クレヨンしんちゃんのゲーム買お #NintendoDirectJP,1
"５弾９７で無課金突入www
ドリセレ来るのどうしょうかな〜😁 https://t.co/SQ3EHWARCY",1
"昨日のバースデーイベントでふなちゃんの幼馴染 #ペアンヌちゃん
に初めて会えました
最近覚えた日本語
スットコドッコイ(≧∇≦)
面白かったので動画でご挨拶 
おそうございます
今日と土曜の休みが入れ替わり
ちょっと残念だけど
昨日楽しんできてねと1時間早くあがられせくれた事に感謝
楽しかった https://t.co/snnlGdotjv",1
私が両隣と2つずつ席を開けたがために、みんな座れない状況を生んでしまった。あ、隣誰か来た。こんちゃっす,0
"あーーーーー

国産ジェット旅客機開発、凍結へ　三菱重工業のスペースジェット | 2020/10/22 - 共同通信 https://t.co/Ivzq2Z7ofk",0
"今日は日中の気温が氷点下じゃない。
なんか嬉しい♪",0
"みんなからの匿名質問を募集中！

こんな質問に答えてるよ
● 大学一緒かもしれません…！…
● おいもちゃんの妖夢コス静かに楽…
● 一人暮らしで飼う猫は、どんな猫…
● ウマ娘にはまったふりしてコスプ…
#質問箱 #匿名質問募集中

https://t.co/UsqowJW4ZA",0
"Model:服部まゆ(@hattori_mosaic )

～ ノスタルジック ～

#服部まゆ #はっとりちゃん #あけおめ撮影会 https://t.co/KB7Ed3QJTO",0
けつをなめる写真です https://t.co/9H5mQZjDSY,1
"多分原因は昼飯抜いたのと
睡眠不足だな…😭
最近結局夜遅くなってたしな…

気持ちブルーだけど
今日は友達の家で飲みだから
切り替えて楽しんできます😂
明日の早起きも免除😂

100日もやってたら
こういう日もあるよね😤

気持ち切り替えて
筋トレとランニングしてくる！

今日も楽しみましょ！😆💪",1
"ロックハート城にきたよ〜♪

#そーちゃんといっしょ💜 https://t.co/pm7JMXCG0j",0
"つかの間の休息✨

とは言っても公園のベンチで日向ぼっこw
こんな時、9歳長女が3歳次男の面倒見てくれるのが死ぬほど助かる😭
やっぱり女の子は違うんですなぁ🤔
感心します😄

さて長男は、、、
…やっぱり1人でアホみたいに全力疾走しとる😓
まぁ、元気でよろしい🤘 https://t.co/DYLMqGqUNN",0
"しごおわ
おつかれさまでした(^^)
疲れすぎてるのか？今日はあまりお腹すいてませんがやはり20時閉店はメンタルが切なく、さびしいです😞💦さて帰宅目指します",1
"今回どうしよぉ💦
オンラインだからな…買うんだけども今後のためにお金を貯めておいた方が良い予感もする笑
みんなどうなのかな…(；ω；)",0
心が揺さぶられるということは、それを引き起こす原因となる、何かの問題が心のなかにあるからこそ、人はうつ病になり始めます。,1
そして消えちゃったのね、、素敵なMMDありがとうございました、、,0
"天使にラブソングを
ジュマンジ
クレヨンしんちゃんのヘンダーランドのやつ
 #何度も見たい映画3選

見たいっていうか小さいときから繰り返し見てた。ビデオまだどっかにあるかしら。",1
"今日も朝拝島行ったけど、
朝から奥多摩行き走ってるんだ。 https://t.co/1mODtJInp1",0
"爽やかすぎる『ハルノヒ』カバー🎤
あいみょんさんの描いた優しい歌詞が沁みますねー🌸

新年度、がんばりましょー💪

#ハルノヒ
#あいみょん
#クレヨンしんちゃん
#歌ってみた
#新年度

https://t.co/17iQK11f69 https://t.co/6tkNDlq2iG",1
*Tokyo Tourism Information*　jp 紙が更新されました ! https://t.co/9RtVVlEEhs おかげで @tsukushi1877 @RetroKissaTokyo @ikegaminirenoki #save蓮月,0
"見覚えのあるぬいぐるみ
#キラメイジャー 
#nitiasa",0
ストレイのカッコよさは俺の中の中学二年生に刺さり過ぎてだめ。惚れる。 #シャニ2nd_day1,0
吹き降り激しく早々に帰宅,0
Scarlet (Prod. r0y) - 式部めぐり https://t.co/M2K8kDZZ8u @YouTubeより,0
山芋するのがめんどくさかったしん！ https://t.co/DjUg7ml3Wv,1
"いよいよ今日が来てしまった‼️
ツアー初日参戦してきます‼️
今日から12月6日の武道館まで無事に公演出来ますように🙏🏻
緊張のあまり夜中に何度も目が覚めて眠れなかった😂
TL見てると優しいお言葉だらけのKing Gnuファンの方々🥺楽しんでくるね😇",1
"あ B037AB27 :参戦ID
参加者募集！
Lv200 ワムデュス
https://t.co/kLMB4CfGQo",0
楽しんでまふ https://t.co/cPRyQxV23w,1
あざまるー,0
ふわっちから配信しているよ！ 「ちょっとだけ頑張る」 https://t.co/yFVQQ5WlbR #ふわっち,0
かいしんのいちげき,1
本日13時〆切！＼ #もっとホットなクリスマス ／　お昼は #のり弁当 (ここに食べたい気持ちを書いてね)　↵ @hottomotto_com をフォロー＆指定ハッシュタグ投稿で豪華景品が当たる✨ #クリスマスボックス 実施中!!,0
"本日、vegpherの「minutus」が発売になりました！

HACOさん、Pianaさん、Jessicaさんといった女性アーティストが本作に参加している中、moskitooも3曲でコラボレーションしています。
すみずみまで磨き上げられた一瞬一瞬の音、ぜひ高音質で楽しんでほしい作品です。 https://t.co/IhNR89H0Xj",1
"今朝、NHKの『 #おはよう日本 』にて、長時間労働等で会社に行けなくなり、うつ病となった青年を立ち直らせたゲームとして、『 #斑鳩  #IKARUGA 』が取り上げられました。他の報道番組とは視点が違う、一風変わったリポートでした。
https://t.co/fytw24RVYF https://t.co/SOAhlBX2w9",1
"寒い日はあつあつのクリームリゾットで体も心もほかほか☆

ローズマリーが香る豆乳ベースの南瓜のクリームに味噌を加えるのがポイント！

味に深みやコクが出ますよ☆

https://t.co/pOMN8Yq3Avかぼちゃの味噌クリームリゾット/

#ハッピーナチュラル　＃かぼちゃ　＃リゾット https://t.co/cHCFl9ax6v",0
"暑さを凌ぐタメに廊下の板の間に寝転がる大吉 https://t.co/4FTRE7K4Z9 
@YouTubeより

#キジトラ #猫のいる幸せ #保護猫
#ねこのいる生活 #猫のいる暮らし
#帝国大喜利団",0
朝活(^_^;) https://t.co/aKmsXAsZV5,0
かなしみ……々 https://t.co/DPJZz0Qo8I,1
"情けない声を出して発射😳

RTありがとうございます！！

作品名はFANZA動画さんの『美人家庭教師カレン先生の接●レクチャー個人レッスン 楓カレン』※一部伏字

楽しんでくださいね😊

エ〇いと思ったらRTもよろしく～🙇 https://t.co/NSmABO9mjo",1
"テーマ【師弟】
アクション画面にポーズを教えてもらうしんちゃん！
#おもちゃ撮影会 #オモ写　#クレヨンしんちゃん https://t.co/ySCyUPKQG1",1
ワンダヴィジョンたまらんあと1話でどうなるの,0
"初日に29階まで頑張ったどッ🥺
疲れたからたこ焼き食べたい🤤 https://t.co/k6CPaW0x5s",0
うつ病は心の弱さではなく遺伝子が原因という学説もあるが、研究進んで欲しい。うつ病に関して、1つでも多くの事が解明されることを願う。,1
もりしんさんも集金に使ってたよね #camphor_day,1
"ツイキャス｢もっと！新月灯花！！｣ご視聴ありがとうございました💋❣️
中野の公開処刑回でしたね👍‼️楽しんでいただけたでしょうか😂
次回は26日(火)21時～です🐳✨
見てね～👀💖 https://t.co/pFYt8q9uNm",1
"どうしたもんかねぇ…

これからは二人で楽しんでほしい。
夢だって叶えてほしい。
私はそんな二人を見ているだけで満足です。
アクションにはならないだろうけど、これじゃダメ…ですかね。",1
"今日は茶道に勤しんでおります。
マフィン君は「茶道よりおはぎ」🤣
食いしん坊なプリン君はちゃんと正座し作法にならって抹茶をしずしずと。 https://t.co/P7QBEwjZ1V",1
"【定期】【時空の狭間】
2021年3月31日(水曜)23時04分11秒。
#TalesWeaver #TW #時空の狭間_tw
https://t.co/PRwGKERqxl",0
ミナサン  オサヨウゴザイマス,0
ん？サイドバック松原なのか,0
ヒカキン雑談フォートナイト #Mildom https://t.co/PsFGaFbgYL,0
"2020年もあと少し。
色々な方に今年もお世話になりました。

来年は更に色々な方と関わり、楽しんでいけたらと思っています。
これからも皆さん宜しくお願い致します。",1
セトリプレイリスト作ったから哀しいかな無限リピート中。今日いく人、台風警戒しつつ楽しんでー！わしゃまもなく帰る！ https://t.co/VxJJxR74Et,1
はー！もう限界！仕事やめたいです！止められて辞めさせてくれない！どーしたらいいですか？#うつ病 #仕事 #退職,1
"出来上がった~\(//∇//)\

#べっぴん玄米団子　プレート

お団子だけど、
お団子とは違う食べ方で、
楽しんでもらえたら嬉しいです😊♡♡

どやぁ😤♡ふふふ

#無農薬無肥料
#グルテンフリー 
#玄米食
#美容と健康 https://t.co/vdBkE5A2jN",1
まだおわっちゃいねぇ！！俺はまだ戦える！来い纏！！,0
池尻大橋に親戚が住んでいて、小さい頃は横浜高架ホームから東横線に乗って終点渋谷(こちらもまだ高架)から地下の「しんたま線」に乗り換えてました。その頃既に8500系は爆音でしたねw https://t.co/1YlCkMc5JP,1
これから最先端になるのはゲノム。 産業革命→流通革命→IT革命→ゲノム革命と未来は移り変わる。 ホリエモンもyoutubeで若返り遺伝子の話は沢山してるよね。4月に世の中の流れが変わる。今後その需要が一気に高まります。最先端の情報を得たい方、連絡ください。＋aで収入を作るチ,0
"✅ #シングルゲリラ 
✅ #15時
✅ #2月7日
✅ 💰5000【payﾏﾈﾗ】

🗝️JUST⇒ @OSAWA0709
3 https://t.co/uNxqJVdX7B",0
"ChocoProLIVE! #100 [Day 2] Baliyan Akki VS Minoru Fujita (Super Asia Cha... https://t.co/gb8hsg7mHW @YouTubeより 
第3試合
食いしん坊仮面
がばいじいちゃん
vs
ルルペンシル
エミペンシル
0：44～ぐらいからの試合は秀逸
そしてローキックの下りは最高（笑）",1
"名古屋のららぽに行ったら、いろんな地域の特産物が売ってるお店があって、そこにしんじょう君が前にYouTubeで紹介してたシューラスクあった！
あと、サラダチキンならぬサラダかつおってやつも売ってて、高知おもしろいなぁって思った！😆 https://t.co/QPI0KVmCiO",1
"パソナの淡路島本社機能移転の報道に際して、御食国(みけつくに＝淡路島)がシン＝ゴジラ(ニジゲンノモリ＝パソナ運営のアトラクション)に汚されていくという感覚を、わたしは持っております。
＃コロナ論",1
"討ちたくないと言いながら何だお前は！素晴らしい闘気だ…！シン！お前がニコルを！ニコルをころしたァ！！ﾄｩ！しぬ…！！しんでしまうぞシン！！シン！鬼になれ！！鬼になると言え！！！
#shindanmaker
https://t.co/Vaw4g5lgOz",1
普段の生活で変わったことと言えば、スーパーで金額を見ないで買うようになったことくらいです。,0
巡り巡ってここまで辿り着いたということはやはりコレをやらなければならないということなのだと覚悟せねばならない自分が楽しんで幸せな穏やかな心を持っていれば光の玉が道を示してくれるのだろう声を聞かせてくれるのだろうそして導かれていくのであろうと委ねます。,1
"始まりました！
今日は急遽FF9をすることになりました
良かったら見てね🌸

URLはリプ欄にあります！

#Vtuber
#新人Vtuber
#バーチャルYoutuber
#FF9 https://t.co/H4MsHhHKCm",0
"車買ったら、バリバリいじってご当地ナンバー図柄入りにしますw

わかりやすくなると思いますよw https://t.co/N7ddTaShO9",0
"こんばんは！

連休初日はどのようにお過ごしでしたでしょうか？

今日は海の日でした

海といえば海開きが思いつくのですが、今年はコロナの影響で中止になってしまったところも多いようですね…

連休に外出の予定がある方もいらっしゃるとは思いますが、感染対策はしっかりして楽しんでください！",1
"ワンマン
大切な週末、ご都合つきましたら、来場、配信で楽しんで欲しい。両日記念チケカード付

3月28日(日) 渋谷gee-ge.
来場ご予約→https://t.co/0jI6cmoHT2
配信チケ→ https://t.co/ExatueXCoZ

4月4日(日) 渋谷gee-ge.
来場予約→ https://t.co/EveRc1FGOg
配信チケ→ https://t.co/ADdNtG9wqJ https://t.co/7WcS0PMZDs",1
"ライスちゃんを幸せにできず早一週間…
https://t.co/RpirtJHL0I",0
"あのー衛門の人
僕の名前で2ch書き込むのやめて………",0
少しだけ（お昼ご飯をつくる） https://t.co/wxxvLFBB57,0
ドライヤー嫌いなのに大人しく乾かすの図 https://t.co/jncXWKHOTc,0
"お久しぶりのサプライズ🎉🎊 #HIRUWAKU、楽しんでいただけたでしょうか？？
約150日ぶりの放送で、担当もいつもより緊張していました(笑)

来週から通常登校となりますが、お昼の放送も通常通り金曜日の午後1時から放送します！お楽しみに👍✨

#放送部 #前橋東 #高校生 #校内放送 https://t.co/pTdDTFzdum",1
ファミマのクリスピーチキン、ハバネロホットを食べた感想。率直に言えば美味しかったです。辛さは辛党を標的としているなら足りないのではと感じました。多くの人に楽しんでもらう分には美味しい辛さかも知れませんが…もう一押し…。と、何だかんだ言って美味しかったです。(謎の上から),1
偏頭痛しんで,1
えぇ、めちゃくちゃ寒いやないですか,0
"若いうちは良いけど、買うにしても長い目を見て考えないとだね。

ヒロシに続け、キャンプのため山購入　コロナ禍が後押し：朝日新聞デジタル https://t.co/NGHTMtbFfi",0
穴場！！！！！！！ https://t.co/M7xpINxvbE,0
リアドにキングダムに色々と衝撃だけどアナ雪2面白かったです、前作より好きかもしれぬ,0
特命調査（遺言）,0
しんさばかわいすぎるな、わしが男だったら結婚したい…完,1
うつ病に関するオススメサイトまとめ - NAVER まとめ  →https://t.co/NYiBVaEOVh,1
私にお祝いでしょうか https://t.co/N61Bfq4Tnh,1
高梨ほんまよううつ,1
しんちゃんがサザエさん歌うって斬新すぎる笑,1
"みんなからの匿名質問を募集中！

こんな質問に答えてるよ
● 今まで誰にも言ってない秘密を教…
● 撮りたいジャンルってありますか…
● キリンさんが好きです。でも、ゾ…
● うつ病はどの様な人がなる病気だ…
#質問箱 #匿名質問募集中

https://t.co/QCBhIz90fH",1
二日酔い過ぎて具合悪い(´ω｀),0
流石に暖房つけずにタオルケットはもうそろそろキツくなってきた,0
"今日も皆さんお疲れ様でした。

おやすみなさい😴

#うつ病",1
"最近うつ病の友達見てて自分もうつ病なんじゃないかってくらなんか心がまいってる。
でも自分でうつ病なんじゃないかって思えるってことはそーじゃないってことやんな。w
負けずに頑張ろ。試練を乗り越えろ。",1
あ〜！また次の限定ラが出てるぅ〜美味しそう🤦‍♀️×∞,0
ジート殿が囚われの剣士(プリンセス)やっておられるぞ！本物のリヴェンジさんが駆けつける展開最高ですね…,1
"聖剣3
6章終盤です。
とりあえずのラスト行く前にいろいろ稼ごうかなと思ってます。
クリアレベルってどれくらいなんだろ？お金稼ぎ頑張ってるからもう70過ぎてるんだよね…",0
人生初の『出演』映画です。ご覧ください。 https://t.co/36158noydl,0
シグルリはアズズとOP見るために見てるようなもの,0
"ＰＪ給食を食べた事がない…
オカンの手作り弁当か､崎陽軒のシュウマイ弁当(笑)

最近ＮＰＯカフェが流行っている…
そんなカフェのパンは､マーガリン･ショートニングがタップリ🤯
そして､唐揚げ･ハンバーグは､衣やツナギばかりで､本当に不味い🤮

相当アクドイ… https://t.co/t8XlH30Xzt",0
"今日の金曜ロードショーは見ましょう。
是非見ましょう。
見てください、お願いします。
出来る限りでもいいので見てください。
出来る限り見てください、お願いします。
#金曜ロードショー
#聲の形
#京アニ
#京都アニメーション",1
"大会でチーミングはやばいだろ。

あぁー、文集書かないといけないしなんか先生への手紙書かなあかんし卒業式の練習とか高校に書類を取りに行ったりだとか……大変だぁ
| ε:)",0
"3月21日はトラベリーハーツ チャイナ企画です(^^)
私服 水着 ランジェリー どの衣装がチャイナ仕様になるかは各モデル次第！！
豪華スタジオでのチャイナドレスは必見です
予定を空けてお待ちくださいね(^_^)

※チャイナドレスを着用しないモデルもおりますご了承ください(≧∇≦*)",0
大丈夫だと思うけど、今後とーけつされると困るので、生存確認にらくがきを置いていきます。写真から雑に切り出したら線ガッタガタなので気が向いたらスキャンし直すかも。 https://t.co/8Ppd2SupQ6,1
"明日のアマガ撮影会も欠席です。すみませんがよろしくお願いします。

是非アマガメンバーのきゃわ写真たくさん撮って楽しんできてください^ - ^

https://t.co/ozpWOVvMbR",1
相馬スタメンでお願いします。,0
"【大号泣】パパがうつ病⁉️仕事は❓💦 夫婦で振り返ってみた‼️ https://t.co/Jlno5C3HE2 @YouTubeより
NHKで見ました！コロナ のせいで😂😂",1
うつ病克服法がわずか２万円で学べるんですが～～　https://t.co/OjAtzycbNi,1
"Happy Birthday Jun.K❤️

健康で幸せに満ちた一年でありますように。

#달토끼_민준_지구로내려온날
#LoveOnJun_KDay",0
"らぁ麺 レモン&amp;フロマージュ GINZA マロニエゲート銀座店
〒104-0061 Tokyo, Chuo City, Ginza, 3 Chome−2−1 マロニエゲート B2
03-6263-2107
https://t.co/46fRScsF4Q",0
"個人的に描きたいやつ。

みかつる(みか)
つるさに
五悠
五主
🐲監

ネタは浮かぶのに絵に描けないかなしみ。",1
もし、日本人を嫌う組織やある民族が日本を滅ぼしたとしょう。それでは、その後のその組織やある民族はまた別の国をターゲットにするのか⁉️それとも他の組織や他の民族から狙われて逆に滅ぼされるのか❓🤔永遠に♾続きそうだな。😅 https://t.co/7gEpeIDYNN,1
揺れてるぅううつ,1
"🏡3538
🗝0623
クイン",0
"いつもありがとうございます、たこちゅうです
４月です！さ～て、今月のたこ焼きは・・・
『ワタル君１号』たこ焼き！！！
・・・たこちゅうさん、とうとうこわれた？
今月のたこ焼きの名前はこんな意味・・・
https://t.co/oTMYHbFwRX https://t.co/7IAvj3dTCB",1
"しんよこはま地域活動ホーム、11/2（土）に恒例の「秋まつり」 https://t.co/L3RJJ5IfLy

当日は、水耕栽培ブースで実証栽培の紹介してます‼️
お時間がある方はぜひお立ち寄り下さい🤗

しんよこ新聞にも「秋まつり」の記事が掲載されております。",1
友達が沢山グッズくれた＼(^o^)／ https://t.co/zE21y1RWYK,0
このツイート見たクレヨンしんちゃん制作委員会からオファー来ないかな？,1
"ソロモン諸島検定２級（受験料500円、旧４級程度難易度）は外務省ソロモン諸島基礎データ程度の知識で合格できます💯是非、挑戦してみてください🇯🇵🇸🇧

https://t.co/Y4G64Bfv87 https://t.co/7g1XV3rwe4",0
"今日黄砂と花粉のダブルパンチらしいけど日南ちゃん大丈夫かな
部屋に居ても目が痒いんだが😇",0
5年目を迎えるmisdo meets 祇園辻利。今年は抹茶を華やかな桜の彩りで表現しました。和菓子のように美しい第一弾「#咲く抹茶」をどうぞお楽しみに。#ミスタードーナツ #ミスド #misdo_meets #祇園辻利,0
"やっばりホームはいいねー😊
声は出せないけど楽しんで応援しよー📣
#富山グラウジーズ https://t.co/CtPykIhcRS",1
良いお年を,0
しんｗとうごさんｗｗｗ https://t.co/0zeJbcIRZu,1
次男しんでないか!!??,1
"今日もありがとう。

今日は沢山告白しました。

死ぬほど恥ずかしかったです。もうやりたくありません。🤣

そして、勝たんしかさん！！！ランウェイ2つもありがとう😭

勝たんしかさんしんか勝たん！！🔥

キリ番も本当にありがとう💕💕💕 https://t.co/SiS2XXhuFX",1
"なぜかお便りフォームから画像アップロードできなかったのでここにアップします🌸
私も何か始めようと思い、羊毛フェルトを始めました🤗犬（左）カワウソ（右）をイメージして作りました☺️初めて作りましたが、すごく楽しかったです😆次は何を作ろうかな🤔✨ #ゼロ職 #ゼロ職挑戦し隊 https://t.co/RSeDAMVXgI",0
今日10:00〜10:30と12:00〜12:30に御殿場海岸で踊ります！ビーチバレーも盛り上がるけど私たちのダンスも見て楽しんでもらいたいです！今日暇してる方は是非お越し下さい！,1
"めちゃ分かるなー。

それにしても、もえこさん分かりやすい顔するなー笑 https://t.co/FVlwyjPDWH",0
"いわち💖が名付けてくれた記念日という事で やっとプロフィール設定しました😅

最初キラキラ✨王子様がデビューしたなぁ…位だったのに🥺
偶然見たTVでの『Naughty Girl』
『キラキラ✨王子が 色っぽい男に😳‼️』のギャップにやられ💦
『まいジャニ』見て しょうれん❤️🖤の虜に🤣 

６人 大好きです💕",1
ガルガンチュアのブルーベリーパイとアップルパイ🥧ブルベリパイとてもうまぁ🥺あっぷるぺもお昼に食べよ〜🍎 https://t.co/0S0d6Khz1u,0
"🌟ペアスト第4戦🌟
とにかく楽しんできます(｡-∀︎-) ﾆﾋ♪︎

お時間のある方は応援して
頂けると嬉しいです(*´∀︎`)σ)д`*) https://t.co/DMXju9xssC https://t.co/aP0LQwrWjC",1
おはようございます( *・ω・)ノ,0
"今日は我らのヒーロー
鈴木圭介さんのお誕生日！
おめでとうございます👏🏻💕
お身体に気を付けつつも
一生ロックを聴かせて下さい🥰

#フラワーカンパニーズ
#鈴木圭介誕生日 https://t.co/XVuutE7ugM",1
ヴンダーが親指を立てて東京タワーに突っ込んでいく姿見てきた,0
"りらくしん 豪徳寺
味噌ラーメン テイクアウト( 'ω')ŧ‹""ŧ‹"" https://t.co/h5sx1GoBF8",1
"【新着・今日のシゴトゴト】

今回のゲスト相談員は大西裕太さん。キャリアカウンセリングの道へ進んだ大西さんに、やりたい仕事に出会うまでを聞きました🌱

「うつ」を乗り越え、やりたい仕事に出会うまで【おとなの新路相談室・相談員紹介vol.10】 - シゴトゴト｜仕事旅行 
https://t.co/irkVTZg7Nl",1
数十年ぶりに全日本ラリーに本格参戦しますが、昔よりもスピードが高いのでクラッシュするとダメージが大きいですね。安全対策はマシンとドライバーだけでなく、主催者側にも最大限の配慮が必要だと思います。,0
"みんなからの匿名質問を募集中！

しんしんさんはまだ答えた質問がありません！
しんしんさんの記念すべき最初の回答はあなたの質問かも！？
#質問箱 #匿名質問募集中

https://t.co/lBsfgSK20c",1
"ピールさんの2020年は・・・
「あ」アホで
「い」異様で
「う」うつ病になって
「え」Hで
「お」お正月を楽しみにしていた1年でした！
#2020年のあなたをあいうえお作文でまとめる #shindanmaker
https://t.co/Mr2cIb2Dhx",1
"#しんげつのシェゾ☆7になりました！
#ぷよクエ　#黄属性 https://t.co/sferEvgVSd",1
"続き。広島で大好きな場所AM。話をしたらいいよー！と言ってくださったのっちさん、ありがとうこざいます◎
よっくんさんにも、歩ちゃんにもヒロキさんにも、今回初だった後藤さんにも谷口さんにも必ずこの先会いたい。行ける方は私の分まで生で楽しんできてくださいー！15席！私は配信見る！見て！",1
"暮らしてるなかの、他愛のない感想？を言いたいな。聞いてほしいな。笑ってほしい。　
それがすべて慰めと勇気のようなものになったんだ。
一人で呟いても消化不良。
…すごくさびしい。",1
"学校終わったー！
帰り道にカラスめっちゃいてうるさかった(´Д` )",0
この世界に学校ができた･･･赤石で遊ぼうのひとつこの機会にどんどん触れて楽しんで欲しいなぁ～因みにワシも回路を数個二階に作ってみたよ、でも恥ずかしながら名前は全く解らんカチカチ回路、ちょっとだけよ回路(-.-)ふーー #麦飯レルムズ https://t.co/Cthm3FTXGN,1
20歳になりました 色々うまくやります❕,0
来週からマイクラ復帰するゾー,0
"撮影用のちっちゃいドローン飛んでるな
この狭いとこでそこまでコントロールできるんかー

#Bz",0
"#AniPAFE2020　結果発表生放送（録画・コメント付き）
全部で５本、８時間ほどありますが、楽しんで頂けたら幸いです！
https://t.co/k50ghknCT5 https://t.co/KixcFnqQ2n",1
【もうすぐ #モンスト は7周年！】無料で引ける「プレイバックガチャ」を引き直せるアイテムが最大5個ゲットできるミッションが開催中だよ！10連ガチャが5回も引き直せるのは今だけ！モンストをプレイして、ガチャが始まる9/18までにアイテムを集めよう！https://t.co/ku7kR9o3uE,0
"AIにじっしゅべんきょうさせるほうほう、かんぜんにりかいわできなかったんですが、多分これわやりながらひつよなぶぶんだけをしらべてまなぶほうしんがいいタイプなものなきがしました。

れいがぜんぶcase by caseだからな",1
"絶夢30秒切りのまったり旅続( ꒪⌓꒪)
7は調子狂うというか苦戦したからゆるさん( _`ω´)_ﾊﾞｧﾝ
残りは3=͟͟͞͞(๑º ﾛ º๑)やり直しが面倒だからミッションくるまで旅はおやすみ😴
次は期間までに8覇竜やりたい☺️ https://t.co/n3pOF3uBFu",0
って事は次回も呼んで貰えますよね？,0
"あけましておめでとうございます！
今年も皆さんが楽しんでもらえるようなゲームをリリースすることを目指して頑張ります。
どうぞよろしくお願いします！

#あけおめ https://t.co/KxSVUZ4nt6",1
"つつつつついにやりましたぞ｡ﾟ(ﾟ´Д｀ﾟ)ﾟ｡
村正スキルマ！
#FGO https://t.co/7FE9ftjbXV",0
"おはようございます。・・
今日は【精霊の日】だそうです。
万葉集を代表する歌人の柿本人麻呂、女流歌人の和泉式部と小野小町、この3人の命日が、3月18日であると伝えられていることから記念日となっています。 精霊は「しょうりょう」と読み、死者の霊魂をさしています。
（そうなんですね）",1
みちのくモータースの生放送、疲れて爆睡しちゃって見れなかったわ。そういえば。,0
『おはよう配信！！』 - りさぴん🐶🐱👶🏻食いしん坊隊長🍙さんがLIVE配信中だよ！みんなで配信を盛り上げよう！ #ミクチャ https://t.co/1KiiWbPmUB,1
"【定期】信長書店へのアクセス方法は
下記ＵＲＬでチェックできます。
ぜひこちらをご参考ください↓

https://t.co/TXXbopW3v7",0
TLでエヴァの話してる人が軒並み年齢高いし鬼滅の話してなかった層だな,0
"そっか…2️⃣月14️⃣日4️⃣時からだったのか…

武道館参戦前にて見送る…と一大決心したのに…🥺🥺🥺うぅ…

参戦の皆様…楽しんできてくださーい😊 https://t.co/Vt6ewTjS8d",1
"アルファードやば😅
ヤバい車達のけつもちみたい笑笑
こっしーさん動画ありがとうございます🙇‍♂️
#corolla #tc #skyline #alphard https://t.co/6IkoGg1tHg",1
大相撲、青森県中泊町出身力士の阿武咲(おうのしょう)関と宝富士関も同様。2桁の負け数。 @giants_boy ピリッとしませんね。,1
"白砂青松（はくさせいしょう）
■意 味：　白い砂と青い松。海岸の美しい景色の形容。",1
"#るうしい実績 10
舐達磨に入っての
記念すべき10勝目！

全体としては今日は三ドンかつ！

ころしたったねん。 https://t.co/eBc1Gdblyh",1
かわいい幼女になって生命維持に必要なもろもろを供給してくれる触手に埋もれて暮らしたい,0
"こんばんは。体調はいかがでしょうか。

新型コロナウイルスの影響が続いています。

こんな時は、ストレスが日々の生活に影響を与えます。

マインドフルネス を活用しながら

うつ病や不安障害やパニック障害やPTSD 等の

症状の悪化を未然に予防しましょう。

ご心配な方はご相談ください。 https://t.co/XVF66TZQs0",1
"台東区の方からの相談案件で、杉並区久我山へ。無事完了。

住宅地を歩くと、消火器一つとっても色々勉強になります。
台東区の消火器の箱には4カ国後で避難場所が書いてあり、さらに矢印でどこに逃げたらいいのかわかるようになっています。

観光客が来ないエリアだからこその消火器設備でした。 https://t.co/frdWXqSQev",0
新宿ピカデリー、バーフバリ絶叫マサラ、参戦される民の皆様❗️楽しんできて下さい❗️魂飛ばします❗️バーフバリ❗️ジャイホー❗️💪💪💪,1
"いよいよこの作品に終止符をうつ時がきた
シンジ君と同じくらいの年齢だったのに
加持さんより年上になってしまい
今の伊吹マヤと同い年かぁ

色々感慨深いものがある
#シネマ
#映画
#シンエヴァンゲリオン劇場版 #evangelion https://t.co/iJkRSt66oY",1
今年の生の青唐辛子は、辛みが強い。熊本産のはマスクを超えてむせて喉と鼻に到達。結構マイルドなはずの韓国産のも解体中うっかり皮膚について現在ヒリヒリMAX。この夏暑くて辛みが増したのかしら。,0
"おはようございます。体調はいかがですか

最近は寒暖の差が大きい陽気になっています

気温や気圧の変化は、うつ病や不安障害やパニック障害等の症状に、大きな影響をあたえます

新型コロナウィルス肺炎 の影響と共に、焦らずに出来るだけ落ち着いてお過ごし下さい

素敵な日になりますように、 https://t.co/XspOjP6SPJ",1
"塩沢氏のボイスが聞きたくて
クレしんブタのヒヅメを観てたけど
やっぱ名作やなぁ(*‘ω‘ *)
もうほんとクレしん映画の中で最高傑作ですよ。
何回観たかは忘れましたが
毎度毎度ぶりぶりざえもんのぼうけんのとこで
泣いてしまう(ノД`)・゜・。
あとシャズナの主題歌も良いんだよなぁ
＃クレしん",1
これ本人が良いなら別にいいけどこんなもん無理に続けたらうつになりそうで怖い https://t.co/4evArQqGOZ,1
"札幌ワンマン行きたい、、、😭
とりあえずこれからカラオケ楽しんでくる〜〜🎤",1
"僕は強制はしない。強制してもやるかやらないかは本人次第。
ですが人生が変わっていく術は惜しみなく伝えます。
また、僕が教える術も全てではないので、どの選択をし、どうするかは貴方次第。",0
【定期】フォローしたらなるべくリプライをくれると助かる。プロフの内容によってはフォローを返すに返せない時があるからな。それとTLをRTなどを大量にしてTLを埋める場合は解除させてもらう。あと俺に絡むつもりがないやつも解除対象だ。気をつけてくれ,0
"釣りしてえってなって
親父の実家に竿とりに行ったら
サビサビだった。かなしい。",0
"昨日の夢はヒカキンさんが出て来て、
なぜかヒカキンさんがもう余命少なくて
一緒に居たんだけどしんでしまう夢で、

今日の夢は友達に私の顔めがけてカエルを
投げられて絶叫しながら起きるって言う夢でした、、、、、、、、、、、、、、、、、、、、、、、、、、、、、、、、、、、、、",1
"#CDTVライブライブ 
＃乃木坂46
＃マザー牧場
＃山下美月
＃僕は僕を好きになる
千葉で出張ライブの乃木坂46 https://t.co/ObEC2TWnQW",0
😢秘密  #雑談  #ミラティブ で #配信 中！  https://t.co/DSAKp8pIvs,0
"おはよー
今日から高3だね
本格的に大学受験に向けて大変な時が来たね
まあ心配はしてないけど 笑
高校生活ラスト、楽しんで欲しいな

頑張れ(ง°̀ﾛ°́)งﾌｧｲﾄｫｫｫｫｫｵｵ！

#ここあ通信",1
"イベントバージョンで、
難しい事はしないですが😆
楽しんでもらえたら嬉しいです^ - ^ https://t.co/6ZDJcDYt5t",1
"みんなからの匿名質問を募集中！

こんな質問に答えてるよ
● パワハラが原因でうつ病になり、…
#質問箱 #匿名質問募集中

https://t.co/vmHkDcAXFc",1
RTのやつ、酷い。上手く言えなくてもどかしいけど、この方の絶え間ない努力が日常を支える中で、色んな嫌なことでもすり減らされて、且つ身近な人が追い詰めてる状況。悔しい。,0
え？クレヨンしんちゃん…！？ https://t.co/fS6Ozcog5B,1
"豊かになればなるほどうつ病が増えるのはなぜか？

うつ病は世界中で増えており命を奪う社会問題です

日本でも10人に1人がうつ病とされ

近代都市に住む人ほどうつ病にかかりやすく、うつ病の原因は解明されていません

社会が豊かになればなるほど、現代人の心のトラブルが増えるのが現状です",1
"今日の行政書士試験合格発表で、いろいろな思い出します。( ˘ω˘ )

私は、リベンジしているので悔しい時もあったし、合格で嬉しい時もあった。一つ一つ大切な想い出になっていて、開業後の今でも、苦労があったからこそやり遂げるぞっていう原動力の一つになってたりします。ヽ(*´∀｀)",0
"まったくもってかみこかわいいな
ぱらっぱっぱっぱー",0
"小田急1000形1096F。
車体腰部にアイボリー地＋ミライトワ・ソメイティを散りばめ、東京オリンピック・パラリンピックのラッピング編成に。

ただ、なんとも中途半端感。
試しに先頭車車体上部もアイボリーに加工。
9000形を彷彿させ、これぞ小田急テイスト。
是非、追加で全車全面施工して欲しい(笑) https://t.co/tCnRUVROI4",0
"2○歳ですね！！！笑

しん本当にありがとう！！！
いつも癖になる笑い声と
毒舌ツッコミが大好きです🙄

来月はしんの生誕ですね楽しみですねやっとですね🐒 https://t.co/nzv1GjDCC1",1
"不安はある
しかし稀に見るアニメ実写化の成功例と言っても良いのではないか
#ゆるキャンΔ
#ゆるキャン ドラマ https://t.co/bpvzL60umt",0
"《創立28周年記念ってご存じ?》
県外からお客様がいらっしゃる岩手県唯一の催し物なのに未だ感染者ゼロはスゴい!お客様との連係勝利ですね!「ノーギャラでも腐らず身体温めて」と大船のTHE英会話サスケＨ校長よりいただいた水たき料亭博多華味鳥水たき食べて頑張るしん。超絶に美味し過ぎて完全脱臼! https://t.co/eis4NxrE5m",1
一発録りしたらしんだけす https://t.co/IDUrVJB6D1,1
"じんちゃんがいた形跡がああああ!!
楽しかった😊
among us! らっしーさんとも再会できて😭
とても嬉しかったです!😊 https://t.co/UaHQ52lLJ9",0
"ニート、非正規、精神疾患
サーバーに入ろう？
https://t.co/iAv2d548b7
↑から入ってきてね。
#精神疾患を持つ方と繋がりたい
#闘病垢さんと繋がりたい
#精神疾患持ちのための自己紹介カード
#闘病垢さんと繋がりたい
#闘病垢自己紹介カード
#うつ病
#発達障害
#双極性障害
#境界性パーソナリティ障害",1
さっきカラオケで酒飲み過ぎで頭がきカラオケで酒飲み過ぎで頭がぐるぐるぅ．．．,0
"ただいま!!!
いっぱい楽しんできました（っ ‘ ᵕ ‘ ｃ）
中学校生活のいい思い出になったのです!!
またまたどっか行って遊びたいな～
とにかく最高だったのです◝(⑅•ᴗ•⑅)◜

#相互フォロー 
#相互希望 
#相互フォロー募集 
#相互100 
#フォロバ100　
#日常垢さんと繋がりたい
#お別れ遠足",1
目の不自由な方が横断歩道の中程で信号が赤になったのに気付かず渡っていたときハッとしていたら脇にいた高校生位の三人組の女子達が助けに行き事なきを得た場面を見たことがあります。いや～世の中捨てた物ではないなと暖かい気持ちになった事を覚えている。 https://t.co/TZkxItJFRs,0
"皆様、キャンペーン参加ありがとうございます！どなたにあたるか私もドキドキ！です！
当社は不動産会社ではありますが、“住”を通じて地域の皆様とのつながりを大切にしたいと考えています。ぜひまた皆様が、楽しんでいただけることができたらと思っております。
＃感謝 https://t.co/hcLX21AQHl",1
てんしんはん！だよ！！,1
長引く痛み専門 ハートカイロ整体院に写真を投稿しましたhttps://t.co/kL22xdCdEW,0
"この2日間、格闘技ファンの間で話題になってるカーフキックについては、↓が分かりやすいかと。

それにしても「てすかわなんしんの部屋」ってネーミング、「しりすえもんじ」みたいだ。

https://t.co/MCOIJ1px2b",1
"#黙食 
そう、これだね。
当然、食べ始めるまでと、食後はすぐにマスク。

公共の乗り物では静かにする。
これも、昔、親から言われてた。",0
"現在おっきいときのすがたを持つすべてのバンドマン+アニメキャラ計140キャラのおまんじゅうを描きました！\(○ω○)/
約2年かかりました、ここまで続けられたのも「かわいい」など暖かい言葉をかけてくださった皆さまのおかけです！
本当にありがとうございました！m(_ _)m https://t.co/qb1A0mrUYZ",0
クソ株もっと買っとけばいい人生だった,0
パンツがけつの方から破れた,1
"クレヨンしんちゃんの新作DVD
ラクガキングダムの映画観たんやけど最高すぎた‼️💖

これは間違いなく しんちゃんの歴代映画ベスト５には入る名作‼️✨
後半はもう、ずっと泣きっぱなしやった。。。😭👍✨ https://t.co/IH89cQ0E05",1
【相羽ういは】配信していると気づいていないガチ酔い生まゆゆ【にじさんじ／黛灰】 https://t.co/nUk2R9Hkza @YouTubeより,0
チャレ迷うなぁぁ😭💦通販ないとか死しかなくない？？😥けど、現地行って買える保証もないし多分留守番すりゅ🥺🥺🥺かなしみ,1
メテオリーテって雌っぽい顔してないとサリアと見分けつかんな,1
息子とホームセンターの駐車場にいる時、この頃、何故そんな変な全身タイツみたいな格好ばかりかを咎められる。恥ずかしくないのかと。最近はフィット感を好む。けつが本当に腹たつらしい。私はハバナよ。と答える。入り込んだ空気を察知した息子が、おい、やめろ！と騒ぐ。https://t.co/WCdKEi4VKd,1
"ああああああぁぁぁ！！！！！！！
あああ…あああ…やばい…やばい…
くっそかっこいい……しんじゃう…
てかカットインかっこよくね…もうむり…
そのドミネーターで私を撃ってください…(^q^) https://t.co/84VGS1QjuL",1
"今日から少しずつまた頑張ろ
時間取れないのがホント辛い",0
"座りたい放題
#恵比寿 #Grillマッシュ #グリルマッシュ  #ハンバーグ #ランチ #カレー https://t.co/JXFvkixNfy",0
僕のバンドメンバーの紹介が全員終わり、今日はVo.あやちゃんが僕の紹介してくれてます、ありがとうございます〜(*^^*)♪ https://t.co/8wtglhS9br,0
陰謀論の年季が違う😁 https://t.co/rWoRmxpL7Q,0
"リア充「俺最近鉄オタだわwww白新線の駅名全部言えるしwww」
関口宏「白新線」
リア充「え？」
関口宏「それでは白新線の駅名、6つお答えください！ 走って！！」
リア充「えっ、あっ、『しんはつた』！？」
＼ﾌﾞｯﾌﾞｰ／
観客「ｸｽｸｽ…」",1
"【拡散希望お願いします】本日で最終回！19〜23時までUNIcl-rオンライン対戦会を開催！無差別4＋初中級1部屋！

キーワード「0212」

まだ遊びに来たことのない方、大歓迎です！最後もみんなで楽しんで終わりにしましょう🕊

YouTube配信中
https://t.co/L3oTB7ciD3

Discord
https://t.co/gnHimkVULD https://t.co/HuQuoFpswU https://t.co/6RKQiN3PLL",1
どんな服装で行こうかな〜,0
"おはようございます🙋

昨夜は美声が届いて幸せな一時が過ごせました

今朝はもう寂しさが込み上げてきてます

来月を励みに乗りきります📻️

それまで元気でいてね❣️

一ヶ月すぐだよね？

#ジェジュン

BREAKING DAWN",0
しんでしまう…………,1
"うちの空気洗浄機は、おならに物凄く厳しい・・・😭

#うつ病
#ASD
#hps
#毒親
#アダルトチルドレン https://t.co/HiLSHejp6a",1
菅さん銘柄！ https://t.co/NXL5aMRKg7,0
今日帰ったらウマインストールしよ,0
いやー、ふとんからでられない,0
"みんなからの匿名質問を募集中！

こんな質問に答えてるよ
● 彼氏さんが地元に戻ったら同棲す…
● 彼氏さんの巨根を初めて見た時の…
● しょうま君とは掘り合いするの？…
● 初めて精通した歳とその時のこと…
#質問箱 #匿名質問募集中

https://t.co/lGGINGBuMq",1
"薬の副作用が酷いと主治医に殺意を覚える。

#うつ病あるある",1
昨日蒼井翔太のうたを練習中声がかれた今日は無理して歌わないようにしょう,1
けつ https://t.co/6Uk2SEPrsB,1
"ちょっと楽しんできました！
#着物 #きものじゃっく #飲めないけど 場所: キリンビアパーク名古屋 https://t.co/tgbYzs6eMn",1
"急遽決まった飲み会🍻
後輩を1人無理矢理呼んでしまった🤦‍♂️
申し訳ない🥰 https://t.co/yojrBQd2HM",0
"自分もそう。
タバコかエッチな夢が最近多い。
色々と吸いたみが強いのか。 https://t.co/KUQlh473WR",1
今制作しているMOD、早く作らないと先を越されてしまう(大汗),0
"ただいまぁ！
今日！雪降ったよ！！
みんなのところは降ったかな？
最近雪降ってて絶好調だわ！！
積もってないけどᐠ( ᐛ )ᐟᐠ( ᐖ )ᐟ

初リプありがと～ヾ(〃^∇^)ﾉ♪
今からお風呂だから帰って来たらするね！
↓( ﾟ∀ ﾟ)ﾊｯ！この姉様好きだわw https://t.co/i5B1qEOXD9",0
"皆さんこんにちは！
プリコネの昨日と今日の無料10連で虹1枚出ました！
モンストの初ゲットガチャも引きました！
今年もあと3日ですね、色々と忙しくなると思いますが楽しんでいきましょう！
#プリコネR
#モンスト https://t.co/pfQRgKe3O0",1
"#クレヨンしんちゃん #野原ひろし 役、#ケロロ軍曹 #スクールランブル などのナレーターを務めた、声優 #藤原啓治 さんが4月12日にガンのため死去。
ショックで言葉になりません…。
心よりご冥福をお祈りします。
https://t.co/MYKEwjoy5z",1
"みんなからの匿名質問を募集中！

こんな質問に答えてるよ
● 今一番欲しいものは何？…
● 子供の頃マネしたな〜ってキャラ…
● 男性も脇毛剃ったほうが清潔感あ…
● “剣（刀）と剣（刀）のバトル”…
#質問箱 #匿名質問募集中

https://t.co/6iEYajDI6c",0
"高校卒業しました㊗️👏

コロナのせいでクラブの卒部式は無くなり、卒業式は短縮になっちゃったけど出来ただけでよかった😍 https://t.co/E6dob3bPIV",0
こわれ　たw,1
しらじらとさびしい https://t.co/aolzsYg1DW,1
「厳重」書けたしょうたくんすごい！！！えらいね！！！,1
"アメブロを投稿しました。
『うつ病と歌』
#アメブロ 
 https://t.co/P2bB4wPbiP",1
皆んな、観てくれたら嬉しいです✨ https://t.co/sLR4hQYi2w,0
"siro050505
RTされた数:0(前日比:0)
受け取ったリプライ数:4(前日比:+3)
いいねされた数:2(前日比:0)
フォローされた数:0(前日比:0)
https://t.co/KI18yCgqcT",0
"楽しんでまーす！
 #Thisis嵐Live",1
ニコラスケイジの嫁輩出してるだけでもう滋賀優勝やん,0
新しいシューズ買ってきた✨ https://t.co/peH88gbMmW,0
"週末くるマーク85のお出迎え準備。

しんぺーさん（@sinpe08302 ）作のネームプレートも飾りました。
ありがとうございます🙇‍♂️

もう少し整えねば💪 https://t.co/BseSAZJZvQ",1
"もしもーし、おはようございます🦋
無理してないですか？
無理して頑張るよりも、自然に頑張れちゃう将来像を明確にして、楽しんで作業できる自分になりましょう🦋
今日も素敵に前進できる1日になりますように🦋
#おは戦30208fg🌙",1
明日はチャレンジしません。早めのクリスマスをするので楽しんできます。,1
"くしゃみでおきるこのかなしみ
ねむむ",1
"メンタルよわよわ侍
寒すぎてうつになる",1
"考察読まなきゃよかった
ゆううつになった",1
"私が思ううつで休職した時の過ごし方。

https://t.co/JWbbCFQmEq",1
"感謝の〆
6分開設でお願いします🙇",0
晩飯 https://t.co/gBGdTmqNIE,0
好き……………,0
"続・しんまに日記 : ダークとMidnight Libraryなど…
https://t.co/mK5UynXwD9",1
"「雪まだかなー」
#チビクネ ちゃん

どうせ寒いなら雪降ってよと思う南国愛南町ですが。
冬になると毎年雪国の方たちがあげてるドカ雪画像を失礼ながらドキドキウキウキしながら見るのです…(*・ω・*) https://t.co/NsaNhF4lLj",0
"とにかく楽しんでもらうなら""1ボタン昇竜""",1
さっきテレビでパンころしてた,1
うお 雷の音？,0
"小麦粉粘土楽しんだday

小麦粉粉サラサラ触って
袋に入れて
塩ひとさじ
油ひとさじ
それから
水をトポトポ入れたら
袋を閉めてモミモミ

そこに食紅赤入れて
バニラエッセンス入れたらば
ふんわり甘〜いかおりの粘土

こねて
ちぎって
丸めて

また、小麦粉つけたり
お水つけたり
たっのしーっ😍な声 https://t.co/TYssdlrlcd",1
"こーゆーのも描けた。
面白いお話あったらご依頼待ってます。ASK→DM
#graffiti #iPad #ibis
#絵 #イラスト #仕事くれ https://t.co/Es9M2ZzGMz",0
ヒプマイライブ盤予約完了〜〜〜〜〜いちくんのブロマイドも楽しみだな👊❤️❤️,0
"聖ヨゼフの階段
支柱がない宙吊りになった木製の螺旋階段で物理学的になぜ壊れないのか未だに解明されていない世界の不思議の一つ
https://t.co/Myg5hbONtp",0
ファンキー加藤はすっかり庶民派　「鬼ころし」で自宅飲み？ https://t.co/y4drdicEBR #スマートニュース,1
2輪の免許欲しいな,0
"フォローくださった皆さんありがとうございます✨💕
不慣れなTwitterですが頑張って100％フォローを目指してます💬🪶❣️
お願いがありますアンケートにお答え頂けるとモット❣️頑張れます宜しくお願いします😆🙏🌿",0
エクター「火災訓練の時にアーサー王に『避難訓練の「お・は・し」って知ってるか？』と聞かれて『お前を はなさない しなせない』って答えたランスロット、今思い出してもイケメンすぎる」,0
"今日友達と遊んでゲーセンいって
しんちゃんのエコバッグお揃いにしてスーパーマンシロのガチャガチャしたんだけど可愛すぎるので北斗くんも是非してほしい← https://t.co/Jtl9zv31gV",1
この見る抗うつだいぶ切らしてるから一挙やってくれ〜,1
楽器げっちゅー！,0
好きな人と通学方面違うって知った時のかなしみを味わった,1
"大浜公園がバチュル⁉️⁉️⁉️
行かなければー😱😱😱

って思ったけど、バトルしない人やったわ🤯 https://t.co/AL7exbrFdq",0
小学校でのドラえもんとクレヨンしんちゃんについてのディベートの結果 - Togetter https://t.co/fpXS0x7Jit @togetter_jpから,1
ボリビア　ウユニ塩湖 https://t.co/JO74Nlo5dL,0
すーあんこさん🙋‍♂️たなしんさん🙋‍♂️フルーツサンド食べたくないですか？奢ります🙋‍♂️ https://t.co/EHJV26naqS,1
結果は陰性でした。しかし入院は余儀なくされ、必要な物などを更に転送された病院に持ってい来ましたが、このご時世なので本人に会うことも出来ません。でも夜には本人から電話があり愚痴が言えるほど元気になってきました。心配なのは父です😓ショック受けすぎて心配してます,0
"「脱うつレシピ」読んだ。自分なりにまとめると、

・スタミナ不足うつ (HP : タンパク質とビタミンB群)
・感情コントロールうつ (MP : 鉄分) 
・回復力うつ (復活タイマー : 亜鉛)
・ストレス耐性うつ (DEF : ビタミンD)

(書籍の中ではもっと正確な表現をしていますが…、😂) https://t.co/BfebRrR5AM",1
"しょっちゅうお世話になる
善知鳥さんについて初めてしった…

為になるなあ(^^)

#コトダマン https://t.co/iOrDJwLya1",0
トイレクリーナーでけつふいてフローラルな香りにするしかねえよなこれ,1
真面目なことも言ってみた😊,0
しんちゃんってそのしんちゃんか（笑） #NintendoDirect,1
わかるわかる,0
今日はラテをお迎えして5周年。もう5歳ですが、まだまだ元気でとにかく食いしん坊なふわふわおばあちゃんです (´∀｀) https://t.co/3cRhKvBRat,1
"(*｣´□`)｣しょうちゃああああぁぁぁぁぁぁぁん！
おはよー！ 今朝声聴けて嬉しかったよー！
しょうちゃんに辞めてほしくないから、🐤組で
何ができるかみんなで考えていきたい！！

#まいにちしょうちゃん
#しょうちゃんとひよこ組
#しょうちゃんspoonやめないで",1
I'm at 名古屋スバル自動車 半田店 in 半田市 https://t.co/g6SuntrIRB,0
"みんなからの匿名質問を募集中！

こんな質問に答えてるよ
● 最近付き合い始めました！
オス…
● とても可愛いです。お付き合いさ…
● 一番好きなアニメはなんでしょう…
● 痩せる気ないの？…
#質問箱 #匿名質問募集中

https://t.co/PE0WfAQGQn",1
パカ匂わせの嵐でニコニコが収まりません ころしにきてますわ…,1
ボイマ組、楽しんでそうだなぁ〜。,1
アサーーーーーーーー！ https://t.co/oEge57gcmO,0
大曲はえええ,0
"在宅勤務のおかげでぷいぷいの最終回全部見られた。
あの時間帯から関西ローカル無くなるのさびしいなぁ...",1
"👘絶夢1 ブラックドラゴン👘

ヒスクリLv90だと勝てなくて
Lv95にしたら勝てました☺

セラのブレイブ要らなかったかも
超絶4使いつづけたほうが
早かったかな

30秒切りどうしょうかな……
無駄が多かったから
頑張ればこのままいけるかな🤔 https://t.co/QoZIh3EpT6",1
"個人的に立憲君主制の利点は3つあると考える。

・有機的共同体継承の強調
・不偏不党の象徴による国家団結の維持
・例外状況の判断者足り得る要素(君主の警告)",0
りのんさん、意外と食いしん坊😅💦 https://t.co/jAK5EfOa5C,1
"先日頂いた差し入れのカヌレ？？が美味しいすぎた…🤤💓💓
なんかグルメな人が来るといつもわくわくする笑笑(食いしん坊)",1
"不動産投資をすることで
サラリーマンの方は
節税ができます！

節税の例
・パソコンを購入
・カフェ
・本
etc",0
なんだろう、二人でモンハン楽しんでもらっていいっすか？ https://t.co/HcM7RBvrvr,1
"今日は久しぶりに嫁さんと少し揉めてしましました。

何かを？浮気を心配させたようです。

しかし最近は揉めてもお互いに時間をおき頭を冷やして仲直り。

#うつ病 #双極性障害　の軽い戦い😊",1
だんぼっちの評判が気になり値段や防音効果、自作方法など調べてみた https://t.co/z0q1pjC7PX,0
"8628F 準急東武動物公園行き

梶が谷通過線でマンダーラになるの承知で帯だけでも陽が当たれば良いかなと思い撮影。 https://t.co/H5uSQOYddv",0
しんだ！ https://t.co/e6BV1KD1PE,1
"仕事に向かう思い気持ちに
梅が優しい https://t.co/1JoBWxKvKY",0
わこむのしんてぃっく16が3月まで在庫切れらしい…,1
気を付けよう。 https://t.co/3UV9sagxVF,0
"宇都宮のギョーザ ノーマルが一番いい❕

#宇都宮ギョーザ TVで紹介された人気の餃子！餃子の街うつのみや宇都宮餃子 中華きりん ＜きりんの餃子 36個＞ 栃木県産品 宇都宮市 FN0AL [楽天] https://t.co/rxraEd2oZ8 #rakuafl https://t.co/71jcpiFnYb",1
"こうして
そばに置いとくだけで、
アラ不思議…

作業中の孤独感が、
ちょっぴり紛れる…

気がします… https://t.co/OUmooBaHBQ",0
着ましょうや🥺 https://t.co/rrTHadVKfV,1
"ニート、非正規、精神疾患
サーバーに入ろう？
https://t.co/iAv2d548b7
↑から入ってきてね。
#精神疾患を持つ方と繋がりたい
#闘病垢さんと繋がりたい
#精神疾患持ちのための自己紹介カード
#闘病垢さんと繋がりたい
#闘病垢自己紹介カード
#うつ病
#発達障害
#双極性障害
#境界性パーソナリティ障害",1
"ヘッダーしょごとの写真に
変えた笑",0
"はい、お待たせしました！

正解は〜〜〜………お茶会に来るみなさんに楽しんでもらう為！でした〜〜〜！
ソーププレイが云々とか考えた皆さんは反省してくださいね☆
私は変態紳士ですから！そんな事の為に魔法開発はしません！！！",1
さよならの持ち方でハミガキ ＃みがきマス ＃クレヨンしんちゃん ＃ハブラシの持ち方 https://t.co/jSiRFW8ED8,1
リラン　わたし　もう　寝るね　…。,0
"まじか...
なんか気持ちが表せないほど悲しい",0
"みんながバカにしているところにこそ
えてしてチャンスはあります😸",0
"#ウマ娘 #ウマ娘プリティダービー 
スペちゃんで優勝しました！
テイオーのスキルよりルドルフのスキル付ければ良かったかな
でも優勝出来ればOK！ https://t.co/lqRCUcxixE",0
【SNS投稿するだけで、広告権利収入を得て自由になる方法】 2019年5月6日（東京都） - こくちーずプロ（告知'sプロ） https://t.co/2iXFXas9WE  #LINE #セミナー #副業主婦 https://t.co/pEc60ap5Le,0
仕事から帰るまでに雨やんでるといいな〜(´-`),0
酔っ払いナウWWWWWWWWWWWWWWWWWW,0
"自分の瞳がいつもより輝いて見えるみたいな仕上がりで、色はドンと出ないのに不思議と目ヂカラというか目が印象的になる。アンプリチュードの良いとこって写真では全然うまく伝わらないので悩ましいんだけど、可愛いけど知的な女性アナウンサーみたいな雰囲気のメイク(雑な説明)
欲しかった人に届け‼️",0
"名古屋校は
≪最恐モード≫が選択可となりました‼️((ﾟ□ﾟ;))

校内のある場所も呪い（怨念）によって大きく変化しております‼️

名古屋校は、飼沼先生の力によって大きく変化しておりますので是非楽しんでください🧟‍♂️

注意）最恐モードは、指定日のみ選択可となるので名古屋校ツイートを要確認‼️ https://t.co/R9XoNcf1wl",1
何もかも我慢してきた。なのに何故心が痛い…憎い…全て痩せて可愛くなってやる嫌いな奴らに見返してやる。,0
"そういえば！英検1次試験合格してました~！とりあえず一安心💭
そして2次試験の面接憂うつの極み😇",1
ゆうvsしんくん https://t.co/hzy2qrgQuj,1
"アメブロを更新しました。 『うつ病への道②　暗いトンネルの入り口』 #うつ病 #双極性障害
https://t.co/trjDhEtqdk",1
"築地行ってみたいしん🍣
スシローばかりだしん🍣

かなんちゃんに相談するしん🍣 https://t.co/GTzsUis8Ve",1
"狂声さんの恋愛を漢字一文字で表すと

【華】
#あなたの恋愛を漢字一文字で #shindanmaker
https://t.co/sAc4DIuV12

華⁉️ですか🤔",0
バカ喧嘩売ってて草 https://t.co/TQXn7JH5by,0
私がトイレに行く時はギャン泣き高速ハイハイで追いかけてくる(笑)プライバシーなどない😇,0
"こいつはクソ渋かったわ😰
＃ドラゴンボールレジェンズ https://t.co/XT1UIlfASH",0
"サクリファイス 　まふまふ様

歌，MIX　ゆうくん

サクリファイスを歌わせて頂きました！
よかったら聴いてみてください！
フル：https://t.co/5CIQ6LAUaf

#歌い手さんMIX師さん絵師さん動画師さんPさんと繋がりたい
#歌ってみた 
#サクリファイス
#RTいいねお願いします https://t.co/uq4FWpYemb",0
ばちこり元気なので楽しんでゲームしていきたいと思います,1
"おはようございます！
今日をやり過ごせば楽しん休日が待ってます✧*｡(ˊᗜˋ*)✧*｡
なので頑張っていきましょー(≧∇≦)/ https://t.co/V68oypzSKw",1
しんだ,1
"#検算中
ﾔﾋﾟｰ！",0
"科学と田園草矢うつ黒い空洞　#田島健一

草矢うつとは、壊れた現状の復旧を求める側に立つという意思表示である。

原子炉がこわれ泉は星ばかり　健一

ふくざつな塔に雨ふり胸付近　健一

踊るしらうお平熱の大人たち　健一

黒い三月まなざし盾にして帰る　健一

実弾に色あり霧をくだく霧　健一
, https://t.co/C7O5X32pn4",1
あーーー！！！！！！！！！ここ最近ではトップレベルに顔がいい！！！！顔が！！！！良い！！！！！！ https://t.co/1JMXdz3vGY,0
"／
目指せ紅華乙女！
#紅華音楽学校入学試験
＼

受験番号：3877
あなたの点数は【100点】！

https://t.co/zUEhZCDZav
#かげきしょうじょ #2021年放送",1
タスクから😍 https://t.co/7b6ilH5dZ0,0
ほんっとにほんとに、ノーラン監督のバットマン3部作は最高なので、アメコミに興味ない人も映画としてストーリーの完成度の高さを観て楽しんでほしい。,1
きぬは手でXをやってくれます🙅‍♂️ https://t.co/Iiko8nvdJZ,0
＊＊＊【コミックマーケット90】ありがとうございました＊＊＊ - ＊しんらてい＊ブログ https://t.co/2BNZ4ocI8D,1
説明会かなんか終わりぃぃぃぃぃぃ帰宅なう,0
"【高匠（たかしょう）】湯種食パンギフトセット 5点入り 4,000円 

［楽天市場］https://t.co/d29L81OURe

大人気「高匠」の湯種食パンがギフトセットになりました！

食パンに相性ピッタリの
小倉バター、コーヒー、ブレッドナイフ、バターナイフの【5点】セットです♪

#贈り物 #お取り寄せグルメ",1
"私は今回のツアーは諸事情で欠席ですが
明日、明後日ツアー初日行かれるみなさん楽しんできてください！",1
"うーん、何ともいえませんが、別途1,000円取るのであれば、ハイグレードシート搭載車もしくは1人掛けシート搭載車を投入しないかぎり、定着は中々難しいのでは・・・と見ました。

「あさひかわ号」一部を予約制に　バス３社：北海道新聞 どうしん電子版 https://t.co/bMjVl9ZgN5",1
"書きかけて
やめたノートの
弔いだ
開いて閉じて
またねとつぶやく
#短歌",0
"自引き😢😢😢
来てくれてありがとう🌱 https://t.co/ILUVIUyOnx",0
【マンガ】暗殺者である俺のステータスが勇者よりも明らかに強いのだが https://t.co/ANU6oc0YBS をお気に入りしました。 #ニコニコ漫画 #ニコニコ静画,0
"みんなからの匿名質問を募集中！

こんな質問に答えてるよ
● ももちー！げんきですかーーー！…
● いっそころしてください…
● GAMERSなくなっちゃったの…
● ももちあすきー！…
#質問箱 #匿名質問募集中

https://t.co/9PUU7fJoLy",1
"岡山大・山口大・九州ポケサー連盟合同オンライン企画の前夜祭楽しんできました〜
ピクトセンスにて、それ以上でもそれ以下でもない準優勝を3回達成したものの、1度たりとも優勝できなかった帝王👺 https://t.co/MNNOsDSuLb",1
ESMG昼の部楽しんできます〜〜！！！,1
『おはよーはいしん』 - キラキラヒさんがLIVE配信中だよ！みんなで配信を盛り上げよう！ #ミクチャ https://t.co/P0ZAao8mGJ,1
おぉ… https://t.co/aUwlD6RTy3,0
そいや昨日の🐟さんの寿司のやつ可愛すぎん？,0
えふあん決勝は気合いのリアルタイム視聴しよかな,1
"おはようございます😃
無冠の友の皆様配達ご苦労様さまでした。

今日は、家庭訪問をしょう！

寂しい思いをしている人。
行ける所へ。

今日の名字の言✨
広布の現場には「自発の知恵」

現場へ行こう👍",1
日本の緊急事態宣言解除に世界は注目。BBCは他国と比較して緩やかな規制だったにも関わらず短期間で宣言解除に至ったことを驚きの目で報道しています。,0
"今月は283kmでした。レースを入れてのモチベアップと、昼休みランで伸びました♪

いよいよ年の瀬、、いやレースが近づいて来ましたが、楽しんで臨みたいと思います。スタートからペーサーが後ろにいてもいいですよね？(笑)自分のペースでPB狙います♪ https://t.co/CYbR3bgTK6",1
"早速、橋本祥平さんが配信でおっしゃっていた、オロポとやらを飲んでみた。美味い。これで整ったはず。

#オロポ
#サウナ
#ツイスパTV https://t.co/743R7rZquw",0
"みんなからの匿名質問を募集中！

こんな質問に答えてるよ
● おれおぼえてる？…
● みやぞん君の中での今年の流行語…
● なんかいたいと思ったらしょうご…
● 好きな人いる？…
#質問箱 #匿名質問募集中

https://t.co/bB2WKZqQUK",1
"みんなからの匿名質問を募集中！

こんな質問に答えてるよ
● 最近付き合い始めました！
オス…
● とても可愛いです。お付き合いさ…
● 一番好きなアニメはなんでしょう…
● 痩せる気ないの？…
#質問箱 #匿名質問募集中

https://t.co/PE0WfAQGQn",1
オクちゃん人口減った？出会えない…,0
